# sid, x, y, z, r
0, -8.1998279621911205, 6.0020834035133328, 0.3464770984806494, 0.4350143355631094
1, -8.1994590418182938, -5.4131983705881348, -9.9662864850992268, 0.4781789821002205
2, 4.0569722361201377, 5.7703789518424378, -5.5591333958309237, 0.4385024377513937
3, 11.7994987563670932, 6.5095648194431073, 8.0858442357869382, 0.4707029891678376
4, 11.7767927890048174, -3.9887269666647351, -9.9993702859528781, 0.4777475451611865
5, 3.3365478382546496, 6.8079455612222715, -18.9992736471140127, 0.4605139480863132
6, 2.0964106419253659, -6.9948358058945477, 6.0221363063454456, 0.4437838540441073
7, 7.2310054889238575, -4.4135071155733012, -15.1312095802508733, 0.4315837650046481
8, 6.2409999578626918, 8.6160741095446038, -9.9993768386683062, 0.4586755743597986
9, 8.9505003509220753, -0.6941345167460996, -5.9919833855718911, 0.4399150220263409
10, 7.0380307527505277, 5.9156559637473531, -2.9432259322653906, 0.4530983763920170
11, 4.0368489600243214, 9.9995197542846110, -9.9774105063817995, 0.4274777782785378
12, 4.4833491818956253, 3.5650301803388440, -5.3769750853456255, 0.4459461125172069
13, -3.0700318800724054, 5.0417075305278942, -15.5955409652466059, 0.4197385616225981
14, 11.1964490160042800, 0.1682635278420935, -5.9974383181356838, 0.4593203618398004
15, 11.7837916093596888, 1.1743143592586889, -9.9994770988324788, 0.4674589717203224
16, 11.7996594814454223, -4.6666326687762272, -4.8729938745655241, 0.4658095092991044
17, -3.1927478027844081, 2.1488677888774390, -5.6265048741425385, 0.4400792761930251
18, -6.9303058643580213, 4.0629071292727108, -4.4233122628606152, 0.4477155408222264
19, 11.0597144483650194, 9.2907689507705502, 9.9993670318999630, 0.4479011356300969
20, -5.1996758006295503, -0.1291574946761722, -16.2774074158952544, 0.4534225249740402
21, -2.0987954706719520, 5.8230717522371922, 17.0777741176662872, 0.4369480768366458
22, 7.7874391814509023, 2.4895654270550538, -5.4553596350106384, 0.4584870235273078
23, -2.7109915337033663, -9.9996636356008004, 5.8168545760145625, 0.4521605304569525
24, -4.2309860925081146, 9.9995911676237412, 6.1577047058734937, 0.4404608601144950
25, 10.9343645483822431, 9.9994049030320014, -2.3502422706512149, 0.4824050865360867
26, 1.8029881848576477, 6.9992111566148436, -18.3307599576389570, 0.4267584182664186
27, 11.7995612440844493, -1.0998915816256332, 8.7333904951243948, 0.4399545710396321
28, 0.7258006984781430, 6.9409742397953327, 11.2730974180132648, 0.4254904984504814
29, -2.9160737669414472, 5.1804965814843102, 10.6866876820716747, 0.4398688991094296
30, 11.7994513979953091, 9.9759386250984861, 8.7587505872292244, 0.4540278295481832
31, 8.7954550089069610, 9.9995669669777918, -2.8839804425539675, 0.4685055537757474
32, -6.9296385312331230, 6.7678755147311156, -9.9993515503799539, 0.4493751644418525
33, -3.9929691492866914, -3.9305040210863238, -10.8517010811336583, 0.4741358727903687
34, 5.1698285539932849, 6.1379751226230486, -17.7685314102386016, 0.4446614946195018
35, -6.8859788013861705, -9.9995798526996147, -1.9182818835856801, 0.4540747401144611
36, 6.4149385280893627, 2.0537428242917932, 5.6707294290723489, 0.4380873074870817
37, -8.1756043077592206, -9.9995491233168199, 7.4283174062732114, 0.4496911088638592
38, -3.4516279659057427, 7.6678167474024654, 2.9075458819422830, 0.4440783472577486
39, 11.1663505175129423, -3.0148190564657842, -5.2232388190134724, 0.4286689099730411
40, 6.6096658745953887, 4.0581895586648100, 18.9996704204594842, 0.4464319567282633
41, -6.8456573117983641, -6.6303398095189250, -9.9995293087479400, 0.4484850181245275
42, -2.4455780092800179, -1.8921029610983613, 5.7133935493052919, 0.4322985071576702
43, 7.9847089449348383, 1.8038504121226668, 18.9998853412479249, 0.4126985494388087
44, 1.8134228965410746, -5.7056492880498499, 6.0102847434303133, 0.4371853615612917
45, -8.1995323847280144, 1.4763376633344147, -5.8382357855196423, 0.4549044513518020
46, -4.3351645810241832, 4.7004390677214376, -9.9997782620362372, 0.4471523224751719
47, 6.2008396255056333, 1.0427688179922661, 18.9999606674003694, 0.4461301347662052
48, 6.9437517891312490, -2.6685894135148578, 18.9999887592244789, 0.4621410619430317
49, -1.9915826306852797, 9.9994861375924913, -9.3336743311658008, 0.4447723629084843
50, 2.9459189257238392, -6.9078258438219979, -16.6287997597255242, 0.4128727165533781
51, -1.1194087495806937, 6.3652259700961933, 17.7034382085709971, 0.4269923759116260
52, -3.1212968578779523, -9.9996667298994986, 5.3351185224823157, 0.4643890377909876
53, 11.7996395903476223, 9.9646692466655260, 4.1571416429359305, 0.4871460597850454
54, -1.1055333119590112, 6.3700770101053141, 16.4147970965705241, 0.4325351967735740
55, -5.1992398232341861, -0.1065983304386575, -15.5178515614513302, 0.4550927047948219
56, 8.8047229457125855, 0.2266438249325132, 17.2179739160403500, 0.4321806828830618
57, 6.9881815259789120, -4.7049671635979911, -11.2874372986744920, 0.4237411965177547
58, 0.6595643947090852, 4.4944418635194339, 5.9265325325363003, 0.4562217015599987
59, 3.9062127523031198, -6.6729680582008237, 15.2991953967703811, 0.4611445532836309
60, -1.0043453742703452, -8.8902601049080534, 5.3014648042799584, 0.4527029178152106
61, -6.9411091525007116, 9.9995279219178563, 7.2450405389695645, 0.4678311439709723
62, 11.7994830590463220, 6.8772184557813754, 8.6442601080005552, 0.4707029891678361
63, -6.1966963229637999, 6.7286651125989829, -9.9993838122995378, 0.4331040625408002
64, 3.5784390898094731, 9.9994908000332625, 9.3163810620276557, 0.4508147431992313
65, -4.9561918134590366, -8.0345923615430159, 9.9994618795263293, 0.4574693433797524
66, 8.4633951705957937, -9.9996864629319742, -4.2806089809467238, 0.4279518208193043
67, -3.4401664477649514, -4.6383313773824133, 17.7191664457926734, 0.4346607856290886
68, 9.6124080941083427, -6.4421192741437512, -9.9994125343249998, 0.4222370472064040
69, -1.6274194756387963, 9.9995663303995226, 7.9835300484385883, 0.4476680117677071
70, -5.2020733028897332, 0.3392706526437779, -10.6385958188025214, 0.4118686662945622
71, -3.0383875521777570, -5.0821574819516728, -11.9940664351254558, 0.4354426539104788
72, 1.8200375280553249, -9.9994195744645964, -7.6117530591461842, 0.4701679244640412
73, -5.1293534026757328, -0.9894618308273095, 13.9375023523176349, 0.4360671429329915
74, 9.3423713144668135, -9.9995477320155217, 1.4842031424289801, 0.4340227708564920
75, 6.0681363704971263, 5.5810598737573498, 10.0000300996364402, 0.4239741925587731
76, -8.1995571664193214, 9.9741613866612546, -3.4175695376366382, 0.4479664575056254
77, -5.0609522611376860, 1.3000304071391102, -5.8552086540800206, 0.4447299863085549
78, -2.0793927183453143, 9.9994908545711141, 9.9762791379372366, 0.4287357659936430
79, -5.1966885505694149, -0.1494522216037786, -13.8339927076232136, 0.4765445441643116
80, 2.9671575096809395, -3.0053164462278077, -5.8837646621409050, 0.4628753012118639
81, 7.3604969476660012, 1.3236716734729503, -5.8487294457310020, 0.4386858925378196
82, -1.4386460776765457, 6.2150347965240700, 18.3322556660854872, 0.4393289807671346
83, -5.5584025953614020, -9.9996226425437893, 4.4970235089491402, 0.4506543192503467
84, 0.0504491018032344, -7.3326753647530616, -5.7356687072854555, 0.4616538493575276
85, 11.7996266024020517, -6.1843941059543859, 9.9746178218946717, 0.4542578403553442
86, -3.4918043640674834, -4.5842607844609429, 14.8089792597878454, 0.4367367637487536
87, -8.1994989316610418, 5.9357700840070038, 6.9976516185877671, 0.4539367503943603
88, -0.8176387525518826, 1.3230066555146298, -5.8489773754792473, 0.4222324914292689
89, 11.7994090595779504, -0.4062387105273529, 6.7002711057396080, 0.4504174492068023
90, 5.9560892548034836, 5.6345012464104522, -13.7086499802780857, 0.4419452457693479
91, 8.6895303680861531, -1.2247631600944844, -16.2405359303517827, 0.4306145128826985
92, 11.7994977865417781, 8.2086617749358766, -9.9720277999045095, 0.4554455049067115
93, 11.0660139407452061, -5.8001372409469072, 1.5403115981834388, 0.4432238676604626
94, 3.9593711628029720, 6.6614989298800840, 10.6797782403418005, 0.4394154817559959
95, -8.1995344300643094, 3.7875852647798021, -7.7782020341554858, 0.4473282028302926
96, -8.1994765523369004, 9.9791187188191817, 5.6378312190750934, 0.4496672691359851
97, 5.5291012992109101, -7.4723478179100908, -4.7366615952395108, 0.4318073649819525
98, 3.5449350801810318, -1.7456930037522782, -5.7578473316378034, 0.4519523229545847
99, -8.1994919306055163, 8.6831594578523568, 5.1586199534526829, 0.4413519176213674
100, 11.7996974309453915, -4.6917813617373172, 4.8499779596954511, 0.4527236172810733
101, 2.0459872070369172, 7.0234210537095807, 13.8884529420857543, 0.4291268182092907
102, 3.1919638391927383, -6.8756148676095394, -14.5031320007128013, 0.4288225350886802
103, -6.8712875965613192, -9.9995669410854546, -2.6103194089985964, 0.4642124292093910
104, -3.3743216358438683, -4.7116282248916468, 16.2756974359007707, 0.4382687111224222
105, 8.2051031144288427, -2.8291765853977164, 13.5494590007218694, 0.4723812862256601
106, -2.1129344490722826, 5.8131559152453685, -15.9671582886097134, 0.4213527529714908
107, 6.2125607083223056, 1.8574359151940500, 18.9999020643169843, 0.4471657997263879
108, 0.9581242139838410, 6.9551499760474380, 17.6400252799768467, 0.4607635210647958
109, -8.1995079780645188, -0.7019627823928182, -9.9729621501812478, 0.4303737224869285
110, -4.4541727898175498, 7.9760661296895536, -9.9993848545063884, 0.4378690042957764
111, 6.6902096275078478, -2.9191978590371130, -18.9999010000000013, 0.4216758005752090
112, -8.1995779546903034, -6.0583436352812479, -4.1775108884137016, 0.4460250482487236
113, 5.0221342980828885, 7.6708303472645056, 5.0568484899024755, 0.4158352037697993
114, 7.8540889277532155, 5.3538697650588487, 2.7120816279854747, 0.4903787814273623
115, 5.4706613404296931, 2.0107865115225749, 18.9998963264631939, 0.4428367814136918
116, 9.2045107480936412, 1.7579424758313391, 5.7462294272824153, 0.4428936222195639
117, -2.6466545487390198, 2.0009668809032619, -18.9998246161736866, 0.4404213518515107
118, 11.7995605723302734, 6.3643331298886627, 9.9727623234224918, 0.4531045752632742
119, -8.1994755650052742, -6.5222585994230577, -7.5843901753109035, 0.4287180455462987
120, -1.4944649085166655, 6.1528730081988892, -18.9998952737237090, 0.4815027816349230
121, -6.2850350926447476, 0.1031669945449485, -5.9941190613666642, 0.4483411748922650
122, -6.8230843865128294, -1.4211838882587446, 5.8238393332038987, 0.4418924682048569
123, -8.1801479599243976, 3.7795972218311831, 4.6844834135332478, 0.4271707458347453
124, 11.7995554243217313, -2.0928617409183441, -5.6615575146999753, 0.4445443647959111
125, 4.1497837909714939, 3.8456276991061427, -18.9998306756224551, 0.4769263810966985
126, -3.0446706087297279, -3.0537262468688575, -5.1818178086695097, 0.4576413609355823
127, 11.7994809662113411, 7.5809088843412091, -2.4612503214686150, 0.4715636070981253
128, 6.7220133514398377, -4.1692836794324206, -4.3371471907586319, 0.4283421535651353
129, -5.8084730665783519, -4.4032875540796566, -9.9996945112848969, 0.4311215845809024
130, 1.1447745634841076, 1.9564800875448169, -5.9608725203274355, 0.4560784590630328
131, -6.2680603743281980, 3.1700603847939490, -5.1065225099820406, 0.4753583097121468
132, 8.6009740907806496, -5.9355787122540402, 9.9995031908628587, 0.4455062802729682
133, 8.8992659938577621, -9.3939271054589213, -9.9993823298817901, 0.4155708896158068
134, 6.1836556548576045, -5.4703835497827020, -12.1329485318710120, 0.4728631081762180
135, -5.0735327921738254, 1.3272741871347036, -14.5494333320878599, 0.4635998167247877
136, -8.1995477583924128, -7.7599941468647646, -2.1229484481818117, 0.4630500358524083
137, -2.0669287377668510, -5.8463615657611072, 17.6872341830924924, 0.4573644955098399
138, 6.6454921503213020, -4.8310334344294947, 3.5928462018716729, 0.4530232848601274
139, -2.5144273344562427, 9.3269118421433710, -9.9992865473715202, 0.4459434490019589
140, 11.7997589448990574, 1.1437955503960162, 5.9178913763229106, 0.4363617719489662
141, -5.4138140046339469, 6.7562630085082089, -9.9994219986402761, 0.4461297017316049
142, -1.3957578960952315, 6.2441805120578788, 11.3000006708331924, 0.4309504600629932
143, 8.0910050145470294, -9.9995462894785732, 1.8992182754034161, 0.4315047917069673
144, 9.2562775157642072, 3.8038661581752682, -4.6540884095545403, 0.4362778060058117
145, -8.1995418335989374, 8.1748924988680756, -0.1253897812361206, 0.4357838894458378
146, 11.7995780204563090, 3.1286951157981608, 6.6353599114330351, 0.4379941677866204
147, -8.1994831317415819, -8.7075662712891368, -4.8519766564148892, 0.4384268220234957
148, -3.6930036298448239, -1.0660382847000522, -5.9070768454124050, 0.4451129555051359
149, 9.7957139282967152, 2.4356303707847644, 9.9996122135567962, 0.4453822732769866
150, 5.7658520082822280, -5.7662469541087686, -12.6614269283875807, 0.4323561845953767
151, -4.3617807266396937, 0.6166627453999380, 6.0016443445786711, 0.4434528819491927
152, 4.4426269629819037, -6.5104923246067674, 10.0202669778053544, 0.4646990420793708
153, -3.9321975244327936, 9.9995087347214877, 8.1195672823872123, 0.4782092423060180
154, 11.7727975339731099, 7.0960705598047511, -9.9993781582693781, 0.4675945285722978
155, -8.1995253538182364, 7.4536550930394689, 2.4059976535416352, 0.4465954493675851
156, 11.7995000000000001, -1.9867250210946521, -7.0398583818072789, 0.4255164946560560
157, 11.7995264843395038, -4.3486882384490153, 5.9779714771514101, 0.4430875039711622
158, 0.6669147163032800, -4.2339591060123363, -19.0000000000000000, 0.4552220191601237
159, 7.8216707727956232, 3.5655705305008434, 16.2719954191578928, 0.4467500637897075
160, 11.7994999999999983, 8.7756679019301398, 3.0979259159736849, 0.4375146241381498
161, -0.0591352758196444, -6.7492176825932466, 15.9715096075310043, 0.4423296630482135
162, 8.5534845872989163, -1.8713485565068859, -17.5760511971608757, 0.4445146695638929
163, 7.0860684503671143, -4.5887275366643063, -16.5644339492929014, 0.4231437628527455
164, -3.9262206315259429, 4.0287495669611086, 17.8026925603291843, 0.4462101082086179
165, -6.7731288141800565, 0.4086830853400445, -9.9996651354925845, 0.4698659071228143
166, 0.0669608746342361, -6.7800050005340031, 15.2470597013745710, 0.4423296630482115
167, -4.9776834410018980, -9.9745857139686329, 9.9994884115020266, 0.4722302908125567
168, -1.6227055235364625, 6.1064787784793539, -17.1667095016528215, 0.4259217905993397
169, 2.9063437290683845, -6.8790744863539546, 18.9993685092455991, 0.4354754588012446
170, -4.5162872002467989, 9.3699970730736837, -9.9993505496345723, 0.4247702743471012
171, -0.3973387619013014, -5.2309003427748184, 18.9999212139496336, 0.4268189803587311
172, 9.2052280201265813, -0.4579798942131025, 6.0011209584991718, 0.4375051741290644
173, -6.3051139399757146, -9.9736097765762306, 9.9995335402808987, 0.4443361717970781
174, -6.9561280442164781, 8.1433557622377730, 9.9995231083895941, 0.4605530431467690
175, -8.1995566779588014, 7.6418619691773211, -4.2571367649758169, 0.4563439394876099
176, 3.0207059900986715, -5.0344247704353187, -18.9999674149921596, 0.4196622875757549
177, 5.6067034224919672, 5.8729353033338656, 13.0034633711709606, 0.4604487598180600
178, -8.1994938536358717, 6.6686098865181780, 9.9773189262859887, 0.4373160528508258
179, 0.8196314825704748, -9.9995955310651681, 8.1455770257371984, 0.4417722208505459
180, 10.4809915788027936, -1.8302193639342761, 5.7429844480785093, 0.4296435943649546
181, -6.4087121603507384, -9.9994052539048006, -7.6984726986770733, 0.4296842051353978
182, -1.6732508184909751, 9.9995299370624355, -8.5778095283231863, 0.4447723629084791
183, 5.5360361789955261, 5.9244295724331995, -15.4720982783374676, 0.4218697189820493
184, -3.3957345335035782, -4.6891919516431821, -17.6643163675104446, 0.4436392384719651
185, -7.6104637300606877, -7.2459983483330950, 9.9993669050286691, 0.4595075989282359
186, 1.5985029145571250, 0.2110607413044552, 5.9952132532485933, 0.4510109229230986
187, 0.3309634644232382, -4.7976530076505792, -18.9999763712752809, 0.4603638937107719
188, 0.5311893225608968, 6.8859903965866103, -10.0241175635430970, 0.4317314505934341
189, 11.7995167053450878, -1.2669135759916632, 5.8921976681298549, 0.4521327745563900
190, 8.8006785343860887, 0.4121692433802175, 15.1248790912980962, 0.4294792389174626
191, 4.0707914180839015, -2.3230288478206611, 5.5581395452877622, 0.4400277396255792
192, -1.2054336069005718, 2.9885568590500045, -5.2086975511636160, 0.4439410206671041
193, 8.4956195459848853, -9.9995573918017424, -0.2586846543661268, 0.4326624503749554
194, -8.1995027543970789, -6.5167509961285148, 1.4200328750358515, 0.4460202133696097
195, 7.4184981354054145, -8.7770298265319386, 2.1209167158115663, 0.4570484742261434
196, -6.8851504221999491, -0.7580095018427681, 5.9795445458352514, 0.4375288577846670
197, -2.8067756528553534, 4.6397407994771669, -3.8491766956687528, 0.4382854223874298
198, -5.4913810857191514, -4.6284939424704792, -3.8426791117889203, 0.4733090313720378
199, -0.2065928759826863, 9.9754929362860967, -9.9993532314464169, 0.4315804199875584
200, 1.2892571579645085, -3.2957362109816239, 19.0000413953137013, 0.4292853087031601
201, 6.1248144032232057, 5.5232770737613404, 12.6839469676654435, 0.4471319421335932
202, -0.9231098036762913, -6.4420709382033481, 10.0250014958072100, 0.4535551399929211
203, -4.1546476496109657, -5.9281272452357214, -0.9252141137159027, 0.4541657803855003
204, 6.0993903976649442, 5.5413173737654322, 14.1524220608769298, 0.4450951490523907
205, 10.5776583381223048, -5.7768203210862517, -1.6646933171360381, 0.4283161325711913
206, -2.9353445316688469, -4.7307383545678867, 3.7248226958675583, 0.4452116662387218
207, -5.6064132804522071, 2.6012085136568746, 5.4056599532590370, 0.4363488449724900
208, 2.7741186836531941, -8.7572891413239482, 9.9995810221759385, 0.4603208760661830
209, 11.7991247973434348, -5.1756811779608221, 3.1251088580774535, 0.4319620459618041
210, -8.1992181921397442, -4.5424909022884643, -3.9888335861504047, 0.4527957818715564
211, 10.3401693664913417, -9.9994929110516413, -0.5402464535922030, 0.4500912394269839
212, 2.2121881689751848, 9.3712329199672784, -6.0013048680748247, 0.5042457681907764
213, 11.7795796886809896, 1.6910301545194562, 9.9994705313537349, 0.4485468742689976
214, 8.6813373219818555, -1.2835230059184928, -13.1330032839608908, 0.4371081920208187
215, 4.2656409996495626, -9.9994349009606935, -9.9741581869167319, 0.4582451608383901
216, 2.6254479385661589, 6.9709609137657287, 9.9998838625935313, 0.4359683424326982
217, 8.6261719051076220, 4.0604159812365035, -4.4322827131184832, 0.4365541786904076
218, 8.8025119372403360, -0.4787639698546282, 11.2874962606832163, 0.4592168880657889
219, 5.1410934182715877, 6.1524632165609097, 17.1467459006722329, 0.4253677223770988
220, 11.7994000000000003, 8.6400470726133207, -7.0013830580591963, 0.4408853604094675
221, 11.0637308685724687, -9.9992277339831830, -7.2229456382271717, 0.4346855013454913
222, 0.9132014929468456, 6.9607509810255070, 16.7809450656311512, 0.4558635351181869
223, 7.7037135260528080, 9.3078058653490565, -1.0528586123152708, 0.4613407440386442
224, -4.7524286353384779, -2.4830673784838386, -14.4363068363647873, 0.4483839401616546
225, -5.1735064372225050, 0.6911247709417397, 17.7990640515550957, 0.4356946218177818
226, 3.2327350564698167, 9.9990017796979167, -5.8750699283969130, 0.4401855988311849
227, 3.4115771976595068, 6.8250913400786306, -18.3203253453216099, 0.4817452453469502
228, -3.8853876344541303, -4.7530010474826110, -3.6741563470793346, 0.4660705970938405
229, 4.9564582942582094, -6.9945735980126820, 9.9996726715424860, 0.4332215855205550
230, -8.1995313765013016, -9.3329142663773244, 7.5402223238715571, 0.4496911088638618
231, -0.0306557046449735, -1.9747979443733843, -5.7246963953596595, 0.4282543643710270
232, -8.1994860024349396, -4.1970933847813132, -8.8271024918436929, 0.4176929176982836
233, 11.0667417543200663, -4.5153804826919473, 9.9993821000054997, 0.4439116536684605
234, 3.9173343144034516, -7.1042976157780533, 5.6150840899380947, 0.4218187143522474
235, 11.1291811433809205, -1.0856108321290052, -5.9017813882196490, 0.4428824861304159
236, -8.1995120271047224, 9.2654887135293027, 2.7703567630207120, 0.4488993514531682
237, 0.7102665249059790, -6.9427484053660988, -17.7720752353917320, 0.4438718987176636
238, -3.9843690175987172, 3.9386054280447582, 12.4850412505804655, 0.4620268559616745
239, 0.4260989686979114, 9.9774071324715354, 5.8682968064983703, 0.4232143465180809
240, -8.1995268020063623, 1.1142845152608472, 8.6183605596412072, 0.4406280025051173
241, -6.9306309191318309, -0.8245599328984592, -5.9649376826523470, 0.4320067710872118
242, 6.3164238388623106, -5.3559413303851207, 11.8167144070839694, 0.4369905168007391
243, 3.6992268504342487, -1.8841523050857232, -19.0000989999999987, 0.4254994032104828
244, -8.1994373259204334, -7.7164337352812797, 8.5769337321747052, 0.4598660427201933
245, 7.0468708881601865, 8.7497220781667693, 2.9081321710832877, 0.4397229052151759
246, 2.8908951124837992, -2.2461527830187484, 19.0000989999999952, 0.4489484522856547
247, -0.6058855810414489, -2.7167927544559607, -19.0000464178890880, 0.4654206961001970
248, 5.5272507812009062, 5.9370467656855057, -10.6647330607810353, 0.4596758317310609
249, -8.1995478615327819, -0.3730620100025200, 7.3757605932756185, 0.4462353427863404
250, 9.9068969078825777, -4.6739695247113850, -9.9994404306162092, 0.4351883543114233
251, -6.4012381549180777, -0.8776000473397116, -9.9997096745428760, 0.4327585604765301
252, 6.8073902091136000, -2.5512884928853996, 5.4248928397858016, 0.4354579860522995
253, 11.7705226395288829, 9.9993024931927472, 6.0736516178031641, 0.4429089983812883
254, -4.6519531034177417, 2.7253757096118911, 17.0735455257888944, 0.4862745114733599
255, -8.1995335181599280, 3.1900629170312951, 7.3147087847108248, 0.4798438841286679
256, 8.4181964520398065, 2.3072160037866833, 10.6842215932954492, 0.4279287048868873
257, -4.8913514820856054, 9.9994821287896798, 2.9838831850548977, 0.4576349120060831
258, 8.8220543069522197, 3.0892612659092573, -9.9997771359958865, 0.4334829349887958
259, 9.1864694562913396, -8.4150344178859182, 9.9993846708904588, 0.4485292073972900
260, 3.7220638993698292, -2.2626929757557166, 19.0000990000000023, 0.4489484522856549
261, 9.1474834457610879, 9.9996201160532774, 5.7288203923945069, 0.4252304990766941
262, 11.7998253790311391, 1.8742643037770739, -5.7488061197960008, 0.4315944557742110
263, 8.7951803491254950, -0.1349239100565460, -13.7505610253292563, 0.4469560550066540
264, 8.5560695747782791, 0.6024747089102294, 5.9951001565150230, 0.4442399603449120
265, 3.6084424176233632, 9.9994869639794786, 7.9806308737558052, 0.4447515381819829
266, 11.7995895204045755, -8.6817829296822975, -1.8096263037482867, 0.4468690169550226
267, -0.4837100661947486, -1.3919227983222549, -19.0000647148756130, 0.4206242244744444
268, -4.1416012036668768, -9.9996034260343567, -1.0559467444592370, 0.4688369690713697
269, 6.9108735051006827, 7.0369637947232393, 3.1450957800497292, 0.4266876533978058
270, 11.7994055522759904, 4.1079351493243408, -4.4062061294960166, 0.4493385134796228
271, 11.7995093985958732, 6.2181771434017170, -9.3334479915233644, 0.4473469339145961
272, 10.3898503284452381, 8.0320361940850127, -9.9994938492428673, 0.4867957668661710
273, -8.1745825892204866, 9.9994748440139141, 4.2528758247257024, 0.4492175592928631
274, -8.1994878162055258, -8.0960399089560067, -5.1626591416120506, 0.4453690949073250
275, -5.6223241526579191, -9.9994948545860431, 6.9715951534259437, 0.4320078636472949
276, 3.8062780698267193, -6.7048331220796298, -14.2303450848699100, 0.4476722103143556
277, -2.7796241760939142, 9.9995250461348668, -9.3543303021878028, 0.4653589051521361
278, -1.7425377271937570, -6.0350752189074042, 18.9745422665020484, 0.4610674850110988
279, -5.0428231294575463, -9.9995996856724556, 3.0347013148645030, 0.4746436864173380
280, -8.1996292248717619, 7.2805946368012764, -3.0823933973724262, 0.4632162671382993
281, 6.4617525551927031, -8.7907303490923105, -3.7862374980176039, 0.4331994452706369
282, 4.6546681558533303, 0.9825993767220904, 5.9311931871905799, 0.4507051634564362
283, 2.6641450242082221, 6.9440039897497119, 14.2273899034050526, 0.4222409418555902
284, 6.9612587899368634, 9.9996673843441783, -6.0788809013373104, 0.4485023015157778
285, -8.1995641566326274, -2.1740873034090145, -6.2960355968865294, 0.4783463880144986
286, -8.1995426812086816, 2.8676147054916510, 8.0541475377477951, 0.4411267738066384
287, -8.1995546192653848, -7.4579947682162651, -2.8036590688294525, 0.4668985454452410
288, -4.0805504563604593, 3.7992412525177013, -11.4050966246853474, 0.4468035445207766
289, -4.4742904383360678, -8.1436917278664946, -9.9994618425611250, 0.4245264554421285
290, 11.7769431304632750, 9.9991120315666215, -6.4668590209554146, 0.4349840091072294
291, -8.1997195903319167, 6.1286497938170541, -2.7077028141879484, 0.4407078599978911
292, -6.7590063339084425, 4.8166223150491998, 3.5762095915704815, 0.4500551546680665
293, 7.6426629319251349, 7.1662698853151747, -1.4180466401217384, 0.4551603151367165
294, 1.5790296782552637, 6.4175991461235071, 18.9997211345475314, 0.4260027268381587
295, 1.9745079332613151, -6.4290282353994401, -18.9997946339088344, 0.4175751752606022
296, 6.0024854897944930, 1.4720933076048339, -5.8109095791275172, 0.4400513244776597
297, 0.0320964387156432, 6.7788564890438998, -10.6730177808188067, 0.4343756833944705
298, -4.2958361293455249, -5.4356887835702512, -2.5566004795038610, 0.4377354338138722
299, 5.1447626451401467, -6.1540377076372197, -12.4719350930957145, 0.4458492693329334
300, 11.7995000000000001, 6.3871096457002103, 3.9521916979918870, 0.4537949166726078
301, 4.7588305058342648, -6.3436541621472564, -15.8626846928185614, 0.4227069021910252
302, -0.4984992834942120, 6.6189443835601347, -13.2703451288887120, 0.4442494217510275
303, -3.1827399578357309, 9.9995882538735703, 7.1162021629886638, 0.4508247906920513
304, 5.3747228663660085, 8.6394982693946076, -4.8337399512811361, 0.4438558600804590
305, -0.5940381370892244, 9.3930781737713094, 5.5155594611271290, 0.4741265120124115
306, 8.8650904878381400, -9.9993382672021216, -9.3514964524053550, 0.4315305862138312
307, 2.1116801712164830, -2.1426596012143007, 19.0000989999999987, 0.4373568502218107
308, 11.7994751903792316, -9.9782684940226289, -7.5295303959712196, 0.4666160219217249
309, 11.7996979404351769, -9.9747985984352656, 3.1226443339249457, 0.4717711813597186
310, 7.7981799363277222, 6.0235676676741710, -0.0160150307742110, 0.4491222978987318
311, -8.1793629930373140, -5.8021352451129626, -1.5423606028748598, 0.4483613171687589
312, 2.6220800201977532, -8.1709323711187931, 5.9423266887274435, 0.4551699362445588
313, 10.5179439311369709, -4.8167866592495603, -3.5854012420738055, 0.4221784687449504
314, 11.7728942972143571, 9.9991874461931864, -0.7886044304624014, 0.4598227560379948
315, 5.8301315185602824, 9.9994764671729701, 9.2493186335571487, 0.4728287415439217
316, 2.7086541471633532, -4.6984878856471717, 19.0000013116573072, 0.4457913100631911
317, 9.3719062791239214, 0.2612559847514170, -9.9999175992210549, 0.4534674704413972
318, 8.7753483760617801, 0.8234964750443274, -14.7034019793172366, 0.4353482716072702
319, 11.1412939789137582, -2.2994592952484934, 9.9994845827791661, 0.4371691280019938
320, -5.4855074775375394, 9.9994286964119219, 8.6545813784455934, 0.4535005205784550
321, -1.1235651232279027, -6.3652958821660297, -18.3311445619402029, 0.4385838640149474
322, -0.9827640123673063, 6.4202509159980767, 13.2143609899535814, 0.4308496742431783
323, 8.3184909192183003, 2.5432403052784136, -11.1704228281817493, 0.4607895254728592
324, 6.7117870837916911, -4.9892041948890897, 15.6812075800697599, 0.4590908848796277
325, 4.7339695402092268, -5.0056539070092310, 18.9998896587073496, 0.4430325599255261
326, 7.0063903196067390, 5.1841403563639616, -3.0293856535930961, 0.4530983763920174
327, -5.0169029143460557, -1.5809618668705396, 10.5495769646477271, 0.4462519638992152
328, 11.7994752619719883, -9.2934754403396838, 6.8368338684814436, 0.4432371574097968
329, 7.0219096072485039, -9.1777449436583218, 9.9995090125152828, 0.4686386799581659
330, 3.2969775120076839, 6.8542956020370651, 15.9154451317934438, 0.4451290343935329
331, -2.2470731518610076, -9.9798952885374561, 4.4296076440399617, 0.4862383713067887
332, 1.8418850674494354, -9.3649512707862179, -6.0096877771178168, 0.4611790367479378
333, 11.7993780782187194, -7.4672431089364544, 8.5450376314473591, 0.4557828201701478
334, -8.1995153693292693, -4.3592098228340070, 9.2984822496612995, 0.4496529307821719
335, -4.7835806220487642, 2.3861030832664407, -16.2282091007960076, 0.4510389991389224
336, -1.2222049740784826, -9.9995215605768326, 8.4945065914904614, 0.4623119576087815
337, -4.2992388003786095, -3.4344989727693971, -18.9992439889372093, 0.4583346864661684
338, 5.4544772710849871, 2.7791180029646685, -5.3077079832857903, 0.4262587039343366
339, -5.0837962000612400, 1.2767846500182565, 10.6313273724602890, 0.4295387305794037
340, 9.0964115568966672, -9.9994931387081039, -6.7790682206439001, 0.4311685292586928
341, 6.6823822814715452, 9.9995312858978398, -9.2364937896771782, 0.4719313400308998
342, 9.2095540983950599, 5.0336257344249526, -9.9995824606682859, 0.4510239036806647
343, 2.8784164922397060, -9.9823274401802049, -5.9069944336703486, 0.4472521308114243
344, -4.8069922804463241, 5.1497633310674793, -3.0969060147978338, 0.4756180259628753
345, -8.1992563671625316, 9.9767881673535364, -7.9826463116618260, 0.4368677419339891
346, -2.1828919287603967, 7.5049470176838131, -4.4971041844752619, 0.4404234930982970
347, -0.6120293506967089, 6.5764221584807681, -16.4737795483883893, 0.4223701371365209
348, -2.0526921745185596, -5.8468257341263312, -12.3196810417491083, 0.4563784467501727
349, 7.7316157167865320, 9.9995338870543442, -9.9788734054091410, 0.4485770147906120
350, 8.5717161273387603, -9.9996287601082656, 4.2911941323315581, 0.4389814343456493
351, 11.7994999999999983, 5.0918973932622800, 7.5375514724061254, 0.4457287204689258
352, 6.3444045827196733, -8.5265244471766941, 3.9435202423705431, 0.4512180549568030
353, 9.8752274655877716, -1.6742927101071057, -9.9996537314162666, 0.4397786610731144
354, -5.1346225914468029, -0.9445065188609653, 12.7213198609011915, 0.4537007244936052
355, -5.2028745918004073, 0.0082074437627573, 18.1687449160604757, 0.4624127803168869
356, 3.9823409094015547, -7.4008388115543129, -9.9997755371431261, 0.4665876227514159
357, 6.6683124869585386, 4.1243324812123365, -4.3785045780745193, 0.4392942443983083
358, -3.3067031397402542, 0.2454006685352255, 18.9998046233036604, 0.4524545657519528
359, 11.1119057959219827, -9.9994056057053111, 7.5084183873951584, 0.4475087862085079
360, -4.1299519758658416, 9.9994699377786507, 8.7597240348106507, 0.4603901089532361
361, 7.1502585614267788, -4.5156574402619958, 11.1522799117710161, 0.4530327937689308
362, 8.4539502404589264, -2.2167613823694041, -16.8211924584571477, 0.4327277103622607
363, 3.5516155205616036, -6.7898815323154142, 18.9763488529557591, 0.4354754588012436
364, 0.3606286417501977, -6.8771526515733088, -9.9998999442968906, 0.4429339051008466
365, -1.3740326801740632, 6.2559343130951657, -13.9965824400663230, 0.4379322031745202
366, 7.2068320114216942, -9.9993890775905001, -9.9723853780110687, 0.4507652487206186
367, 9.5982538699595512, 9.9993975928540664, 9.3567077835289147, 0.4273621538581290
368, 7.1730207964667692, -7.6360171014193465, 2.6652030892661194, 0.4890130842991718
369, 11.0958011954587565, -4.9255349071014463, 3.4272775952707240, 0.4514837722261000
370, -3.8035272121180124, 9.9995401019585586, -7.0080225509762410, 0.4296368350333267
371, 4.8623922340980119, -6.2975622436208099, 18.9779340749611833, 0.4571370439220273
372, -5.1856728885275336, -0.6463388720211179, -15.1135003098500764, 0.4527713111463889
373, 2.2755023638301002, -6.9894080210388436, 11.3020021332212224, 0.4349851781264940
374, -7.4814070850689935, -9.9995221245168384, 1.2906021726846948, 0.4385943662268124
375, 3.4603651213489224, 6.8215287709140275, 17.3387494517252385, 0.4580782892054957
376, 5.0367784010397614, -7.0698675963528155, -5.0499463234133142, 0.4745657729644996
377, 0.5725529050236065, -2.0877525794486034, -19.0000965744004127, 0.4404539458117522
378, 8.5242341858450477, -9.9993296203283766, -9.9757048407674382, 0.4277037336967476
379, -8.1995569730508784, -4.9999479779580218, 6.6436679410821666, 0.4421107500854511
380, -5.7351560965781028, 0.9907211964754830, 5.9197497319842789, 0.4428806635031466
381, 11.7793105195499788, 9.9988902461784850, -7.8950630392435697, 0.4464934571077992
382, 3.5074624716105118, 9.9996005542783681, -8.1764341073809348, 0.4370883682057585
383, -8.1994338994000167, -9.2780913921075356, -6.0416472054935753, 0.4782543283066041
384, 4.0260569878045702, -3.9634510125952342, -5.5736054545022116, 0.4442985520160178
385, -4.8583538874186187, -2.1529521135183680, -13.7839745066072030, 0.4397741969627712
386, 0.4867434824452198, -6.8908324663478639, 18.3614600732488746, 0.4743234886551245
387, 8.1905086821263051, 2.8487863995637972, -18.9761356126781600, 0.4505783830914779
388, -8.1995408537957459, -7.4252820425927641, 5.8195668453575822, 0.4499632700656254
389, -3.0120219223610469, 8.1672682783534913, -3.6015592353446286, 0.4835302155969047
390, 11.7993310243924618, -8.1282692925552507, 8.5546942448399736, 0.4533219280729803
391, 11.7996441293325933, -4.2851536609585068, -9.3326365354846406, 0.4332272374370422
392, 0.5228172838782594, 8.6231663038316473, -9.9995605763650879, 0.4528112032550322
393, -7.5003167117585789, 9.9996145970366577, 5.9792622414434273, 0.4414139275127211
394, -0.8102831739253826, -6.4916674374460372, -12.2700997856183172, 0.4482186377771581
395, 11.0543088829519416, 6.2204376181737198, -9.9993126432233268, 0.4522433592399985
396, 6.3322621128697572, 5.3386297847393172, 10.6909595025593269, 0.4368571592648024
397, -7.4649422921049222, -5.8828023078928284, 9.9994256364454586, 0.4677642446416068
398, 8.1986812895285990, -9.9996374059495050, 6.0797684698249581, 0.4336753203812739
399, -6.1706848504458112, 4.7622633286048472, -3.6542431847540677, 0.4388683134060340
400, 0.6857581366898867, -0.9457155709107226, -19.0000990000000023, 0.4245764153272272
401, -3.6903003360494981, -9.9990236383751672, 2.4699340590389816, 0.4615663962377408
402, 5.0994935711986731, -1.5883106160727190, 5.7821342373405367, 0.4389163361315645
403, 11.7996461190678641, -9.3605602668698413, 2.5028943438868900, 0.4611240515724463
404, -1.4375005047771821, 9.9990618472162627, 5.0614168788507978, 0.4513299947101264
405, 11.7995874115470425, -2.4570896164960083, 8.6706565122195247, 0.4535017765547344
406, -6.8621879087441160, 9.9995801813207077, 6.4386236265519114, 0.4437043247860114
407, 0.1650814579132123, -5.5793110188495563, 18.9998326277455760, 0.4230644490233920
408, 0.4198703334278953, -4.2128299819098771, 19.0000000000000000, 0.4319464962373085
409, 2.0497347278874858, -7.0187951350003717, 15.2738017906201939, 0.4498296830087303
410, -2.1880774515298023, -3.9607430106089168, -18.9997506460203702, 0.4393780384535413
411, -5.1841591367007771, 0.6845730252219020, -16.5478215764266530, 0.4733974480810006
412, -5.4483057661908214, -5.7052479659367066, -1.9598517991933988, 0.4625623882033653
413, 1.3179842920692972, -0.9618652938947773, 5.9837470681772755, 0.4305622568464888
414, 11.7995914917984877, 5.4228592656669452, 8.7337383038758638, 0.4572530486770586
415, 9.6409874834509441, 9.2694922403445332, 9.9994525110437404, 0.4603149821110434
416, 6.3343454392888736, -9.9994761006686588, -8.5940939374338683, 0.4421001888301004
417, -2.2559137983369619, -0.6781785806888663, 5.9969419475867651, 0.4426700312913880
418, 6.3252175354584308, 6.3068916147463812, -9.9996383561359909, 0.4389337387546883
419, -6.9363957286367013, -2.4723334226093763, 9.9996126980987814, 0.4247674546873911
420, -8.1995151785711577, -2.5551803484406581, 9.9795100705605879, 0.4309697458726255
421, 5.1198758972556240, 5.3974843109850319, -18.9999010000000013, 0.4444442031762835
422, -5.1437184620806082, -0.9519913765934460, 10.7859929005305215, 0.4719630092265494
423, 8.2996372696592609, -2.5946603111323805, -12.7130945801793107, 0.4509260399179626
424, 0.8734314794409794, 2.7623178866308487, 19.0000859570040745, 0.4184092541470188
425, -3.1623997100009320, 9.9994934437826917, -3.4159049825957588, 0.4388260033423994
426, 4.4406613056337783, -9.9995496169960454, -7.8561325668530229, 0.4654128367796265
427, -5.9707099459325708, 5.9185661589469216, 1.0409624896067875, 0.4870239699827280
428, -5.6524598298648501, -1.6537743117037875, 9.9997033630364172, 0.4506174591687245
429, -8.1994357342289401, -8.6032343749403815, -6.4345934170879824, 0.4608062928057672
430, -4.0608413274376165, -4.9133328892432564, -9.9999112228781648, 0.4309577924076585
431, 7.1136223214455852, -4.5577805043202524, 17.6616489094689726, 0.4380137847299274
432, 11.0993382860739285, -9.9993977745867380, 8.1394396125927422, 0.4453882116320141
433, 10.5330341525646283, -2.0080189448937773, -9.9995147412101009, 0.4295108231189993
434, 11.2046638886865306, 4.0712193032344439, 9.9993781405067139, 0.4927453626010772
435, -0.6000605572245327, -1.3974911492545459, 19.0000583263640124, 0.4302887067466236
436, 4.4723788547498442, -9.1796612069521011, -5.3988438845582447, 0.4699863141106789
437, -1.9229969015069253, -5.9261493622748160, -13.6527269709193355, 0.4346040099555608
438, 1.5917775722606291, -5.5914578553166061, -5.9959409354842750, 0.4449037637384354
439, 5.0615617506330404, -0.4849239506277371, -19.0000801050800874, 0.4314639904585985
440, -4.1817120515199848, -6.6622631690611058, -0.6584929777218314, 0.4438081919502360
441, -6.3339018193781049, -5.4979518410560155, 2.3907303340399220, 0.4437762896610438
442, 0.3780237273704236, -0.6777068484931115, -5.9901115706580361, 0.4251093941717473
443, 5.6678898863377807, 5.8328567396643098, -13.0203602708822181, 0.4419452457693510
444, -4.1393169960482235, -9.9995562393591548, -6.7299396158102081, 0.4525697042270280
445, 8.6676415374435205, -5.4820336829804424, -2.4400984684927236, 0.4557341680171644
446, 6.9825954678126392, -9.2988102673401833, 3.0549790330838045, 0.4409224201925778
447, -3.7303068812675355, 5.3007739825228049, 9.9998881595157236, 0.4216171369301612
448, 7.5310952384535401, 9.2114664242346933, -1.7783779086851699, 0.4613407440386433
449, 1.1566847394864725, 9.9995061758390005, 9.9803149925360568, 0.4493118406278591
450, -8.1995295201004392, -5.5511212115650546, 4.6973188154194752, 0.4352625362050822
451, 11.2950154622303067, -1.7534892314265078, -5.7582844717506214, 0.4114477402208683
452, 11.2160209699892661, -6.0963427058964434, -9.9993243521629918, 0.4326571030429632
453, 3.2739707427629425, 6.8630160139046286, -16.7418757147820045, 0.4220003879817645
454, -4.7166246972518948, -8.7420237314173512, 9.9994947803076233, 0.4413926850250073
455, 4.0127348996772474, -9.9994591905372925, 9.9704916100635632, 0.4780009503317391
456, -4.1364638894703178, 3.7166612977183169, -16.2948141572607064, 0.4486150873730947
457, -6.1760404239273603, -9.9995659112038915, -5.1936245351065464, 0.4704884666358414
458, 11.7996983288969997, 3.5604216029007487, 4.8490730017307770, 0.4529654404170591
459, -8.1996205496215335, -2.3514604174826386, 6.1774194434640135, 0.4577482831223423
460, -4.4321587750300457, -3.1895382079792731, 18.2784425151433858, 0.4441597668996155
461, -8.1994959481788339, 4.3312955880505779, 9.3172490167340740, 0.4363170015486869
462, 3.7205151938647720, -6.7312488463986879, 11.2656027301761306, 0.4368498827087101
463, -6.0290688776722057, -9.9994368321612743, -7.1801622731052204, 0.4442394245057223
464, 0.1826629715461138, 6.8081475796714290, 15.0386768091296883, 0.4349110663976293
465, 7.6702377869420584, 6.8256949204720669, 9.9995884599951594, 0.4497058731564896
466, 4.6342515756202616, -3.5482197410846905, 5.3096330513259504, 0.4597037029208104
467, -4.1240460442496358, -3.7322725616159151, -10.0241295460466553, 0.4741358727903677
468, -8.1995271818046422, 2.1816192273576265, 9.3296994932796302, 0.4299656596288222
469, 5.1579683353232895, 9.3699452798005023, -9.9994528973074228, 0.4373508799369900
470, 5.6376126738088663, 5.8542668493262013, -14.2955946363719040, 0.4245217102128855
471, 8.5978808355061815, -9.9994229977300328, 8.6528872710422746, 0.4299923533832770
472, 6.2666280904395277, -5.4020821361199705, 12.5397550450045099, 0.4745939113346883
473, 6.5714091500234053, 5.1204117785362682, 15.2362903154554470, 0.4240543722785871
474, 8.8266612266763538, 9.9996189524604517, 4.4585958310729863, 0.4379223502280120
475, -2.3094452343601315, -5.6789522638937679, -18.9607276173559143, 0.4697930095010774
476, 6.0081835259451557, -2.0819379049076838, -5.6615984282194409, 0.4279238855657335
477, 4.3374375392386613, 9.9996917678740420, -6.1649406470733563, 0.4303518195212745
478, -6.2670495356094191, -3.5672539484914072, 9.9996164814069086, 0.4488973321193100
479, -0.4337380803987809, 6.6527448182337263, 16.3672028105439935, 0.4428771623564841
480, 3.2937742743667093, 9.9790525111727995, -9.9994722886150900, 0.4274777782785376
481, 6.1074716523432935, -5.5254644665856185, 18.9775685386612558, 0.4356846732396340
482, 8.8024521968178551, 0.5350635933605823, -11.2569951570921258, 0.4370682796332938
483, 9.9695823043024454, -9.9994972158725730, 3.9420194885479227, 0.4225151633629360
484, 6.2099578384881795, -9.3682026689298024, -4.1032472408070042, 0.4428443013908776
485, 4.4442516423331515, 6.4997422510118250, -16.0532934054983087, 0.4487607189441614
486, -4.0413922823293777, 6.5315103545296918, 1.4049187675654047, 0.4472484927157661
487, 7.7259407766265165, 3.7256730749616866, -15.5631069667969921, 0.4437061736152726
488, 6.1011339868300878, -5.7147650596794728, -4.1704660373402760, 0.4313105105817677
489, 11.7994418725777876, 0.2891840523312873, 6.6863746276753329, 0.4291874532623355
490, -8.1767248717426142, 9.9997385651824402, 6.8806577387288756, 0.4718285631766810
491, -0.5095122053212813, 3.4152364595721205, -19.0000144285805668, 0.4540769586653931
492, 7.4848968386122623, 4.1103020418901277, 17.3523635259388200, 0.4789772092830225
493, -5.5829154926790707, 3.6919025008552055, 4.7358136047831829, 0.4672241750304246
494, -7.4977787521714356, -1.8730517869194110, -9.9996676204246153, 0.4512789040038591
495, 11.7993588456924101, 8.0812119773279978, -5.7687780590093745, 0.4479076940581704
496, 11.7995000000000001, -6.4293301032504040, -4.8717024854027038, 0.4986267085285980
497, -4.7998994308880016, 2.3299024089319063, 10.0216391788078578, 0.4300341819716582
498, -8.1995141503668449, -5.7503133095284431, 3.4204816915036944, 0.4503774677172583
499, 10.3997028554154181, -9.9995150273979121, -2.3930903720942180, 0.4452039189111766
500, 5.8564483460131251, -0.3416716739620961, -5.9942942264398660, 0.4401671810733891
501, 2.4287445768072224, -2.5618859982954723, -5.9743248046749349, 0.4292323984689776
502, -8.1994730060404866, -5.9229339157480920, -8.7000225793022814, 0.4507192709840941
503, 8.0317317415281959, -3.2152524022002487, -10.6630268796317917, 0.4338135324405238
504, -1.1415107824024597, 7.6823941673684191, 5.2280986614525542, 0.4801285365721524
505, 10.0163945991343049, 9.9994160621749781, -7.6281101935176014, 0.4363470907803813
506, 1.8116079886289913, 3.3272997480840476, 6.0142553344014873, 0.4353037205877226
507, 11.7994000000000003, -5.2931222047720548, 7.0904186179592275, 0.4872576186719570
508, 11.1469318601991620, -9.9993704580553242, 2.3021071279325698, 0.4543405395191875
509, -6.8158777570621059, 9.9995624804225205, 5.6976729882513073, 0.4433500141940219
510, -8.1994707874185426, -6.5454882623784076, -8.3681369673306936, 0.4364121394988039
511, 8.7945298118959006, -0.6315833573337937, 14.4273184423832905, 0.4812386841020176
512, 9.3331877146379885, 9.9996554825410229, 2.5291739219417955, 0.4274989499005165
513, -3.8609896619250650, 4.1200438493531708, -15.8524648904204604, 0.4376667902894955
514, 8.7894843452744560, 0.7373299761222406, 11.8952947043595607, 0.4417047498836705
515, 6.3524175151180469, -3.5802679876451053, -18.9998869920560800, 0.4586221369246392
516, 6.8499282465727722, 2.5674099922022067, 5.4234476595356496, 0.4402657481488036
517, -5.1909675826193329, -0.4649431110501507, 16.9470081197395963, 0.4421541718150776
518, -3.7891671441716293, -8.6320931221867863, 2.1836290010200754, 0.4629669710755644
519, 11.7994093036609282, 9.2558395091943861, -8.7996424489121843, 0.4590293160331246
520, -1.5289604424115497, 8.2139505939444692, 5.0189314495308786, 0.4382926099331599
521, 0.3667888096702002, 6.8545618152525227, 13.1653736699467316, 0.4319514956045831
522, 11.7994475314991529, -7.1265111698666530, 9.2744112425392089, 0.4405993397733319
523, 2.7712438372326575, 8.1958745044820187, -9.9996799287759366, 0.4603385026164916
524, -2.9976677862095631, -9.9998109545917604, -4.7568958524230860, 0.4596205129393277
525, -0.6609329403140703, -9.9996096114799382, -7.4578843268514072, 0.4448318654652788
526, 5.6028995423663623, -9.9994989061059378, -8.5953004084947136, 0.4395087065260057
527, 8.2802433231360588, -2.6478958043283867, 18.4707490737813700, 0.4013137437093798
528, 8.5278108163443456, -0.1120317724079072, 5.9955030785618515, 0.4442399603449123
529, 3.8187694209350163, 9.9996356135458022, -7.5322069897637070, 0.4402920260392854
530, -6.7298979104220225, -9.9995348264430639, 6.0213248836446454, 0.4731047833161514
531, 2.0335240236467147, -6.7096812349087962, -6.0301191651879451, 0.4370814556682753
532, -4.8811261182264500, 3.0846986953575839, -5.1708310793160193, 0.4310676803444053
533, 3.8786605599386417, 6.6876142718160390, -18.9758676692935815, 0.4493298575954456
534, 10.4789587259761454, -8.6618114620053603, 9.9994133560662046, 0.4359626281230040
535, 3.7384991434609867, -6.1228720339813814, 18.9998000000000005, 0.4278867883968371
536, -4.9460455265465297, 1.8801867621401469, -14.8167188695184091, 0.4416090698853146
537, -0.6107101234488954, -3.3964744497474242, 19.0000847312724801, 0.4440350874425813
538, 10.6388454341349288, 3.1616690945448416, 5.1210263107595910, 0.4705803196528846
539, -8.1995335960783144, 3.2312476718580156, 5.0802282707651276, 0.4262516283948268
540, 3.3318122739319618, -7.2661215997024104, 5.8220712904317473, 0.4199491155660446
541, 11.7994768763369358, -7.4560116091234541, 9.9737894171006509, 0.4517443319015134
542, 0.7396869293930131, -6.9418197288659460, -13.5500729779990650, 0.4418901277432685
543, 3.5321089895907338, -5.2820637035161244, -5.7830913194974958, 0.4563116468334723
544, -3.9413365930083497, -9.9986575646237288, 1.9634620023840796, 0.4659210777436659
545, -3.9441442489980969, 9.2944849964988272, -1.8329098251722709, 0.4402197936716513
546, 8.4446466335945445, -4.8629293860776839, -9.9996225162202581, 0.4251796566900689
547, 8.7846189069450897, 0.7710510370731321, 16.9583761334078460, 0.4313133548073654
548, -5.2829369725492903, -5.8051834947224297, 1.5075167385578283, 0.4863680324994299
549, 6.9607231295317193, 9.9996450566180481, 6.2958552506001189, 0.4492080433649981
550, 11.7996394832438387, 9.2835569843054966, 0.6343610818589617, 0.4350659993259041
551, 11.7989268293001395, -5.4539743595313412, 2.5342737779518196, 0.4328225251021723
552, 11.7994867508506402, -8.6482762372549384, 5.8380871878246481, 0.4372620392233354
553, 0.4100650690434492, 7.4815651305644773, -9.9998208253113621, 0.4688015503866103
554, 7.1727728639913595, -6.9107524141136443, 2.6644405381814589, 0.4495881060366199
555, -5.1786319271485093, -0.7117944039429372, -13.3266944803523408, 0.4765445441643050
556, 5.1314998417651356, -4.1860934637842062, -5.0021153195277206, 0.4344535876449277
557, 11.7995000000000001, -2.7135855403343374, -7.0741896423680739, 0.4369713100068734
558, 11.7995261041795434, 8.6217354813991349, 1.6583151923248014, 0.4378593077166815
559, -4.9025358617856609, 2.0167709812724550, 11.8435585217943764, 0.4356579487941020
560, 9.0615033181353386, -5.0586123325627996, 3.2400156067996799, 0.4366669569992795
561, -6.7624498392405927, 5.6288405797786867, -2.1229136349695037, 0.4371757124283100
562, 11.2284495969678151, 9.9995161588518116, 9.9717618857051260, 0.4523502152142579
563, 7.0677041279640767, -4.6061606364431613, -18.9720640369406581, 0.4765146928903821
564, 10.5380155951458683, -2.6568430467340418, 9.9995197781885281, 0.4409303041068421
565, 11.7995509498606896, 6.5298362724043324, -1.2894967785737068, 0.4624903533501322
566, -2.5930173033100381, -7.6127096885147960, -9.9995391458759215, 0.4343799906533679
567, 6.7428966521497475, 4.9614206753666199, -14.5960027640740329, 0.4319850967036170
568, 6.3832866559686821, -2.2125794127973801, 18.9999907799769012, 0.4386957614236988
569, 7.2974152224117832, 4.3313472921913538, -13.4300221604399290, 0.4276832643376875
570, 10.4725153463108480, 4.4135164687551374, -4.0718006657239361, 0.4564769183440097
571, 6.3034490668988896, 9.9996905287458535, -5.7989486159875954, 0.4485023015157777
572, 1.3958218591659834, 6.9885424900402349, -12.9296041415693423, 0.4495634326826294
573, -4.5742511663325374, 2.9087293184978087, -10.6131810206063975, 0.4466076590779141
574, -4.3192070474492406, 1.4551789321232116, -5.8160710029638718, 0.4452967220383879
575, -0.1935863555507008, -6.7229425438704782, -10.0362354570050911, 0.4741828482291544
576, -3.5671995730646060, -5.4299588918718014, -9.9999219567406339, 0.4268553870588183
577, -6.1949837872446754, 2.5172632657505774, -9.9996577231541952, 0.4612957724494910
578, 3.4737563541531564, 1.1925094087274286, -18.9999976383432774, 0.4358328944779432
579, -2.1728843109913130, 8.7309440053238987, -4.5098002663588828, 0.4399403590321431
580, 10.5572250704763260, 9.9993993663349272, -6.4406874388173669, 0.4399979642263819
581, 3.3941996308287568, 4.2763334768931589, 5.8140223275863692, 0.4532341877666378
582, 6.2159354962321611, -5.4447924093438385, -17.7853594650377040, 0.4493696695899281
583, 11.7995909729074420, 0.1994683116444183, -8.7036857656314908, 0.4570041259618146
584, -4.4746620784545739, 3.1027807060170791, 11.3033877921420363, 0.4452761431210931
585, -4.7446964893529326, 3.5055385775090682, 4.8626966150227435, 0.4672241750304227
586, -2.4248706369397852, -9.9994074826097066, 9.9774897251441139, 0.4595364637109630
587, 7.3942234275188952, 4.2743638005377367, 10.0000823096871354, 0.4387137382450602
588, -5.1972849728327430, -0.5644439192159201, -14.3466219883172901, 0.4729340224675184
589, 0.8821524513219018, -6.9535832733768705, -15.0638184821722660, 0.4699887251443088
590, -5.4575537130460523, -5.9965029669488468, -0.6493082038554394, 0.4583032625687062
591, -6.1853391226412100, 9.9996242025161255, -0.8169033648748532, 0.4388972714338514
592, -5.5780652248963039, 9.9995107192240251, 2.5416398410064232, 0.4470864693608487
593, 6.8989881971565845, -8.0291843028754020, -9.9993684352983720, 0.4422389246143389
594, -0.2670928887977515, 1.1300713317791216, 19.0000302353956201, 0.4777539202271067
595, -2.7385339315487225, 8.7062170816586608, -9.9993309319055808, 0.4459434490019560
596, -8.1981182385164857, -9.4395642619987665, -9.9771092755020643, 0.4469738628851689
597, 3.5815709571730636, 1.2636193976767065, 18.9999897450310336, 0.4454817245082907
598, -3.3057756279468897, 4.2705631485466187, -4.2104507843845660, 0.4749209886329193
599, 10.5794322320598084, -3.4717592551959187, -9.9994353518259445, 0.4372393197646067
600, 11.7995000000000001, -2.3871370760864794, 7.4864447133417613, 0.4652982593536289
601, 8.1116345012144588, 0.4666987998297072, 18.9998680626229124, 0.4348792016750854
602, 7.1434721362274178, 4.5208183822747392, -12.7104472167054574, 0.4417351194579753
603, 9.0444836999983274, -2.5029678410698422, 9.9997967619621839, 0.4425218905731212
604, -4.1462804383674801, 9.9994766859036961, -9.9752792542567779, 0.4660154322645810
605, -4.4366017065700492, -6.7849757508448949, 9.9995715171939441, 0.4433535453175978
606, -1.2191782985917228, -6.3229906517233596, -11.6463885449562685, 0.4611377484586335
607, 5.9015997540835627, -5.6727374218005151, 13.8075240676785302, 0.4302035192140209
608, 0.1799995152163976, -7.4719124363046401, 9.9996754223657618, 0.4575334100812974
609, -7.4920945992354042, -5.1633303077023278, -3.0804117398539521, 0.4356755374339723
610, 8.5958444809157974, 1.6868037299234129, 13.8645522227717546, 0.4406445062683776
611, -2.9189263881962302, -3.6136203490283898, -4.7870880360354597, 0.4814168125353485
612, 11.7996132369296749, -9.9747634711017543, 9.3449069650291285, 0.4774581003624419
613, 11.1259824114172723, 2.0048103647690207, 9.9994904099824513, 0.4381509499429965
614, -1.7598322122719936, -9.9995397011219538, -8.0367589938878510, 0.4391817096919344
615, -0.6089493874738415, 0.1770144967664937, -5.9948422477677310, 0.4396826629150676
616, 11.7994335866626781, -7.9872015453339253, 6.2104115841180363, 0.4589470083274432
617, -3.0761266081857834, 9.9995429256719461, -8.6927371423095234, 0.4577242330256605
618, -1.5447755632029136, -6.1528563815769832, 18.1790573107442484, 0.4610674850111054
619, -2.9384487781278281, -4.0659034899568383, -18.9996834237527956, 0.4647030036250924
620, -8.1996052977056078, -3.0438317469395022, 6.0204540769384023, 0.4814261814045491
621, -0.4142898013501053, 2.1727235976698314, 5.6098622041633659, 0.4502087892435986
622, -6.3651234596691539, 9.9994808590016522, -6.8349258622390963, 0.4210876554519294
623, -2.2926114558077506, -5.6938291964780525, -11.2192592894997869, 0.4529088652910248
624, 0.5190224672520125, 5.6395264653500954, -5.8889674278917301, 0.4482127729295293
625, -3.8170709235808329, -4.1844298246979834, 15.8538305586729109, 0.4333098058846633
626, -6.2242529634632788, 9.9995312853582163, 2.9019301148165311, 0.4331481676077199
627, 3.5364283357931141, -6.7898214350607695, -16.4018100256707591, 0.4321909917304628
628, -4.6539312007842319, 2.7228330336627828, 10.6667667511928848, 0.4383136978361906
629, 7.7055409243541577, 5.8822048593005585, 1.1879358760057335, 0.4661791612742046
630, 8.6495785998353121, -1.5979373630896934, -9.9999914234478098, 0.4336838570660478
631, 11.1064270218917915, -0.9022750262483211, 9.9995290213487813, 0.4330006236000561
632, -4.8374857623100613, -9.9994747866538454, -8.6671585606215675, 0.4435277456428487
633, -4.1966476230996124, -7.3768568801923218, -0.5694537002921988, 0.4438081919502386
634, -8.1995374739552425, -0.8090679743699063, 8.0528125289501276, 0.4505695645212813
635, -3.2301788731991947, 5.7719770380482727, -3.2852845282132894, 0.4469911902898145
636, -0.0687637261030020, 9.9770721678495597, 9.9994420382647533, 0.4657837439831305
637, -3.7000436728582611, -4.3544102669610139, -16.9993718723091440, 0.4680484555881637
638, -7.5877578881368049, 1.4791544786858422, -9.9996085868575406, 0.4183321207722518
639, -0.6613071651002088, -6.5613465620789322, 18.9740147608397862, 0.4363436380645108
640, 4.2498976417317547, 0.7478667265022599, -5.9912783601653832, 0.4215354214340275
641, -8.1997100361550253, 5.3756091253338800, -2.7741758384945192, 0.4368960909754001
642, 0.6229778316887100, -9.3678708054471347, -9.9995402200327828, 0.4400263429774742
643, 11.7994000000000003, -5.8808485967318154, 7.4157209680098530, 0.4872576186719567
644, -4.1686663050309765, -9.9993489123943160, 0.7759974032338836, 0.4398159782644052
645, 6.8448167263726614, 4.8231217515571023, 18.9996998743866321, 0.4595019489681514
646, -8.1736442970705898, -9.9995699310380441, 6.8398153841000724, 0.4552928801300982
647, -5.9220846451765397, -9.3670484213281586, -9.9994414901320550, 0.4272915491228955
648, -0.6211454702713373, 9.9995051674029121, 6.8209689628713592, 0.4281679144614351
649, 11.7996438193922977, -9.3291715241346793, -4.6180195836418205, 0.4585537259733455
650, 5.2129062090017504, -6.1178897159886390, 12.1213583367931381, 0.4432829804764181
651, 5.9171345720420971, 9.3379025282534158, -9.9993928334071072, 0.4421642842057699
652, -2.5054483986023368, -1.3118431463069060, -18.9999088871788011, 0.4749739824233102
653, 7.4720224328383775, 6.9855535586943498, 1.9662807241110787, 0.4461195429562105
654, 5.5698534300732030, -5.8965092711546223, -10.0220137220799241, 0.4333375113598806
655, 5.6214967428838198, -5.8663572163638644, 15.8570085524326956, 0.4280111168808942
656, -3.5222613772122906, -9.3336794305679209, 9.9993688316423555, 0.4581923470086779
657, -4.1726697891843365, 0.1284653961886791, -5.9946464796647536, 0.4454840911002245
658, -3.4168724260940855, -4.6656298328512449, 15.5651318993400878, 0.4518407819234119
659, 11.7994024197124716, -6.6190661742908521, -1.0606510306870438, 0.4391147101729119
660, 3.9945867433839024, -9.9995893213637324, -7.1357898699420357, 0.4694173143323933
661, -1.9540826969782550, -8.7022828696732546, 4.6792845437863413, 0.4537496459372408
662, 11.7994000000000003, -6.0420418649404954, 6.7040319848916177, 0.4781134853593897
663, 4.0015916666650400, -6.6430429640554118, -12.7219633004171904, 0.4347162092913199
664, -5.5219671366829832, 1.9459945170512800, -5.7075719147852526, 0.4422322720995212
665, -4.8901054601499991, 9.9996217673509165, -0.5772415029426025, 0.4488535383300001
666, 5.8611025194397843, -0.7684627825513494, 5.9867416894956014, 0.4448308314420248
667, 11.7996871092854487, 4.2022883478831989, 5.1366865533737984, 0.4176281705818140
668, -8.1995195750785754, 9.2740650148531305, -6.9495925440601498, 0.4545518405967127
669, -6.1912935611106592, 9.9995362279077664, 2.1474069342637137, 0.4406427290264558
670, 2.9395923664647881, 9.3776675702032861, -9.9995488334025406, 0.4281693783297652
671, -6.1717734770654031, -5.1994191251917217, -3.0111214759425948, 0.4411174257714395
672, 2.3692737287664953, -9.9995653318220423, 8.7996938140563810, 0.4932991230969099
673, -2.7881483007015233, 5.2887605057554312, -14.3891585705840086, 0.4286753378452366
674, 6.6502563912212471, 4.0530770251742778, -18.9998142507800125, 0.4423841155504825
675, -6.8724172477466787, 1.6729302113425215, 9.9996938945908198, 0.4481919743942244
676, 10.0136878154181428, 9.9995404352192825, 4.8267279719277187, 0.4511955034649556
677, 8.5101135171283104, 2.0582385708862287, -13.0543402290063923, 0.4835868546462277
678, 11.7792956989738151, -2.6933238726760518, -9.9994177638538044, 0.4344197289977677
679, -2.8714566583307222, -5.2190748304828514, -15.5552852214468427, 0.4518758556651196
680, 3.2212466958452732, 9.9994920309924229, 8.6350621417411499, 0.4374706095431954
681, -8.1995019213717590, 1.2072762859972850, -9.9733173149761019, 0.4580693925066161
682, -4.3798483390014002, -5.3940650071512533, 2.6303092456966799, 0.4689492092458264
683, 6.5372630788940551, 8.2387546785903716, 9.9994070226722673, 0.4422297444822859
684, -8.1764222977415315, 0.2251711553561734, -5.9878345785438176, 0.4670763564558454
685, -8.1991591790854184, 6.8569671542747423, -9.9718061152116064, 0.4450070831709708
686, 0.8646170956272614, 9.2812101361889390, -9.9995156408212313, 0.4465251771453798
687, -0.5454882393357350, 1.4891107565557702, 5.8084383424210007, 0.4502087892435991
688, -3.9415595039613378, 7.7317860686550555, -1.8144460810950280, 0.4386434809931370
689, -8.1995784965185319, 3.1879240223812415, -7.3169411190306395, 0.4322140046857741
690, 11.7762084912160496, -2.4638527153941188, 5.4684881750649499, 0.4314547305315530
691, 3.1341386060251679, 6.8965263643108887, 10.0192009594956222, 0.4456450639957886
692, -1.7426698571050752, -6.0353223578520119, -17.1105426272475363, 0.4485322514708016
693, 1.3557673946054483, 9.3416577417926785, 9.9995537756756772, 0.4493118406278573
694, 4.1207344672566899, -8.2975480813877134, 5.5289798511148103, 0.4786563159963185
695, -4.2896598597554023, 3.4465682860397751, -10.0216779706139167, 0.4466076590779120
696, 7.2851464486560511, -9.9994199114660969, -2.5317765623301853, 0.4471076875572654
697, 1.8091774519672830, -7.0085993779306301, 12.6006024766541547, 0.4387259169076538
698, -5.6015427029682758, 9.9995032185710340, 3.2728926383343748, 0.4470864693608478
699, -8.1995310734337927, 1.4470854717730561, 7.9193263658468664, 0.4573250703351499
700, -6.9550370287974852, 9.9995191469924833, 4.0251745934792149, 0.4871642042125550
701, -2.0155182098642124, 9.9992621949849525, 4.6849929207869412, 0.4248462338237606
702, 2.4165848262418090, 8.2031386242121602, 9.9996729630754277, 0.4851329028937494
703, 4.4637313033757096, 7.2433706515288163, -9.9996808429258301, 0.4500686662410566
704, 3.3862035793466423, -3.8709376749596891, -5.8127929773131486, 0.4608238624892843
705, -6.2930271385589585, -8.7339895584102418, -9.9994411243099020, 0.4500903865209425
706, 3.3520417299976644, -0.2400881559424859, 19.0000598248281456, 0.4370757355490081
707, 5.4530900375016342, -2.7666152773281865, 5.3190475466293217, 0.4370045779775236
708, 5.1359019577458485, -2.9310145032740853, 19.0000733584226928, 0.4407821800835705
709, 2.8251938856226593, 6.9222670946461671, -11.9082142151399761, 0.4235543114206502
710, -4.2200310528859930, 4.7755621218036950, 9.9998799421769835, 0.4460793082127820
711, -8.1994934295729198, 4.6847845619192938, 3.8088677382865224, 0.4359346021833299
712, 6.1731751559764714, -5.4638499771878903, -18.9990278800879686, 0.4491805448986841
713, 8.7942694243903503, 0.3255034207034630, 12.5196294935911681, 0.4329759008182448
714, -5.0464369398752442, 6.1087496418214524, -9.9994475935729703, 0.4444625776923499
715, -4.1041402214015275, -5.1136250249560611, -3.1456168860253912, 0.4489314900031208
716, -4.3679161969885483, -1.2585103759796281, -5.8641706252439372, 0.4451129555051376
717, -5.1835916466916752, 0.9047828529481420, 9.9997821949870183, 0.4286749208491038
718, 11.7740619023905690, -9.9992086669200546, -3.1481099669653818, 0.4724426331892489
719, -6.2383315390978780, 9.9994799559357084, 9.9769750106855106, 0.4310489489977937
720, -2.3976225848985120, 6.9712791874404951, -9.9996457482276639, 0.4554922959413408
721, 8.1869249187679962, -2.8820831810364487, 12.0650614960994851, 0.4473548202574829
722, 7.5872152673595314, -3.9518432371240819, 17.6712188440392275, 0.4789062212216919
723, 7.8081364104668340, -9.9996633343989050, -5.3917607110571568, 0.4445693495863288
724, -8.1782243383006854, -9.9994663636777421, 5.6366794152840693, 0.4461642873381878
725, 9.9000544430990800, -9.9995106093904713, 1.9094286183903124, 0.4441997413704857
726, 1.4370796617839074, -6.9847960991149485, -18.1816365396516275, 0.4584180875093206
727, 3.9358630589216395, 3.3554249541345427, 18.9998616996460434, 0.4411635889638602
728, 2.5052406724594078, 6.9652666754411543, -13.9212907044408709, 0.4376309843300627
729, 11.7995760221889210, 8.2062927922265647, 9.9762598348101026, 0.4394217127973787
730, -4.4740924090072367, 3.1149894946706009, 18.3294970063553642, 0.4340749323069938
731, -8.1995134993938379, 6.4231082009965741, 5.5376760896170714, 0.4489051825940276
732, 9.9082950129803642, -4.2996825736878757, 4.1790045701652687, 0.4600827999748857
733, -6.3162299917409452, -4.7613925399971935, -9.9996110436793444, 0.4481628780640455
734, -6.1682938473710953, 5.5005131999911461, -9.9994426125980791, 0.4355312944377675
735, -3.8083720053501606, -0.3687839485169474, -18.9998000000000005, 0.4463168864965386
736, -6.3007482071423544, -1.9702961314971073, -5.6946916360388595, 0.4307227326902056
737, -4.9754166736567527, 1.7868975530030602, 14.7712855101054270, 0.4386349937636519
738, -5.8227663970860322, -0.4100557537244966, -9.9996487456820340, 0.4511238918522653
739, -4.9291755694552855, -1.9335734302045307, 13.0581082787872980, 0.4703688543486542
740, -8.1996144413872791, 3.9354910856833203, -6.2776433526381812, 0.4751876351103493
741, -8.1995605875947319, 9.3200457466457181, -6.2272431768520846, 0.4362909754708252
742, -8.1995361180531106, 7.2814763506350308, -6.3124622660696303, 0.4392189882621582
743, 8.2600853208709744, 9.9996728405643491, -4.2745181737650153, 0.4597871440509326
744, 5.8380227655618411, -5.7161267613027320, 14.5048809065590802, 0.4371191799082704
745, 7.5024514093477359, 0.6216443941683123, -5.9965582617250632, 0.4310358266541117
746, -5.0200267877561480, 5.7889520207253602, 9.9995175028732266, 0.4337325651151480
747, 5.8889167426845539, -3.2967533362428338, -5.0373862358065375, 0.4442123565019002
748, 2.3330327505085298, -4.1004466063459084, 19.0000470597153033, 0.4602908542750382
749, 5.0432889831729701, 9.9996553209966113, -7.2484612094594940, 0.4589346417179118
750, 11.7994565846192270, -7.1710829609993114, -1.5227657572940407, 0.4466920526145198
751, -6.8236987527791744, -5.6779228358898930, -2.0212185948306267, 0.4711601406823909
752, -1.2723333180336500, 8.8529798196056504, 9.9994420612274375, 0.4433457247909194
753, 0.6312498981955278, 2.4088016824934071, -5.9110198547389929, 0.4446847740498800
754, -1.2749981136616786, 6.2993284299521468, -10.6874830068679731, 0.4337540302021257
755, -8.1994788890367332, -6.3012009209702384, 2.1157431906343396, 0.4223421081299817
756, -8.1995735370968106, 5.3410786266355901, -5.8049418079555632, 0.4393953840679825
757, 8.5241425550582619, -9.9993907910499598, -8.6627554277621890, 0.4360479117413521
758, 8.3313415472848842, -2.5136169462554330, -16.1531102579405470, 0.4294693743248070
759, 0.0268945311254002, 9.3316914986643269, 5.7379181627521465, 0.4328504900284837
760, -2.4212330794866315, 5.5863621162889325, -11.8918576886944489, 0.4298299178324155
761, 8.5068332146542289, -5.1365282166459911, 9.9995897468786783, 0.4423984714748216
762, 0.8601462929163979, 9.9997054148021753, -7.2993067892598269, 0.4374428086530579
763, 7.7496799349429182, -4.7778393895511808, -9.9997584411244560, 0.4198324448516230
764, 1.2786724958534246, -8.4889492550000689, 9.9996422178056861, 0.4853468287326173
765, 2.9170323020417199, 9.9996530358864746, 6.6039210540768396, 0.4439761451598134
766, 5.9099585325335990, 5.6663168286618522, -14.9613861405927313, 0.4195016833979383
767, -8.1995800085342516, -7.5761050394180218, 2.4372224508909004, 0.4487997236044681
768, -1.1124672579849164, 5.2761070991921146, 5.2542922615061007, 0.4224864287731216
769, 10.2414052414171799, -0.4218775292775939, -5.9950420464469172, 0.4823163945751736
770, -2.2332066306011829, -5.7401286915581204, 13.5030020524217331, 0.4493878506354602
771, -2.5770973906958683, -7.4441662560442357, -4.1065805274261944, 0.4401966908620259
772, 2.2385324031644083, -4.3312091150714531, 6.0059154241917341, 0.4358151761803825
773, 4.4133981210172228, 8.5808899793964173, 9.9995191518327680, 0.4390101911251087
774, 8.5219149755949122, -1.9273012887410543, -18.9709665094308875, 0.4470782939591896
775, -1.3148666054716411, 6.2832191214581066, -15.2738908497131334, 0.4468693815590668
776, -1.5574175117204412, 8.2129409583155208, -9.9994843445541353, 0.4465772984618495
777, 7.4427305932999399, 4.1622798592127701, 18.3026891546435522, 0.4789772092830255
778, -2.5539173443181027, 2.6931435407613722, -18.9998361545733729, 0.4403849343354884
779, -1.7747664454653700, -1.8433536535355066, 19.0000123817526756, 0.4345853335421510
780, 7.7037435428453209, 3.7617942232485277, -13.5102175058717222, 0.4374070311522438
781, -3.1080945112207581, 4.9451343679873698, -3.4458254475811398, 0.4469911902898123
782, 0.5204479233120537, -5.4928299013739617, -18.9999493444622836, 0.4406199911471208
783, -0.4302469770101686, -9.9995820210414408, 7.4645865852860700, 0.4339668660113134
784, -4.1945900971645917, -9.9995814526364164, 3.0340123413156204, 0.4506078800800825
785, 4.5621184702194393, -6.4392450311929510, 12.3512235616476396, 0.4279575531206358
786, 11.0746013311718876, 9.9993393520688443, 1.9345068786862742, 0.4576880154518095
787, 8.7957441313795606, -0.1423661093080640, -18.3751024311745219, 0.4391697512341962
788, 8.7565602590846545, 0.9161530272844918, -17.6822586206679091, 0.4754316326131043
789, -3.5090090647551428, 9.4409863969334999, 2.8244376057604845, 0.4430162289385233
790, 11.7807951671238165, -8.2685870673230752, -9.9996926644105812, 0.4197916979032513
791, 7.1836041762168366, 4.4720260822164466, -10.6846692246456669, 0.4298424432820839
792, -5.2102334571670434, 9.9996123404998958, 4.4943767476963732, 0.4371212661385252
793, 8.9192587661663865, -5.6709145088669812, 2.0071144779138224, 0.4831342838818726
794, 0.1989469837076491, 6.8136157200482126, -11.9777883700959915, 0.4412293817162288
795, 3.5634464619411199, 6.7897581542393803, 18.1855315717456634, 0.4692630930445306
796, -8.1995069824868487, 1.9143887358528671, -9.9769463633300077, 0.4501437326881267
797, -1.9195771015114693, -5.9281891221056089, 11.4727673893059023, 0.4871880555907758
798, 6.5745634618215840, 5.1195463968691142, 17.8272037587911392, 0.4502080610349838
799, 1.4160159887082517, 1.0026053835706406, 5.9964977298032061, 0.4674903590233976
800, -5.1316731313998218, 0.9636828039838778, -12.9655789577664589, 0.4856636347966053
801, -8.1993898830296335, 9.9769814753887385, -5.8716672478510024, 0.4357036466924586
802, 6.0434850094504897, 5.5788247168318348, 17.8171645945961217, 0.4502080610349836
803, 8.6138417628366035, -1.5935592117132213, -16.9169599013870382, 0.4355454440455878
804, 0.0370953683854073, 6.7714842966712361, 15.7479714146410430, 0.4559628402000391
805, 7.0962699013632680, -8.1939119542202885, -2.8103897905791499, 0.4180689127246322
806, 2.7398945473203984, -6.9329357525516420, 11.9257442747469611, 0.4493807777510148
807, -8.1748427647405144, -9.9996432444205450, -7.2182509368059380, 0.4400895841082451
808, 10.4506087528713127, -5.9954467171179902, 0.5377349877544928, 0.4348724343501108
809, -8.1995246344456412, 2.8911965002354894, 9.3363457294104197, 0.4310279515383306
810, 8.1078928822167651, -6.4639491134583755, 9.9995122194344841, 0.4651674180961767
811, 4.3157419089222335, 9.9994936196862216, 9.3171038982555583, 0.4680005973642751
812, -4.1767159965138845, -1.3815836351603501, 5.8344291364203746, 0.4419114165391653
813, -5.2948266887165012, -9.9995982521444073, 2.3235284207283033, 0.4746436864173379
814, 3.4538268671970820, 0.5378364156771668, 19.0000107651437204, 0.4312101480448206
815, 7.7635901462054644, -3.6618659888022442, -13.4755351186390442, 0.4346128872522051
816, 0.3711465533185871, -6.8517130841188996, -10.6012823116583519, 0.4714277424807913
817, -2.0141087292002915, -0.2305848885210851, 18.9999031003767058, 0.4362002626688851
818, 2.0471813001557546, -7.7493465825208565, 6.0127169718500220, 0.4487689041080614
819, -3.3233933077955928, -4.3433247142320717, 4.1343427313663144, 0.4911243957940888
820, -5.0904673410085177, -1.2460921006596384, 11.5759500315811437, 0.4719630092265484
821, 1.7347165675498386, 7.0048960316191824, -14.1270376676500948, 0.4404353711312884
822, -8.1995293147045629, 9.3567418289712574, 0.2939811292829111, 0.4375738893278263
823, -8.1693924732816399, -7.1775198381245078, -9.9995789179953061, 0.4551694637741652
824, -8.1995333074591930, -1.2000532388044778, -7.2963420804272907, 0.4466649634780084
825, -0.3713572979396745, 6.6724209886925285, 10.6498375274432640, 0.4674364541646906
826, -5.5687529954060055, -5.3619463311511613, -2.6756616908918107, 0.4482606222228785
827, -3.8012563661968173, 9.9995531432625437, 7.4298579180118107, 0.4508247906920495
828, -8.1994551929131561, -4.6606307619499834, -9.3605963672980579, 0.4772995379800626
829, -0.4667772834668857, -9.9994522058960502, 9.9779707036432228, 0.4714256174370393
830, -2.3063405050627543, 9.9776259453709919, -4.3835133645031110, 0.4178806483329654
831, 7.9681328687137940, 3.3286179411753398, 13.4364489858930316, 0.4456256607418974
832, 4.8429548967590996, 6.3030130601075882, -11.8620385398374477, 0.4242274791240838
833, -4.1006787597274039, -9.3059149079765753, -1.1072174382355944, 0.4747210478682632
834, -7.4498379202263854, 2.4291419753555110, -5.4854549196919722, 0.4480016412633185
835, -5.8038410657589505, 6.1250078400533550, -9.9994198087851096, 0.4355312944377673
836, -3.3791824309153515, 7.1529897795281645, -3.0398092825985730, 0.4299754345636384
837, -7.5163637700996881, -6.9742692152064860, -9.9995549627517821, 0.4551694637741635
838, 1.8383194070879731, -3.7794149541651629, 6.0123050539913860, 0.4336498004942047
839, -5.1867521599684689, -0.3227284717520634, 18.9996263041389319, 0.4624127803168845
840, 7.3260034016061093, -3.0328602151495088, 5.1925766475136212, 0.4569767719341726
841, -3.9111305717237053, 7.0439298513853430, -1.8711328003774541, 0.4335112340815112
842, 11.7995000000000019, 8.6304939400373559, -3.1098736044943314, 0.4722177417455702
843, 11.7657890990038680, 1.7627434592160198, -9.9994660362335601, 0.4866168971489293
844, 1.7676355153088341, -9.9998502003522400, 6.5862849691967362, 0.4593310183852722
845, -7.4348184225397986, 0.1900179302163945, 9.9995052628808416, 0.4848420702325990
846, 6.7933726927790801, -4.9209557419645336, -12.4290245850451448, 0.4546712581483788
847, 8.0822457579327747, -3.0843689816618176, -18.9795147411402532, 0.4726498413416969
848, 10.4739578070282189, 6.1660321116630010, 9.9993866923679207, 0.4854852147198095
849, 4.3896791267067155, 9.9995495054964270, -9.3525848571922836, 0.4338052178636367
850, -8.1994232486460099, -8.8638842643335476, -8.0108720328071232, 0.4262776201805269
851, 8.7976627381878618, -0.5250795658570361, -10.6825401147136603, 0.4483972579204114
852, -3.7227480215805708, 1.6748892535224797, -18.9997216149120298, 0.4439770210120690
853, 11.7995046916449997, -7.6784480900947507, 1.3099904846301598, 0.4488816240874287
854, 10.3979865787976564, -4.2243814532133879, 9.9994454748065564, 0.4439116536684640
855, 11.7995000000000001, 8.6474162449249707, 4.9112810441975370, 0.4562514185987293
856, 7.7664461708050041, -3.6551909244622069, 17.0147658868409408, 0.4517269391684844
857, 7.5042542664912446, 9.9996120590400146, 6.8292752633893654, 0.4489385101123471
858, -2.8533613659596693, -9.3570916305337803, -3.7966322368291054, 0.4374751961273380
859, 0.4003018103795652, -2.2728026860378052, 19.0000989999999987, 0.4812166218950032
860, -7.5545154875844176, -4.2624816371602048, 4.2213242968497910, 0.4757085874031409
861, 8.3214088215469211, -2.5371099628865847, 14.8043664202190772, 0.4468338681652139
862, 6.7976696688523850, -5.8291605115427929, -9.9997000726935354, 0.4340103522231382
863, -8.1995534537650254, -4.6423181886689751, 7.3252694824137139, 0.4428878966930694
864, 7.6065985507598519, 9.9995730835715460, -7.2107893481246084, 0.4553347492205634
865, -0.3797450704095105, 8.0418065606921729, -5.6191753980662869, 0.4336893978409403
866, -5.4823878474378303, -2.4904787682206821, 5.4541217202289864, 0.4900747274295972
867, 11.7994739098219341, 5.8201601290366769, -8.7214345214653175, 0.4333154905336222
868, 11.7994457547480653, 7.7677257755059808, -9.3306398681568847, 0.4636833686633241
869, -2.5090332680671361, 9.9995983659239762, 6.7833489029152156, 0.4304837214824794
870, -8.1768432865040648, -1.8382583627679852, 9.9994154032402900, 0.4391682990065369
871, 7.5831097417240851, 3.9653368809674219, -18.2597629830681285, 0.4527842820035086
872, -8.1995456640809934, 9.9757233402750867, -4.5974426384072364, 0.4669824997974469
873, -2.8394425320503816, -5.2453531628199990, -17.6648204621941396, 0.4676246605125233
874, 11.0739997662576748, -9.9993807167413351, -0.5288535227108333, 0.4696174931700179
875, -7.3806767926153212, 4.8422446467989726, -9.9994601578738695, 0.4678628133902769
876, -4.6953673358435211, 5.7013830368540601, 1.9100622835556962, 0.4683291645112290
877, 7.9391377169177755, -3.2349946052669076, 5.0719188215502546, 0.4501881008712214
878, -3.4584595485717435, -2.5302299746870611, 5.4353926498665537, 0.4270470542004806
879, 9.2203116459474774, -3.8357566054096868, -4.6243483580914031, 0.4251541845451710
880, 11.7996300731038559, 3.0309900930995504, -5.9633467133865432, 0.4485347751130644
881, 8.0040318144664528, -9.9994361554754576, 9.9779808448831631, 0.4183796891141229
882, -8.1995273277104079, -9.9775197426809505, 3.6203136677412129, 0.4240427559721221
883, -8.1995011590206683, 3.9275644849514815, 6.1284075120282866, 0.4398410477626712
884, 0.6247085646976908, -5.2958988390606532, 5.9144604835839205, 0.4973410861887132
885, -8.1995400000000007, 6.7566049931316323, -5.1887853788156422, 0.4452893160631944
886, -1.0114742782819459, -9.9995830154766399, -8.0847927290004336, 0.4264890265761553
887, 9.3021512122191190, -9.9995557262564461, 6.7226354309539316, 0.4407790392928407
888, -2.5480538707803362, 5.9822414510446222, 4.1477163408067250, 0.4562770652812163
889, 6.0713687214829317, -4.9645041449424241, -4.2226593093669065, 0.4369490349025144
890, 1.4026992347651424, 9.9996406277869347, 6.6797266580839221, 0.4505733241978885
891, 8.2738992806387390, -2.6508445196385115, 17.2399334498407910, 0.4461795115143623
892, -1.2383612385987690, -6.3154825709128160, 15.8549120273259714, 0.4394789407304456
893, -8.1764649864440280, 4.1728641786385463, -4.3184201528884270, 0.4357933401462586
894, 0.7482199573935336, -9.9732208233381350, 9.9994925039703073, 0.4517142216565518
895, 11.1413183651974190, 0.8358974112803045, -5.9464918275684768, 0.4360999188909306
896, -5.2246165266664351, 0.5862269420876550, -9.9995239705538950, 0.4358037415715801
897, -0.5202191960713353, 5.2517491081086494, -18.9999716060220472, 0.4237959090182577
898, -1.5115136043146040, -4.5392160456860671, 18.9999038543025769, 0.4551765119817151
899, -3.2155026914988132, -4.8405387364973222, -18.9997502582207183, 0.4680521846418587
900, 1.2565656622016961, -9.9994530295562143, -9.1518047652224404, 0.4739352503923076
901, 2.0981603468750651, 7.0155786921184600, 12.4661126874428572, 0.4191626039286845
902, -6.2818649090016248, 5.5952563709066334, 9.9994953563386826, 0.4344563350957606
903, -4.8336116293431211, 2.2468679008699084, -10.6877597447425003, 0.4400752378044644
904, 4.8703923042900277, -9.9995069369624705, -8.5610444530550200, 0.4488307086982836
905, 4.8956050631729457, -0.9962591058268355, -5.9266029319016473, 0.4615209370166631
906, -4.1349136413873655, 2.4365505368062594, 5.4814828150138597, 0.4290629435833429
907, -8.1994990640543239, 7.5538702069681332, 5.1211121147322149, 0.4296213688400896
908, -7.5110923078822411, 2.8568328084776065, -9.9995862290925537, 0.4534628899802953
909, 3.4394254739491248, 4.9297715961920829, 5.8080091148530615, 0.4532341877666374
910, -3.7623334322443056, 4.2653510630208187, -16.5652035558084414, 0.4486150873730986
911, 4.7023221296042932, -9.9995960561022841, 7.9748707983513194, 0.4512503832980547
912, 11.7995626763109609, -8.6542627457337531, 3.6685715361765623, 0.4378364821137170
913, -3.2760757847308981, 0.9517097117817201, 18.9998081670613352, 0.4228004490957625
914, 8.3064081243993524, -0.4231396423308649, -5.9957567117984025, 0.4271750008509905
915, -5.4213652947196111, 4.6442717382333818, 9.9996402136108529, 0.4518262751543464
916, -5.0397504187670119, 9.9995775779970089, -2.4353356456539759, 0.4451275755921033
917, 1.9827760764423665, -6.9944253657494411, 10.0229946394585507, 0.4662584564003819
918, 6.9483040639069111, 9.9996187272976638, -6.8552483383194742, 0.4369663812989238
919, 8.7607334877639005, 0.2329214708523380, 18.9998021804243891, 0.4350166517109496
920, -2.3250036539308900, 0.7094363129085015, 5.9937466168988518, 0.4560521943312822
921, -6.8857515466141663, 2.5586272342326879, 5.4241659959332456, 0.4374648733559883
922, -5.2004626223527213, 0.2521334034575303, 16.7182772719784403, 0.4394357849341818
923, 11.7996835484125739, -2.1580931004762256, 9.3116567059142437, 0.4337501187963512
924, -8.1995738380942100, 0.6207298873102149, -6.6049167961737369, 0.4263326205709224
925, -4.4441425613965686, 3.1583116093186847, -11.7828110453812691, 0.4359746306676893
926, 8.7284034635929899, 1.0532229222585030, 12.5556577032903220, 0.4359868746025932
927, 6.2941524141778675, 9.9782727308898380, -9.9993965680733954, 0.4581006116414106
928, 11.7995867294610797, -3.1963825330861875, 8.6559315605816209, 0.4324638822167843
929, -2.9048366944160047, -7.9741178236143284, 3.7428869148289685, 0.4937954839476985
930, 9.8270886833540700, 5.0537558807110141, -3.2400709007135888, 0.4297996592517103
931, -5.2024510740306642, -0.5369678859478850, 10.0254024224172795, 0.4598453490474587
932, -8.1994740044629335, -5.3411959963477216, -8.2998899901386398, 0.4507192709840961
933, -6.8258287216078832, 0.6221314798561774, -5.9935483750718541, 0.4501233829856506
934, 11.7995000000000001, 8.2105315930244149, 3.5146736956682956, 0.4340191438886019
935, 3.7194351817816389, 8.6625467394593318, 9.9995537546325153, 0.4298224649371907
936, -6.8081888027021416, 3.0398051595168645, -9.9995746741471283, 0.4358025331459086
937, -5.2244736545961858, -9.9995446950721547, -6.0404234202775502, 0.4485934668891258
938, 0.7202121664417288, 1.7703363852488396, 5.9277774468867293, 0.4621009254487912
939, 7.6245293636959142, 2.3527636478746530, 18.9999699154269699, 0.4587957855900939
940, 8.0241307976147986, -3.2293674195523514, 18.2710573667747020, 0.4723834755979279
941, 4.7107019275584259, -8.3913021199240845, 9.9994487054508099, 0.4741682223432741
942, 11.7996439471770618, 9.3320491040866802, -0.0762459688762735, 0.4671827236522131
943, -8.1995706307139145, 1.8471871594429117, -7.1545123850513370, 0.4539100619811363
944, 3.0825683955905223, 8.7147991021379401, 5.8777262171970834, 0.4255100055670880
945, -4.3377933409430982, 3.3860906639035617, 16.1463645680333805, 0.4386895952888965
946, 6.2912515961635895, -9.9996778074923025, -5.9332827890164923, 0.4982128170709813
947, -0.0006293374767412, -6.7614787754952053, -16.8032899102679600, 0.4532404205095624
948, -5.1922891916036757, -0.6167661826736914, -11.3704578708372637, 0.4325734312710142
949, 8.0210246991445668, -3.2450998253056205, -12.4329413446811969, 0.4503542228842830
950, -3.4206098532866078, -3.6060727985086451, -18.9996525208277234, 0.4647030036250919
951, 11.1904599262935189, 9.9994721706604590, -8.3703158329301246, 0.4746223545294677
952, -0.4452688659521010, 9.9996205541502299, -7.5738143451885618, 0.4588222640495030
953, 7.5697809362687014, 9.9996444373416278, 4.3583118932102689, 0.4336309987464899
954, -1.5433341511803467, 6.1549761316490121, -11.3550466092294862, 0.4356136199098186
955, -0.0704950699881414, -9.9996812722677593, -7.1391806914826432, 0.4679311359871214
956, 2.1473220297564377, 9.9995594839798692, -9.3590633616348384, 0.4229947534043395
957, 2.7924118037332923, -0.7963459536271871, -19.0000595828213505, 0.4314663266937721
958, 9.5423241518514406, 9.9995952397661814, 1.8692161575808113, 0.4422694985940704
959, 8.6240789300737184, -1.5635908396411979, -18.2764891280648385, 0.4470782939591867
960, 8.5626322967408814, 9.9995201145057884, 7.7007251295082177, 0.4293839700919300
961, 11.7995075359505499, 9.3508387423782224, 6.0354892671047029, 0.4676083763047929
962, -0.6276210715134980, 9.9994909581431042, -9.3966356172643142, 0.4264916147627286
963, -2.2206193768614115, -3.0644972812697024, 5.1805629983766321, 0.4508413227958615
964, -6.1105000091638635, -2.9380312621403308, 5.2420962653060235, 0.4614941556009687
965, 3.7940476373817567, 9.9771279984367780, 9.9994865037763709, 0.4508147431992341
966, -3.9180982262252577, 9.9765980774141720, 1.8296407542614392, 0.4694641077990144
967, -8.1995345201796717, -9.3057382787259133, 3.9481378544524177, 0.4291251812836042
968, 8.6433575202510013, -1.4407486041363389, 18.2732272500660180, 0.4710174464272274
969, 6.8625278866751502, -0.9600974282977447, -18.9999219550953988, 0.4356382260806442
970, 7.8112486221532116, -8.6855744225185418, 0.4168001436417347, 0.4628702332973694
971, 5.8179744196349938, -0.3863738758868601, -19.0000212835218143, 0.4450003928596601
972, 2.9822828302462496, 1.3185907457711170, -5.8760782271437293, 0.4332770341443498
973, -8.1995412435706321, -8.6962474970423891, 5.0430629802461038, 0.4260221844031115
974, -3.9757467251770731, 3.9535019663742959, 17.1800432559440637, 0.4619084991201309
975, -8.1994398863584479, -8.2707219870489208, -7.8050250500239979, 0.4283331359666380
976, -1.6521914686964676, -6.0904309646304222, -15.4620327241552538, 0.4314967044073793
977, -8.1994594107729970, -7.6875518827732163, -7.5076139914593201, 0.4666502804783855
978, 10.4813320928966451, -7.3086960513553167, -9.9993969080595733, 0.4398265375514956
979, -7.5322983925100999, -4.7663511163763195, -3.6543923840505541, 0.4384566313585898
980, -8.1995537318104983, -7.3280054594536290, 3.6834183037288870, 0.4492602240665667
981, -5.9208592234791295, -6.3341749297782810, 9.9994916131627836, 0.4440146336993019
982, -3.1028321237371252, -5.0059430317640974, 18.2892606288833086, 0.4709141561256028
983, -3.9758784199066959, 5.7736560872016218, -1.6795153359230353, 0.4818903392198033
984, 11.0973676810048048, -9.9993478684836763, 5.4583134264583766, 0.4260132051278145
985, 5.7608307779717158, -2.5480070287915537, 19.0000237512618355, 0.4409130356606733
986, 2.4611127288421639, -6.2773934210034108, 18.9998000000000005, 0.4565130526425849
987, 6.6269338509579176, -9.9995148708074861, 8.7648024719215911, 0.4518223760421866
988, 7.8330770266109679, -3.5465037745183303, -16.7879301940712296, 0.4583094502641876
989, 9.5359926374433037, 9.9995819317220924, 3.2231257717694159, 0.4644109483616459
990, 9.8223978803617644, 1.4640727159467590, 5.8163450871506912, 0.4438909806932475
991, 9.8001793508152222, -5.9940485417806952, -0.6449390401891725, 0.4502952900914124
992, 11.7996973654708501, 4.0405826323815726, 9.9680419643345690, 0.4385159932816139
993, -4.0542377502942744, -9.9994115205962544, 9.3456206491629494, 0.4269846171126326
994, -6.8385330331404575, 9.9994940724260992, -9.9801067921758388, 0.4245839429569322
995, -7.5002905474753438, 4.6289635368023481, 9.9995670508375039, 0.5013530142487090
996, 11.1873938711859644, -9.9993646713153748, -2.1003694862882258, 0.4452039189111753
997, -5.1585421800751732, 0.8133290484161839, -18.3213452204841296, 0.4354508533730467
998, 7.7719600078828304, 8.6212837004226142, -0.6465472529078502, 0.4420900154170225
999, 2.8370153977377526, 7.5868642523928314, -5.9041646815859483, 0.4476780848317300
1000, -3.6064368633813246, -6.0734073018760952, 2.6218616438913935, 0.4210062624653347
1001, -8.1995140714002570, -1.9306267757387667, -7.5792457884300530, 0.4361646876894342
1002, 0.2006716380787135, 6.1403528990326910, 18.9997594381501216, 0.4630124878029326
1003, 2.2373878700432384, -7.0003409136883317, 13.1521858655816200, 0.4469942160010958
1004, -1.0925749622819396, -9.9994356259380499, 9.9781288365468797, 0.4532789678714639
1005, 11.7995273659088227, -1.7293422702799468, -6.3673565289581227, 0.4445443647959127
1006, -5.0901201252650310, 1.2459190209031543, 18.3337896885277019, 0.4356946218177857
1007, -7.4642831026208762, 5.7204471074628973, -1.8541608367680189, 0.4326595670497358
1008, 8.4674282573883435, -2.1664913162842465, 13.3159012029131318, 0.4723812862256592
1009, -8.1720697725720175, -5.7531991084521366, 9.9994588622029816, 0.4659782637082342
1010, -8.1995009333490767, 8.1068319800353859, 4.7828881079158245, 0.4413519176213698
1011, 7.1034409578236648, 7.2543933152868316, 9.9995642779072913, 0.4476010486086134
1012, 7.8179364349683231, 9.2957485793188006, -0.3415238777475351, 0.4506106554069931
1013, 11.7994645270583263, 7.9761065525370025, 9.2327753010547244, 0.4665653174740501
1014, 7.5464717908220837, -4.0173761085043287, -15.5542820247419087, 0.4380699904421691
1015, 9.9169731723123817, -4.5975304829925054, -3.8737903321483365, 0.4236493496827105
1016, -5.1493198594176066, 9.9995406884441547, -6.7536312212478293, 0.4496367185168273
1017, 10.5338765225268354, 3.8159033718688362, 9.9994319830975211, 0.4404725363343064
1018, 1.2808284674709827, -4.0041539640683617, -19.0000344670318881, 0.4678829356857937
1019, -1.5344719623337728, 2.4930405866339909, 5.4602846752116569, 0.4760723497221063
1020, -4.3588760272630953, -9.9994795281083722, -8.0420472808376129, 0.4304019587666110
1021, 1.5024153670941678, -4.4823565202767872, 5.9884956746950042, 0.4504025905216773
1022, -2.0145914499899096, -5.1501772162738977, -18.9996863775326013, 0.4451344349405011
1023, 8.1894833428218732, 6.2519929086635200, 9.9995933184527033, 0.4349353009364169
1024, 7.8162505425388371, 3.5752329964256169, 14.8404770601864069, 0.4565995115272440
1025, 2.0371624942658082, 4.2613065210458982, 19.0000024895191864, 0.4609263254496310
1026, 4.6507566978765214, -5.3457116320448703, 5.3015416031722182, 0.4315137366727488
1027, -5.5429404284444113, 9.9996272889564946, 0.3693281351685155, 0.4502729659964870
1028, 3.8570025021058303, 6.6915313838470336, 12.7852452654476476, 0.4484898043589361
1029, 1.5512752870090514, 9.9994914309131104, 7.9254170371244230, 0.4358742552071386
1030, -4.8798200844816497, 9.9996101440520953, 0.1376604307373060, 0.4502729659964885
1031, 7.4065379297949638, 4.2061323798739609, 11.8536360928927369, 0.4605514632718588
1032, 10.3354291233245341, 3.0564843226662144, 9.9995027629548918, 0.4455327638006734
1033, 4.6532907736962823, 6.3981977399526242, -13.6783078102466469, 0.4262910947545604
1034, -2.1728211856597195, 5.7763751216920616, -10.0236246250873435, 0.4254144652373795
1035, -3.6750132067924559, 0.5556288678614481, 5.9948107683868495, 0.4306074975828572
1036, -2.5690201934207302, 5.1926576057385265, 4.1157576648214969, 0.4378719681925607
1037, -0.3707062325128234, 6.6692236242259408, 11.9109574129074502, 0.4268848674992249
1038, 11.7991125365933431, -2.7516549071030152, -5.3655436269075141, 0.4410284606723757
1039, 11.7996052209212223, -5.0112661630840947, -9.2990297554924517, 0.4531131551567028
1040, 4.9362206904455528, -9.9781464032727119, 5.1083075992734432, 0.4390410324448566
1041, -8.1996009947055786, 6.5998596134910024, 3.4308421717195356, 0.4478521814340948
1042, -0.7891864434107170, -9.9994793159477720, 9.3819794123375555, 0.4529113015204680
1043, 11.7994999426083709, 0.7387930698171608, -7.2990769238361475, 0.4327885836272435
1044, -4.0148999530925895, 9.2439755551190466, 1.5125426922172855, 0.4819684311556958
1045, 2.3493933660844060, -4.7493720738167413, -19.0000826728070038, 0.4334154305142779
1046, 0.3670991075782611, 6.8551840722551720, 10.6483897961351044, 0.4674364541646907
1047, -2.4016276708595123, 9.2894072755749164, 9.9993469440355174, 0.4479033113284804
1048, 11.1001283429898798, -9.9993967925361229, -3.4583275248758230, 0.4316655902395994
1049, 7.7709013954464057, 6.0018163860441733, 0.6205798340272717, 0.4709080897705074
1050, 5.7712872791495755, -1.7721003897285388, 19.0000242892746023, 0.4409130356606736
1051, -4.7199450438389876, -2.5869164252745098, -16.0053009061513407, 0.4559555484323329
1052, -8.1995411764678199, 5.7589461091890168, 5.4227539701993459, 0.4373457332688113
1053, 11.0825556845832320, 9.9993204253203753, -5.3834139375501220, 0.4582087764983753
1054, -7.4945538181929106, -2.5735042889010784, -9.9996466383205522, 0.4512789040038592
1055, 9.8711356676689519, 3.5112947186047703, -4.8617627186643606, 0.4401464174836562
1056, 7.8019742275899953, -7.9554534074450602, 0.3395182084460375, 0.4451306680903502
1057, 3.5137178569487313, 7.4508758851102659, 9.9997252815480344, 0.4388759271545698
1058, -4.1964754319624591, -8.0778837724411936, -0.3308794592997896, 0.4343702372752919
1059, 3.1207591996430084, -0.6841682790081205, -5.9807347800453137, 0.4160946089705498
1060, -3.9196704145741683, 4.0335332163558943, -13.3040313001281998, 0.4593625671670828
1061, -8.1995154024784895, 1.8060311926512365, -8.7452015613325358, 0.4749874343824881
1062, -4.1662400102948514, -9.9997578567370144, -4.1325924009937332, 0.4326733134834846
1063, 7.4885533134321172, -4.1052786872055655, -17.0641364460295009, 0.4583094502641866
1064, -5.1966316177584604, 0.5362972003224505, -18.9708188950327674, 0.4224899186684549
1065, -6.9448687265176847, -0.9719126947528504, 9.9995550212525490, 0.4283085143609665
1066, -4.1901913978450498, 6.0083152389204377, -0.6046183650133521, 0.4555924249281519
1067, 2.4152183617123346, -0.2042555481823896, -19.0000000000000000, 0.4236962540311812
1068, 11.7994847756143759, 7.2162954998055131, 1.6533049197074035, 0.4607993858052082
1069, 8.6728827985409787, -9.9729427129979911, 9.9994518113611708, 0.4543416691077520
1070, -2.2246598789884588, -9.3220127662075090, -9.9994448132640077, 0.4358418394361402
1071, -8.1995375433248903, -9.2391116208976829, -0.8358621584940372, 0.4828702719065207
1072, -5.2041126440246241, 0.3802109169448388, -12.5195602039981999, 0.4856636347966053
1073, -4.3707225521375141, 1.7564015303211897, -18.9997846765181642, 0.4655615626534422
1074, 11.7996809166646397, 1.3707297096901336, 9.3026030640311923, 0.4485468742689895
1075, 1.5689499481926750, 2.5652113977082620, 5.9944877372990772, 0.4454847617638555
1076, -8.1744755550097352, 9.3372218211509015, -9.9987554093029054, 0.4814003668242242
1077, 4.9461789316157354, -6.2519887029158525, -11.7034897130086950, 0.4728704690870897
1078, 5.7675630270654663, 5.7653273263085039, -12.2397407862261804, 0.4660146046085201
1079, 6.7371148201409419, -9.9997388990761706, 4.5604030450355344, 0.4626115061617401
1080, 8.8905089105658810, 4.3780936705071056, -9.9996936548486044, 0.4370497043318628
1081, 5.5810125259477639, -8.0600790758541585, -9.9994479013078763, 0.4350536191862221
1082, -3.6681407660150072, 9.4159587389764710, -2.4876361014019372, 0.4686368461721749
1083, 8.7081868390184276, -1.1736821100234240, 16.2430529936151089, 0.4381483257730194
1084, -8.1995033410599572, -3.5421208133959388, -8.6612085928278173, 0.4324776994978812
1085, -8.1995353360156926, 2.4893041916031247, 7.4834943862747441, 0.4419513744803107
1086, 10.1913467267326201, -9.9994672979809813, 3.1968984818108792, 0.4402167209283763
1087, 7.4056222990876552, -8.2043099987174184, -2.1568080747265355, 0.4346032342761156
1088, -2.7711604119394408, 7.3464627971745742, 3.8864651817970177, 0.4298128291966085
1089, -3.9275104978323858, -7.0377314676748384, -1.8373945478197506, 0.4344293853916052
1090, 3.9547757338705321, -4.6801953580038438, -5.6015458326583065, 0.4495933097611789
1091, -7.5282850685192848, 9.9995796220650170, -8.3425973902886810, 0.4360224972751844
1092, 6.4862517584027168, 6.8298138655363321, 3.7642780435160610, 0.4333494214245756
1093, 8.0880387268619014, 3.1060461986242913, 15.2186963593879732, 0.4270200081637404
1094, -8.1995067247557962, 3.1065919766025409, -9.3840459999210761, 0.4724106117459246
1095, 11.7994000000000003, 6.5951968821480591, -7.6127878797010480, 0.4586229316299818
1096, 8.7948892408864836, -0.0122581244918321, 15.7268240835497934, 0.4351464732034208
1097, -3.4019674616326023, 3.7879094822612194, -4.6555768801855093, 0.4265547690072276
1098, -6.2735078547308429, -0.5625901741306754, -5.9922439391011730, 0.4407706595809931
1099, 8.7964359143654089, 0.3290191984632401, -17.2144420917053118, 0.4754316326131013
1100, 7.4063508148967383, 4.1954023818377681, -10.0229693146173346, 0.4303503728057347
1101, -8.1995089914535164, -2.1420376117113840, -8.1909095948639727, 0.4391945533006306
1102, 9.9036693814760106, -5.0288044979339990, -3.2627764974985007, 0.4408902715602088
1103, 9.9268271764312548, -9.9994252193551123, -9.9777577884029256, 0.4163382368196170
1104, -1.2668388749919195, 7.6248893203130912, -9.9996207548470828, 0.4769927584672901
1105, -4.9109415851821039, -9.9996342347558542, 0.4904209684105332, 0.4447433847254827
1106, 2.7202027633932384, -4.3208419964352549, -5.9248756355674663, 0.4411730268576671
1107, 10.5257690817380958, -0.5465382223541082, -9.9996155441496857, 0.4275939418872479
1108, -5.1761733628901494, 9.9994146433353706, 9.2907306323594980, 0.4635707425655257
1109, -2.3838017904746058, -6.3494134504679378, -9.9997870589534674, 0.4499802196211657
1110, 1.5013710864386314, 9.9994981247261414, 9.2984015497878207, 0.4342780726822310
1111, 3.2780215953198626, 6.8632212271614241, 13.8890222848300073, 0.4228420533872574
1112, -5.1970012144322641, 0.1886512517617758, 11.2961772000735561, 0.4326902019283102
1113, -1.8007486726441573, -5.9990738932368082, -11.5524091847342536, 0.4736175333358248
1114, 6.7201992699220527, 2.9192959192042593, -18.9999176554689910, 0.4306710255619231
1115, -8.1996000017095572, 6.0730790281575233, 4.0620404334231495, 0.4478521814340951
1116, -3.2731648199417664, 4.8196100760116183, -11.4296247357681544, 0.4661278741598807
1117, -3.9744697507453477, 7.1879995990668606, 1.7143959027892077, 0.4760039781962546
1118, -0.5851363781936360, -5.5789095359397995, 5.5387935917702134, 0.4358296603074684
1119, 6.0436145214418371, 4.2605904161412553, 4.2382882184826887, 0.4322230596745686
1120, 9.9698662996674230, -9.9994227457559361, 8.5962592801591970, 0.4461540978567013
1121, 4.9879677626581440, 9.9706718812316097, 9.9994522136729298, 0.4628321039993751
1122, -3.5967524620724705, 4.7024780007046063, -3.7530101166617831, 0.4658783552362152
1123, -5.1487182366873743, 0.9147325338986221, 11.2678599478746992, 0.4284740831030158
1124, -8.1996583723304184, 6.5699184499706806, -3.2572123591236144, 0.4750555910103740
1125, -0.5990831428533718, 0.5442480875017955, -19.0000000000000000, 0.4427604828493369
1126, 6.5700913793069633, -7.8664440411701442, 3.6366324209877976, 0.4563568004200975
1127, 4.5562165176437652, 0.2611827778030922, 5.9960001983428102, 0.4371772343572016
1128, 5.1795931999940699, -1.7259951562528284, -19.0000710846934986, 0.4215159329693990
1129, 11.1197709441612531, 3.9527043985791490, -9.9994145961584433, 0.4689691901511360
1130, -6.2753842378748992, -2.6394410266784361, -5.3836488004522689, 0.4313794357889505
1131, 5.6869307056538432, 2.0774346741489356, 5.6617439375124627, 0.4449376890435435
1132, -2.4419831745927518, 8.7121667093320987, 4.2571584288002517, 0.4334868700559865
1133, 2.2099166291079047, -7.0030845330025580, -11.3392170576968905, 0.4496602281351989
1134, 1.5579688700221896, -6.4583872285270996, 5.9933494023794429, 0.4461085380453638
1135, 8.7022220427971604, -4.5899148526950722, -3.8700160332170475, 0.4161968668017981
1136, 11.7995772634845295, -1.4664991595721029, 9.3225228067878323, 0.4385240989611613
1137, -0.8132166045220833, 5.1713409225279596, -5.4345475154356624, 0.4379534623683468
1138, 6.7182054574381587, -9.9995332886985366, 8.1320037667259246, 0.4540246075494546
1139, -2.8613581068320055, -2.4137284652551703, 18.9999308001798788, 0.4425059341750400
1140, -2.9842488766457307, 6.8669755989148458, -3.6332867805292230, 0.4602601052825707
1141, -8.1995014858119006, -8.7312311384877770, 7.9981788197349566, 0.4452882225036209
1142, 11.7782035042569380, -5.2130433093697617, -9.9993094338253474, 0.4335999925466600
1143, 4.3564500286916239, 8.0076431200228129, -9.9996081241364472, 0.4500686662410585
1144, -7.5871177881011249, 8.5198603932115038, 9.9995959567947938, 0.4606387737222389
1145, 2.1645239022985439, 9.9995131826729402, 9.2706815308391324, 0.4417117264316299
1146, 9.9185152992118670, 3.6992540844345490, -9.9995843432288147, 0.4481096038951971
1147, -8.1995198193594909, -4.6769129640629084, -6.3724130891192265, 0.4376259733815532
1148, -4.8969495766548334, -9.9996675698752480, -4.1525783163591985, 0.4446175776239875
1149, -6.9130371961773056, -9.9995735238757444, 2.9861158049134473, 0.4691158023003474
1150, 4.2376287379254682, -6.5362294871153486, 18.9995661050715157, 0.4571370439220265
1151, 8.2811392499433705, -2.6335786859008690, 10.0267394679154478, 0.4427734462258852
1152, 6.1793109955707610, 8.7008477000023685, 4.1245898179363483, 0.4351974263503818
1153, -3.9566195930451693, -3.9475457301962327, -18.9995388293622653, 0.4478163358676365
1154, -4.4357298578904638, -1.0719621203874852, 18.9997897502747293, 0.4502494020721560
1155, 9.5543469216274115, -9.9994313222996727, 7.9958578266547189, 0.4461540978566998
1156, 0.2906021910559511, 6.8572923769631497, 10.0000419882358624, 0.4642937116196351
1157, 3.6412556198256705, -7.4711118154286638, 9.9996476376202246, 0.4296712689737421
1158, -3.2800218435540911, 6.4532938858973052, -3.1915039881673271, 0.4338613752932152
1159, -0.7187973553193945, 9.9997038041881030, -6.1861520879839276, 0.4250164275458353
1160, 10.5219264429379589, -5.0319256682525078, 9.9993765291248593, 0.4446191539906752
1161, -0.6965629753954775, -6.5418376706898815, -13.6048645910527153, 0.4340859120134674
1162, 0.5907617144637825, 6.8073828475865810, 5.9039258220131909, 0.4428749789753794
1163, -4.1810684778032563, 7.8014147761990049, -0.7023648300468710, 0.4223264828328948
1164, -1.5615139190073570, -6.1463714467058210, -14.3133169251960126, 0.4517899351178497
1165, -5.0590254841910207, -1.4072682195954687, 15.8212988293430143, 0.4563381601949830
1166, 2.2741773214895256, -6.9928669652811317, -15.6052714540497153, 0.4561062288530272
1167, 3.0678872150316812, -2.2398029211775197, -5.8670124954183409, 0.4519523229545848
1168, -8.1995040367774248, 8.7311520609931481, 1.6874716658213846, 0.4506881965839473
1169, -0.3070676025581058, 9.9995837022133873, -8.1971159931492519, 0.4515883870916978
1170, -7.5416451678910130, -1.1982043929887491, -5.8884273888363987, 0.4451927788041236
1171, -8.1995218059770654, 0.4077806788393564, 8.6393695268715316, 0.4349708747017952
1172, 5.0201263448404934, 6.2141123949405008, 14.9487047745236747, 0.4344207986194739
1173, -1.6909627092671466, -6.0666262735249852, 10.6973990934749068, 0.4576023166173814
1174, 0.7880996010101454, -3.5107173205285034, -19.0000021076786432, 0.4684014554653103
1175, 8.5782217164051229, 1.8109181477128422, -12.0537833479828134, 0.4634154849876554
1176, 1.0513653086513066, -4.0072585792884245, 19.0000245809328518, 0.4349000945175784
1177, 0.0812127397544547, 6.7877497190107796, 18.9754112467249669, 0.4640493098102119
1178, -8.1747494160563150, 9.4148505269197820, 9.9997727469533881, 0.4518919555306022
1179, 8.8040907769053423, 0.4306131854004374, -18.9811320433832158, 0.4531927027621185
1180, -0.2698887824835337, 6.7133918783882054, -11.3369929853394282, 0.4295885379639057
1181, -3.2984319747133899, 2.2993795015461451, -18.9997592457036362, 0.4457366107370117
1182, 11.7994775490636208, 5.6128955215463536, -4.7216241905319070, 0.4479348555599708
1183, 11.7994297447283838, -7.9534135525318401, 5.5204314076510208, 0.4589470083274407
1184, 2.5754746492260066, -6.1905543789544559, -18.9997972666320365, 0.4429110749785268
1185, -8.1995039432139052, -5.8220706311228323, 8.0207569472295397, 0.4384560584340222
1186, 6.8799447463156742, 4.8332595245954284, 10.6712799933530462, 0.4586640260774919
1187, -4.2970954326041255, 3.4649251260941822, -15.6164829355831571, 0.4499194651918947
1188, -6.8733961182026579, 2.3775907722136882, -9.9996076934406215, 0.4251308495262795
1189, -3.8373417212705485, -4.1534942129847723, 13.7053616757255536, 0.4392128903111562
1190, -2.6088762628307633, -3.5193607971416796, 4.8541452207868057, 0.4375801920872606
1191, -1.2349177788050829, 3.8403134903461495, 5.1861408379400773, 0.4423674890402781
1192, -3.3488283519296216, 4.7392926790240493, 13.2371907806060243, 0.4554023595949442
1193, -4.8316265606865567, -2.2424781512928713, 18.9783022960523375, 0.4375144253790147
1194, -4.0592914056174614, -5.7387582895193550, 9.9997023429476233, 0.4487038233522160
1195, -8.1994930802493258, 7.2225281503192420, 6.7906937966155416, 0.4640326870630033
1196, -2.2734625576178482, 5.7065372660228695, -12.5130772181596939, 0.4318105695225635
1197, 0.7635971629472561, -1.7198449487588050, 19.0000942639200083, 0.4772423007659596
1198, 11.7994000000000003, 5.1639428709638340, -7.3779815793000108, 0.4433568399383190
1199, -1.4615248505329050, 6.2076207149495195, 14.5270310265138285, 0.4420630465261421
1200, 1.3249005551306268, -7.8514382453215381, -5.9763232274843627, 0.4754277285638845
1201, 0.7847692752254052, 1.0918984486727539, 5.9319062466400139, 0.4674903590233973
1202, -0.5617157052644791, 7.4545722660613958, 5.5393356421698225, 0.4831570532877232
1203, -2.3376704032903608, -9.3612690654006414, -4.3580177145412771, 0.4559812983503648
1204, 1.8537895092039964, -9.9994639386045048, -9.4014310319607404, 0.4562958153674115
1205, -2.1501235796006348, -5.5099701099214249, -4.5182680624536893, 0.4263537123418403
1206, -8.1994583604996976, -7.5121848952011350, 7.3148414989026787, 0.4474278810955644
1207, 11.7996897293822762, -9.3461297213576717, 0.0911464911667772, 0.4769089722429387
1208, 10.4600566698847164, -9.9994415613100927, -6.0226817979370333, 0.4546966762727625
1209, 11.7995730256219158, 8.6478340981457116, 0.2779409328774626, 0.4366372433155027
1210, 5.7843188818722764, -1.4518490598790383, 5.8167476255295147, 0.4433499603770073
1211, -4.8283827117656957, -5.1811357360475299, -3.0539474435056770, 0.4534445533613504
1212, 10.6730426979982127, 5.9738191057803824, 0.7525964466805408, 0.4148821806249223
1213, 11.0845952135090666, 9.9993472751007229, 3.3058328403692223, 0.4650729814256568
1214, -0.2681479661855636, 8.6814302290889742, -9.9995349113945409, 0.4471785134909210
1215, -4.5958243901124085, -3.2135766362247535, 5.0763199923021443, 0.4683151896515649
1216, 8.8026835795187104, 0.6238476414524051, -18.3881501830970429, 0.4363683894074886
1217, -3.9712895654590112, 3.9603710987447220, -10.0204429890619373, 0.4354806159324692
1218, -1.0648683225632170, 6.3888758187284349, 10.6603766011088847, 0.4423146275096164
1219, 8.1438017374985012, 2.9717292584406692, 13.9299548516148235, 0.4444428874272377
1220, 6.1678776241433129, -9.2084019264848003, 4.1217775983791380, 0.4618975157087795
1221, 9.8088881189263013, -9.9995870699518896, -2.8563757343945277, 0.4294255296281758
1222, -5.1116677714543721, -1.0899412182910302, -17.2015597402864735, 0.4536789528111677
1223, -0.3766951278083062, 9.4178808585734064, -5.6208446902510385, 0.4529185067177728
1224, 6.0882830333881151, -9.9995589851196574, 7.9696399723485740, 0.4737288069062177
1225, 10.5179747852825223, -8.6885401808667773, -9.9995097734437017, 0.4662914862197519
1226, -2.2700108638227006, -5.7138785965878212, -15.5145241158933249, 0.4395723021262410
1227, -4.6203503330688944, -6.0820864207995413, 9.9996657335317600, 0.4511933221171028
1228, 0.0738885006546566, 6.7813387220380470, -16.4774165142688886, 0.4373326246645994
1229, -4.8984259368948715, -2.0270582505108052, -15.5991450473067985, 0.4337366330930233
1230, 3.2727019082682154, 6.8589190947518901, 10.6788169998587783, 0.4456450639957832
1231, 9.3436516112528043, 1.1825362707230456, 9.9998225095820938, 0.4250443487705846
1232, 4.2463356708335009, 6.5610221165760674, 18.2935212046689308, 0.4692630930445341
1233, 8.8022501382048937, -0.6454349026212984, -14.3649658823790709, 0.4462520224542122
1234, -3.4204425583515738, 5.1731847348502349, -3.0666466170194919, 0.4658783552362159
1235, -3.3068828624079152, 6.5099194992791807, 3.1474056318489416, 0.4254617733113576
1236, 11.7996997712831266, -9.9750232917849626, -2.5189780428534903, 0.4582418267386415
1237, -1.3622067093670218, 6.2575415192654855, 12.5699158109421791, 0.4308496742431768
1238, 8.9186141071946281, 5.9426631116302540, 0.8503431577518883, 0.4359507985295143
1239, -3.3359482515828387, -9.9995055033297113, -9.9759366331896597, 0.4387353159508992
1240, 6.6097965653229798, -9.9997031394252733, -5.3223980819035441, 0.4275488996039282
1241, 11.0973461354383076, 7.7122110171921650, -9.9994518844247899, 0.4675945285723040
1242, -3.8514316184090189, 4.1301089924016212, -10.6722975302572625, 0.4425634197427125
1243, 0.8349470905529455, -5.5148260134853953, 18.9998280307549159, 0.4464305284968161
1244, 11.7994860798401255, -1.7574811488203919, 6.4402009535498612, 0.4600699854591333
1245, 9.5476440576980934, 3.0333342050868928, -9.9996852568940309, 0.4431913446378120
1246, -0.4573864024821824, -6.6404864348482384, 13.9550253274871974, 0.4573936700998279
1247, 11.1174384492426892, 0.0138132182258426, 5.9983414100485302, 0.4575444944670596
1248, -6.2204894821787056, -2.3940698362507091, -9.9997715625062700, 0.4446796472632097
1249, 11.7748747920004924, 9.9991911214163878, -0.2091086438172312, 0.4671827236522116
1250, -7.5931788455018081, 6.9910389789743101, 9.9996100577699139, 0.4373160528508249
1251, -8.1994189151276018, 8.5190740475694220, 9.3475699638868406, 0.4686992266496913
1252, 11.1035422792765388, 4.2907516639466570, -4.1918488631710318, 0.4564769183440091
1253, -6.9405329314066746, -5.9899458397842196, -0.6598590970024404, 0.4732359837492341
1254, 9.3711815757087020, -5.7727189547978348, -1.6408351571296822, 0.4437862069167280
1255, 6.9294163489892702, 9.9996939019732221, -5.2841367615507071, 0.4778274506537498
1256, 11.7994558930535671, 7.1366716320325159, -3.2781462843867026, 0.4715636070981261
1257, -8.1709340238204593, 9.9988939344686436, 9.3801902434755107, 0.4756144369241411
1258, 11.7995000000000001, 7.4586950881929015, 2.4438935557008357, 0.4578120466904049
1259, 4.2895292721255300, 4.3070451320662650, -5.4531434932448999, 0.4350151487943114
1260, 1.2356927874181522, -1.2156016952189377, 19.0000601166452938, 0.4481869825949715
1261, 5.6742001074238937, -6.0420661211992304, -4.6203697563115789, 0.4194624915235438
1262, -4.8273789334788413, 2.2487762764586408, 15.9618600367308954, 0.4354418815705986
1263, 8.3615891105057152, 8.8036982225165943, 9.9995030903698030, 0.4625531654814660
1264, 3.2021577724286754, 3.5961865573058889, 5.8441826298515513, 0.4278106072371358
1265, -4.1452570330587646, 3.6999834619214647, 18.3462740886048685, 0.4339428867508102
1266, 2.5431771114668282, 9.9779839858956727, -9.9994888565558337, 0.4281693783297665
1267, 11.1292573719303256, -0.2095654362846615, -9.9995419719812215, 0.4353455969958160
1268, -1.2195504808805198, 3.2209530684408585, -18.9999628484036833, 0.4372449478711563
1269, 11.7995915466378509, 9.3517147157320597, 2.7180444207562235, 0.4438994698609658
1270, 0.7654686885390986, 6.9287587477679917, -18.9991373902037104, 0.4531858717482737
1271, -8.1995748788575646, 7.0847096528149693, 1.2058445075662108, 0.4280815395590608
1272, 7.9108319099300406, -3.4146471115537618, 12.3754056548329778, 0.4604987455965515
1273, 8.7860432569897107, -0.7541913461402355, -15.6424494480139735, 0.4343805036090643
1274, -1.2139782178935867, 9.9995755948161626, 7.3625061769352573, 0.4622287585709821
1275, 8.9545168583152819, -2.0481815533623160, -5.6623817114400010, 0.4258916553231399
1276, -8.1994962647394551, -6.9250555498014830, 6.8757560878818138, 0.4678245207212623
1277, 0.1329251997138585, -6.7958929458914117, 14.5207216500480332, 0.4503965224778987
1278, 0.1770989919060776, -8.1427064205633393, 5.7768666017073294, 0.4763777157552861
1279, 11.7996751889068090, -5.5099551682338390, 9.9732188185793333, 0.4486596799818157
1280, 11.7995000000000001, 6.7137751371974730, -0.4821939874418232, 0.4578066586918408
1281, 2.8089826865278478, -2.9257417812708648, 5.9106076364902167, 0.4502005954117229
1282, -8.1995867787156644, 5.2043114246940601, -5.1409189398746840, 0.4408626268202009
1283, -1.0491595885393630, -9.9996011166054490, 7.0083415457110254, 0.4415754649478266
1284, 2.9468134434904854, -6.9083230223569583, -17.7129879403363226, 0.4543488948741176
1285, 2.0532771174987117, 9.3298738910385257, 6.0035614091571725, 0.4235252337831630
1286, -2.1446693000716555, 5.7938811431439650, -11.3221100666944494, 0.4356136199098181
1287, -8.1995132778202340, -7.4899111016351076, 6.5402466641776948, 0.4258780619994922
1288, 11.7732728326264553, -4.3190607675768753, 9.9993854436150862, 0.4566341968176756
1289, -4.2570347882579984, 3.5853181819093725, 10.0005961215234791, 0.4597858129387929
1290, 2.9195971762077551, 9.9994956909774437, 7.9515055081299062, 0.4447515381819843
1291, -8.1996161850787317, 6.5457018310858768, -1.3356660856471108, 0.4705888619008272
1292, 5.0897916840556370, -6.9161162392789777, -9.9997911177724905, 0.4294912533104568
1293, -1.8392095023590638, -1.3335801121025428, -18.9999611617415347, 0.4426077996355349
1294, 6.8657494470181524, -9.3506811993896122, -9.9992475811406489, 0.4420788030208332
1295, 2.7910077882981073, 8.2668013147430610, -5.9133414089977592, 0.4339955203586019
1296, -4.7029869098944808, -2.6306860716612257, 13.0137898971633277, 0.4377658419415464
1297, 7.9608989753463124, 9.9993536863898793, 9.9820834265209246, 0.4483398159829611
1298, -5.6393709429747698, -4.9931829137181092, 3.3208799605704722, 0.4486661303734950
1299, -1.4272484282711864, 0.4541609504183346, -18.9999459954302168, 0.4427604828493372
1300, 0.1805140100786901, -6.8122725733878973, -18.2937473038274270, 0.4355730195133930
1301, 6.5516205835433983, -9.9997385124987375, -4.6170038432955476, 0.4538780941557928
1302, -3.6327450230105423, 2.9100545990964433, 5.2543407198930074, 0.4349635629410903
1303, 11.7648211033019550, -1.8551128565396053, 5.7170756704263113, 0.4276782239866827
1304, 2.1694814901851323, 7.0115400681705076, -14.5436864363577225, 0.4265189294952699
1305, -8.1995176076629779, -8.7532563522551552, -2.7233010531169746, 0.4348253167814018
1306, 1.9276831413894608, -2.7398189383927174, -19.0000876281605535, 0.4390388776056677
1307, -4.1247001600316660, 3.6713705975707933, -18.9998081557452991, 0.4430775883462329
1308, -3.7196001671338870, 4.3342885915333600, 18.3526225338855760, 0.4475330018817531
1309, 11.7993715964041002, -8.4689267162691078, 9.2979191541447168, 0.4396456761674065
1310, 2.2170467227787864, 9.9995173922702705, 7.9724726493236213, 0.4401965846505829
1311, -0.0293474361460141, -6.7566903185841394, -17.6035038961089541, 0.4567652044645382
1312, 5.1731097847059306, 7.9430042042221904, -4.9592851365030439, 0.4579707375265585
1313, -2.3441766746206656, -9.9994952638532819, -9.3170361200485274, 0.4934898001537785
1314, 4.9856582973085732, 6.2307502216430555, -15.6346271210854493, 0.4420319069685428
1315, 5.8490376704803042, -8.4591659215999151, 4.4283322258852866, 0.4679152918587853
1316, 9.5176808733981790, 9.9995620893119010, 6.8603914789818621, 0.4321447892674696
1317, 2.2307640188375224, -6.2583764203238070, 6.0042472650152945, 0.4286639813142911
1318, -8.1708129863674248, 6.2518337006660687, -9.9994265248063208, 0.4795562590096089
1319, -2.8891796971106580, -5.2032549510856292, -13.1528426259774189, 0.4475785431241406
1320, 6.9713203826385222, -6.6025700898412385, -9.9995463717593616, 0.4501073514874235
1321, -4.1524648664617949, 9.9784327530436219, 9.9994451609342612, 0.4302274935193776
1322, -2.4682940520985626, 1.2251311203916977, -18.9998705790007598, 0.4216184868165180
1323, 2.1405443723175499, -5.6740381684433361, 18.9999019543685748, 0.4562681915545924
1324, -2.6829882467696295, -9.9999211810659059, -4.0271790243345897, 0.4432474690461559
1325, -8.1995513114969185, 8.8226344872314648, -0.2147779883585235, 0.4710452678750111
1326, 6.7121426907504658, 4.9908584686524780, -10.6628011884981522, 0.4450794082485484
1327, 11.7748892475378302, -5.8692182173916931, 1.2720037536505182, 0.4385006148821644
1328, -6.3592299984039506, -9.9996311179945270, -1.3589866433668949, 0.4725673170299584
1329, 1.5368625753012117, 6.2104751856368159, -5.9923928153600574, 0.4538250595093675
1330, 3.5952867362347161, 3.9368762322258770, 18.9998868121869293, 0.4702509572465276
1331, 3.4693977308726889, -9.9995106750033482, -8.5628494870360683, 0.4415456502568322
1332, 9.1439144167965640, -3.5139678652151796, -9.9996432341438588, 0.4248030763795133
1333, -5.3637838286576711, 5.3599196571322674, -2.6960712228049029, 0.4756180259628762
1334, -8.1995589843622607, 3.2171799088405151, -5.1101380819125612, 0.4891346830236210
1335, 4.9556473672954828, 2.2487512518027830, 5.5761506224427562, 0.4321284811191099
1336, 6.8032123854747102, 7.0805273351007463, -3.3224686258301501, 0.4294957067520119
1337, -7.5687796329246559, -0.5555023031433156, -9.9996345680718921, 0.4785774678770622
1338, 8.4144934927437767, -2.2850044736852757, 18.9995051625714240, 0.4377874418142631
1339, -3.8459839448087401, -6.3701464290827561, 2.0094447210454405, 0.4297811432750708
1340, 11.7994459620182379, 0.3130039423704481, -6.6823576467349621, 0.4374061462236387
1341, -2.2471994563119888, 4.1167444058259992, -18.9998307383646114, 0.4291111386311969
1342, -1.6736600898377172, -8.7817262257478603, 9.9994781229200989, 0.4452174119166788
1343, -5.1549749144624855, -0.8621712661134151, -12.0492756275790764, 0.4414837243933170
1344, -8.1994966332899217, 7.0929588614418062, 9.3716443539185459, 0.4277255252692473
1345, -2.3986666330679847, -8.6053512818248930, 9.9994233868734401, 0.4558972953931600
1346, 0.5625409289585663, -6.9025800097430050, -16.4027110711989366, 0.4474323766440644
1347, 4.4848654820119913, 6.4782977639340436, -17.3476742868951739, 0.4446614946194991
1348, 7.1402780160515835, -8.6230208059949653, 2.7372718815473727, 0.4904666833806891
1349, 3.5848540139263472, -3.2811394289654303, -5.7535738411510149, 0.4628753012118644
1350, 7.6130958698671520, 3.9122681988847807, -14.8541241537903783, 0.4437061736152743
1351, 11.7747540052348487, 0.0225526008953287, -9.9994852657230684, 0.4550196444711243
1352, -8.1995019820864261, -9.3771314702993891, 9.3675577803041836, 0.4633422975721350
1353, -5.5092227049145919, 2.1235790623460851, 9.9999254012466814, 0.4320895275036924
1354, -0.6496418352319140, 4.0622551837667462, 5.5063678795249835, 0.4325860134083698
1355, 7.9498975395174281, 4.7736526194509832, -3.6735664687972740, 0.4687177508412851
1356, 4.9948487246678210, 9.9996106135687235, 5.0965576438725630, 0.4347474498605136
1357, 6.8888986094537836, 9.9995186503454914, 3.2461191120262538, 0.4601363488154461
1358, 8.2042449706711018, 9.9996130155665401, 1.7576712928711327, 0.4749923685624565
1359, 1.4921872243043739, -9.9995678851872700, 8.6465334054050267, 0.4618622778614249
1360, -8.1995720137013333, -7.5262539754103939, 1.7076316339193160, 0.4443858284941914
1361, 8.5374670902243732, -9.9996409480803496, 5.4647028628076866, 0.4435084880153128
1362, 6.4953354259352283, 2.0457270369347862, -5.6766360179511679, 0.4444916173270514
1363, -4.0808813621619615, -8.7662009352849708, -9.9994772505296350, 0.4212036145446617
1364, 11.7995000000000001, 7.5450201579858192, 3.1933637688415217, 0.4337039573270166
1365, 9.4778624645356579, -0.2836148885466953, -5.9982833651800833, 0.4434954153631984
1366, -5.4478977409187035, 5.8538025814493233, -1.3587322042027572, 0.4398467721296972
1367, -1.1384073432903605, 9.3708589029137013, 5.2380815476994664, 0.4693015714647893
1368, 3.1957217581321755, -6.8843111271886421, 10.0127718464373689, 0.4474099209660235
1369, -3.2109642259711744, -4.8889103374724572, 12.6426035223873861, 0.4689593894472898
1370, 10.5046534977095067, 9.9994611050863043, 8.6479611175829163, 0.4452437694878008
1371, -8.1994782190969318, -5.2014947049076667, 9.9753234533738109, 0.4619810212059349
1372, 8.7963938783749818, 0.6785242630238304, -12.6467641360523544, 0.4563738118732040
1373, -5.1220715337132736, 1.0290097256476125, 15.7799610136954271, 0.4315749755879781
1374, 11.7996426194342714, 2.4032312352992538, -9.3196262570583173, 0.4866168971489291
1375, 8.0796345900184630, -0.0673435894786331, -18.9998710559820516, 0.4649227172669648
1376, -2.5760683816580263, -5.4910883669080937, 10.0003905451982664, 0.4535337024224665
1377, 9.2341060003005140, -1.1596363141262809, 5.8871969229958969, 0.4331278564784276
1378, -8.1994893768732222, -6.5344468583337534, 8.0735374247540932, 0.4342809238607144
1379, -4.3551258591717934, 6.2258931557540702, -9.9995339458821491, 0.4444625776923505
1380, 8.0592728033037631, 9.9995329041950161, -9.2612249883995439, 0.4583170048031919
1381, 2.4562824006309287, -1.3999000599199132, -19.0000787773914759, 0.4477222158380001
1382, 2.9255423989323774, 2.9215597914600009, 5.8905924103467964, 0.4275327942511601
1383, 1.2443554948091584, 5.8379675220693397, 5.9699156039775128, 0.4374576922004971
1384, -3.8289325108774839, 6.0436238106683398, 9.9996641554406249, 0.4199594232173890
1385, -1.6032457762780170, 5.7544948037339987, 4.9608443810160150, 0.4196434859486434
1386, -6.6542101167841166, -9.3414138845811880, 9.9995126270731731, 0.4466316575567413
1387, 6.3766465179851100, 2.3094788117785146, -18.9999199751243708, 0.4175115054088990
1388, 6.7685977806129216, 4.1734043217478174, 4.3204598841679447, 0.4390361442091154
1389, -5.0950118544982184, 1.1947239616366150, 14.3853448201145895, 0.4297692814947743
1390, 9.1530570429534048, -5.5891767801740615, 9.9994790017283162, 0.4367578336417249
1391, 11.7995000000000001, -6.0986592779722058, -7.4637145260066582, 0.4474743368679519
1392, -0.0647847262493410, -9.3026100458309369, -9.9995144401695839, 0.4413350044708486
1393, -8.1995256402698171, 4.2620488220872090, 7.9697429273237548, 0.4459300889698209
1394, 11.7995692752712849, -5.7108739385438412, 9.3047010771586933, 0.4486596799818113
1395, -8.1749798512189535, 6.0204176679462504, -0.2952973011165158, 0.4350143355631094
1396, -5.0232818687462268, 5.4176125618399213, 2.5796474388728852, 0.4481368779363242
1397, -5.0391642666459990, 3.5539740157266220, -9.9997670703106039, 0.4327420548417364
1398, -4.9448911062949383, -1.9641608923662273, -10.0001214719419451, 0.4379899286157907
1399, 1.3985860441882325, -6.9852661470190558, -13.8932439372518033, 0.4350176274906143
1400, 11.1244587584157859, 4.7025314476298012, -9.9993588320158153, 0.4641397937796005
1401, 10.4298556240965894, 6.8276693538308368, 9.9993847307814505, 0.4406034933217732
1402, -0.0907486710863760, 1.4098562340430634, -5.8304975422721945, 0.4436893105858916
1403, 6.9146693575242031, 4.8002226810545325, -15.3470490164614777, 0.4385946819078570
1404, 1.2679452875886490, 6.9784824063885198, -16.1918630883683150, 0.4492274532896584
1405, -5.5444724267435275, -3.9040008107153752, 9.9995974721698548, 0.4624770991657303
1406, -8.1995400186055232, 1.0749806726419859, 7.2912881219121397, 0.4419390917813624
1407, -2.3397318706340693, 4.7799442354021604, -18.9997219621144922, 0.4611541863410663
1408, -6.6974837786937771, 9.9994922249966915, 8.0486945376743702, 0.4678311439709753
1409, -3.9136003499183025, 4.0478192442312917, 10.6794153845160817, 0.4775321873652602
1410, 5.7282541040246970, -5.0001386565310515, -18.9998065884517437, 0.4719887719828212
1411, -5.5245198486648208, -9.9996269402427842, 0.8412415699471982, 0.4447433847254827
1412, -8.1743731576216767, 9.9996702580665247, -9.4037475918950495, 0.4814003668242247
1413, 7.7115210469313960, 3.7500377301675254, 17.8020844667031142, 0.4767558215557766
1414, -8.1994720100834666, -8.0313391217279531, -5.9437742491615495, 0.4608062928057658
1415, -2.4120784885701987, 3.3089379867519861, -5.0214012737071583, 0.4386837642638875
1416, -0.0985744048955707, -6.7080205998860771, -18.9996901489747110, 0.4450324000027911
1417, -3.0333975863596052, -7.0224216625653781, 3.5803253741981429, 0.4937954839476981
1418, -5.5349563793092615, 8.7074151095943595, 9.9994683206339108, 0.4421799244207952
1419, 6.4120249794525384, 5.2283645390389530, 18.9991010912365113, 0.4697705258330258
1420, 5.5942950048357059, -2.1450531037564877, 5.6415188316579323, 0.4263818859430987
1421, -4.8638276380477610, 2.1327204484510154, 17.5095771966441944, 0.4482286892335373
1422, -3.3892651677934760, 2.2885182987516459, 5.5643073542531063, 0.4349635629410905
1423, -6.7050722024535947, 4.4702662930245047, 9.9995634015691728, 0.4433552660317150
1424, -8.1995045300127067, -3.4671207106138877, -6.3796440796649598, 0.4488589725670229
1425, 11.7995098661506095, 8.8636549330563597, 3.8282181749553579, 0.4560219197240548
1426, -8.1996196030526267, -6.6516052551896481, 0.6693397560740653, 0.4467965723909486
1427, -6.0822218262095058, 5.7402821143445255, -1.7586412252142603, 0.4379449994134411
1428, 11.7995799759496105, 0.8669360529949894, -8.5693108778699187, 0.5113445052056635
1429, -3.5577961478266968, -4.4640320074932172, 18.9994141481982091, 0.4599790274235506
1430, -8.1995049518259702, -6.0678128019399553, 2.8112813852842602, 0.4347099787658883
1431, 8.3374520864399209, 2.5634061054861892, 5.4207497284852346, 0.4318555837336250
1432, -1.8060318818263243, 5.2758054490371835, 18.9996377438390169, 0.4598884059309360
1433, -1.4606809559919940, -6.2062455587813030, -12.2872026805824266, 0.4563784467501729
1434, 7.7011045684823376, -9.9997020673957149, -1.1773318028851254, 0.4401384987065972
1435, -2.6505668390175843, 3.5373249685435653, 18.9997764128162352, 0.4594557716090218
1436, -1.7789717039336779, -9.9995434614495036, 8.0345325465945070, 0.4332682766392316
1437, -8.1989982396005221, -6.9518395867116176, 9.9747440187377663, 0.4717473838514353
1438, -6.6036906333054191, 9.3404808910013273, -9.9993990652232831, 0.4271280003090396
1439, 6.6023926017265140, 9.9996445194087062, -4.5636356349679099, 0.4366031160599174
1440, 2.7364090334686333, 6.9339811601443051, -5.9223577258730176, 0.4476780848317317
1441, 5.3507073985618705, -1.0542814315749567, 19.0000576862284341, 0.4431771792299781
1442, -3.7999808340797681, -9.9994112212785531, -2.2369202463063167, 0.4429092678984669
1443, 8.1656161297528733, -5.6241373480202199, 2.1085670146926372, 0.4524863686446172
1444, -6.2804677041269379, -6.1849766335332603, -9.9995641699401663, 0.4319006554883413
1445, 7.0219595266744497, 4.6701369060666780, -14.0104609366001434, 0.4348410614776898
1446, 1.6349294281386038, 7.0064275041648578, 17.7600554578345964, 0.4400237936304670
1447, 5.7393800682946949, 4.9827837356133804, -18.9998424880325594, 0.4455490918908832
1448, 11.7994947132050143, 4.2788151128545167, -6.1565133089884831, 0.4686566280368558
1449, -1.1401605322296458, -9.9990241123758832, -5.2460681813598287, 0.4804412255245195
1450, 0.3015671347399235, -5.8117422670551342, -5.8122102586165196, 0.4312631539025588
1451, 8.7974651563254831, -0.0213894155977102, -12.8973206850376449, 0.4545518044709553
1452, 3.2729162792952158, -1.7107855646150620, 19.0000990000000023, 0.4348631650326441
1453, -4.0839718034094323, 3.7918450695906487, 14.9575954668769047, 0.4658292978442883
1454, 6.4993679297243219, -5.1880845818733841, -18.3586207792230240, 0.4412829993267314
1455, 0.5023750114912632, 9.9789025637659670, 9.9994656702965266, 0.4552037331432701
1456, -2.1676581186991153, 4.7807869454924363, 4.5077238208173140, 0.4209922110422871
1457, 7.8121045405426930, 3.5909028114752291, 10.6522828476285074, 0.4437000039102375
1458, -8.1995460611760080, -7.4209178613579905, 5.1415681036904841, 0.4499632700656255
1459, -8.1772003328692335, 9.9992790711823165, -0.0150631144472615, 0.4331180748085310
1460, -0.9079373955546668, 7.1267370039377580, -9.9998556651764137, 0.4776613203137305
1461, 6.5424618263391272, -5.1450276077264165, 10.0239741005419614, 0.4673808104991576
1462, -5.0355059977671894, 1.6190621909213165, 9.9999792831852101, 0.4295387305794049
1463, 8.1341560079513009, -2.9752449199309368, 18.9803839746056404, 0.4351143483837026
1464, -3.9516235948098384, 8.4923594615061759, -1.8092382393805180, 0.4402197936716550
1465, -1.2665318698334678, -6.3010127161347818, 12.7361992733709464, 0.4427332904018969
1466, 3.0219768458204097, 5.0255493072095740, 18.9999308316806292, 0.4346367086642761
1467, -0.7353981204480320, -8.8155635722436525, -5.4574013397003061, 0.4515718501264215
1468, -8.1995415292654599, -8.7090450375983224, 5.7810257878998907, 0.4272870876354910
1469, 3.6945665411161825, -4.0983508173270744, 5.7115680962250570, 0.4418193140151990
1470, 8.0500294289826311, 3.2094173441311948, 9.9998762123868890, 0.4304310322956265
1471, 7.3879954551591913, -4.2250616023795358, -13.2783410865028308, 0.4355246352443127
1472, 3.3043910445414553, 6.8550769061445305, 15.2757511374855248, 0.4630247368529496
1473, -1.7166681957328387, 6.0555305283436187, 10.6600010470454389, 0.4340640149296533
1474, -2.3963794844292354, 6.3695975000290330, -4.3053162219405552, 0.4587298407113715
1475, -2.1012652505007510, 5.8256511990028024, 18.3203804212607331, 0.4414027083983033
1476, 10.8694985340045509, 1.7544414626122866, -9.9995236150827989, 0.4865200126553024
1477, 7.7578676953025401, -4.9330987317771440, 9.9997236872040816, 0.4398314469799811
1478, 5.1799048807900236, 6.1322659455172772, -11.2112999328600669, 0.4339440861556110
1479, 7.3847088684926518, -7.3593150860986789, -9.9994277717130888, 0.4501073514874261
1480, 4.4626467854552176, 6.4891619466728265, 14.6608187539032908, 0.4344207986194754
1481, 3.8487263362393049, 1.9938399709330381, 5.6638529482044522, 0.4370816896317993
1482, -7.4976500035634617, 2.2940689952981379, 5.5470670151227939, 0.4460581130317925
1483, 9.8876904699113553, 9.9996298890462789, -9.9779213181519690, 0.4598573256541637
1484, 11.7996741069239466, 9.9732563783413628, -3.8343667291065620, 0.4451745229704816
1485, -8.1995153395242646, -7.9514403927679886, -3.5710493539161625, 0.4680918761271672
1486, 9.6372306625268287, -9.3585186971909557, -9.9994071648528653, 0.4448321949595818
1487, 11.7996425792564477, 3.5328783731547673, 9.3165580769741378, 0.4703233397735701
1488, 1.4116125427742396, 6.9765042784426132, -18.9742159100042826, 0.4238700828728738
1489, 8.6795707673749796, 0.7769160257491311, -5.9747936265107899, 0.4243461173647564
1490, 8.2752174840152399, 9.9996432399913449, -5.4814441505923748, 0.4328013267044440
1491, -6.2280578297676259, 4.0327310350495242, 4.4511814550180713, 0.4301914238490375
1492, -3.4224143387876289, -3.6236927012505378, 4.7797657550287367, 0.4911243957940891
1493, 4.3456974568531113, -0.4370776692862102, 19.0000797444757339, 0.4311777205456694
1494, 4.7584721412190758, 8.6027794606341406, -5.2290528380136196, 0.4545696147762254
1495, 2.6105886064800727, 6.9504218287604553, -12.5424299742858150, 0.4350704331586475
1496, -2.5390526577119514, -5.8836743144526773, 4.1775573045674550, 0.4475827625890405
1497, -3.7591608698660792, 9.3713110681493177, 9.9993837668167416, 0.4256876966200221
1498, 4.6671904405506250, -6.3897310143117512, -16.5686357202805787, 0.4415083978891513
1499, -5.1984757976800209, 0.4603501397886302, -14.1867493080108424, 0.4765367433170463
1500, 11.7994980509297189, -9.9753501980049393, 7.7966729042402418, 0.4247057052823475
1501, -8.1994959363390585, 6.8045392770369535, 8.6932405973864171, 0.4326977075857686
1502, -5.1320945399159976, 1.0077398438338048, -10.6230347427720950, 0.4817900397752292
1503, -7.6050490265582020, -5.9977539426625821, -0.6071017796553780, 0.4420979383512814
1504, 6.7287787070406333, -4.9790309734134643, -17.6736863315689732, 0.4617630801323794
1505, 6.5539752579185118, -1.5406148143587353, 18.9999517052569402, 0.4386957614236984
1506, -0.3886701732394335, -3.2597248123252403, -5.6056164510013859, 0.4525230547270838
1507, -4.1488716818753462, 9.3721978097184770, 0.8630146181641737, 0.4819684311556959
1508, 9.7339030476716868, -9.9995401575909426, 6.0755653051874132, 0.4463490614904782
1509, -5.1190973629054692, 0.9544330515542063, 18.9998191696634002, 0.4437294942118896
1510, 7.4358666127677857, -5.6645666721335557, -2.0763282618908616, 0.4287498539533451
1511, 8.4305889276787731, 9.9996440700475819, 5.9193693681070210, 0.4258268721101204
1512, 11.7995814326253843, -3.9268667413394369, -8.5766074429411638, 0.4700547728251888
1513, -8.1994947596368544, 3.2658411900991515, 5.8303399061264169, 0.4398410477626709
1514, -8.1995313931041487, -0.6706643998722261, 9.3607736202815151, 0.4613761363192044
1515, 6.1703290285065178, -6.3579661575634612, 9.9996975023568346, 0.4507061730317782
1516, -3.1259175276339417, -4.9924093803977243, -10.6956697717046936, 0.4346605855931066
1517, -1.3724893270896783, -5.3651378728693597, -18.9997757177016915, 0.4637466991168137
1518, -2.5665679770966960, -4.3384489161840118, 4.1407100978212457, 0.4662110966779281
1519, 8.0698479245564680, -1.9814287125488339, 5.6939488680115478, 0.4260566080857499
1520, -8.1996615555996311, -2.1639261571827793, 6.7658744912622355, 0.4338606400887302
1521, -6.8378465848972869, -5.0094934984857735, -3.3039727556033340, 0.4384566313585878
1522, 1.0274905308693576, -1.6079960427250459, -19.0000753322850962, 0.4319714838989853
1523, 7.7324101682063384, -8.7345491275325013, -0.9095801630080693, 0.4667195412116659
1524, 7.1477350097532426, 3.5625761224534793, 18.9997002135385742, 0.4461830392659212
1525, 2.0809270762917857, 9.9997754089109190, -6.0455920799889205, 0.4740288580030495
1526, 2.2793868240106696, -6.9943990086719605, -10.0154056617843938, 0.4279584569776562
1527, 4.3707317123949627, 7.0224758914802861, -5.4298311893414697, 0.4858627558335666
1528, -5.9773152121971354, -8.1472469843661717, -9.9994292805630387, 0.4500903865209431
1529, -2.2190810662604878, -9.9997211167071889, 5.3396441590104144, 0.4682237372024888
1530, 11.7996400323732029, -4.2880517694166871, 9.2867784779682463, 0.4622069623859136
1531, 5.4262725669956717, -5.9998746969214602, 13.3501711568763746, 0.4249514128249969
1532, -3.6374374200924495, -9.9995100000000008, -8.1462102316542069, 0.4613011854465639
1533, -7.5179236529167657, 5.6579930795584694, 2.0367299998219903, 0.4440682096122233
1534, -5.1771821111009819, -9.3554381639490671, -9.9994521839499004, 0.4213928900700736
1535, 7.4086634260239022, 1.5733748091802788, 18.9999089659954272, 0.4331198251929800
1536, 11.7995005774606572, 4.9897965961097341, 3.3587604722655744, 0.4501107421426035
1537, -6.0377154844824190, -9.9994098326228240, 8.7492895966533624, 0.4546622525496012
1538, 9.8849379454086019, 3.7452975183899526, 9.9995419267115331, 0.4448288445688467
1539, -0.0192575692817527, -4.5639987229794716, -5.7110371411509737, 0.4455186838052041
1540, -4.9394865915061379, -1.8999311473521687, -12.6466416015228820, 0.4455684387651144
1541, 3.9519571127329378, 7.9867463162965597, 9.9995733403717644, 0.4290815950523037
1542, -4.0409522890194296, -9.9996146167018551, 6.1567882364641635, 0.4231739714385547
1543, -1.2911020836085632, 9.9996476056492725, -6.6288939485361364, 0.4255592345939161
1544, 0.5783438489269040, -3.4216726818574195, 19.0000073366127005, 0.4604197622178302
1545, -2.8266002254518785, -5.2590569810467063, 10.6476830828030575, 0.4403899661718634
1546, 0.2232228433000624, -6.8191912829827439, -11.6148748274371112, 0.4730053755778001
1547, -8.1996653673522761, -5.9309590462201989, -1.0396265293134748, 0.4537625680060602
1548, 11.7995113878666782, -6.4486988251102222, -9.3681771657520319, 0.4626569915750159
1549, -0.1397190285120217, -5.3290207474934057, -18.9999223178613015, 0.4255207364118261
1550, 8.5056080725765089, 2.1990222129234418, -5.5909020108813232, 0.4567680042760489
1551, -2.0671627869455560, 3.8387560176694495, -4.6180255941924893, 0.4284092959817683
1552, 8.6356331544155491, -1.4788487724266666, 15.4966774256276967, 0.4559047242477499
1553, 9.1056603333144981, 5.0921781187846813, 9.9995707295022402, 0.4317272869191525
1554, -1.1591780904327345, 4.5578493245078091, 5.2200946488124584, 0.4228548329269884
1555, -3.0535432782786729, 5.0636570437928263, 13.8188072829457020, 0.4424446915761505
1556, 2.0635724357879002, -7.0222945674458996, -13.6176847957241272, 0.4247058407296460
1557, 3.2772677822987517, -5.4237580610675780, 5.8322558293018307, 0.4341619092590142
1558, 1.6724809886677034, -9.2029952746538690, 9.9995715748121352, 0.4550198223102060
1559, 11.1206842090766784, 5.9942103251463834, 0.2534204331316585, 0.4506034520096421
1560, 0.0778944963088858, 8.0780282037325843, -9.9996152254325459, 0.4528112032550297
1561, 6.5704921870244215, 5.1194903497071040, -15.9043951447546217, 0.4301481436268282
1562, -1.2077957857855066, 5.0317118572311115, -18.9999067411612401, 0.4218206319504068
1563, 2.3687298491122273, -8.1889517292978518, -9.9997058785460151, 0.4247003508499336
1564, 4.9674579841179405, 6.2405501119157272, -18.4166124713650916, 0.4603281236816688
1565, -8.1995774460283588, -4.3257496677818983, 5.2276577031322899, 0.4676576976663394
1566, 10.0567740567213839, -9.9995518431133625, -1.6580959925101402, 0.4404201295294976
1567, 1.5175286465774647, -6.9966693307789827, 17.5192938284803041, 0.4838070369981213
1568, 7.8106640017899940, 2.1333523858094567, -18.9999722105452449, 0.4537683029235122
1569, 7.2400834695362883, 3.1019202368809915, 5.1624394152127371, 0.4322747760873332
1570, -2.8041532986352489, 6.1902652936423470, -9.9997873066891074, 0.4554922959413379
1571, -2.8779851182803968, 1.5144904977884883, 18.9998377535941394, 0.4576235990562080
1572, -7.5557370877377670, -9.9995258760888621, -8.3846834366476397, 0.4562273470633927
1573, 3.1411440476532779, 6.8803481048177000, -11.2784717880331478, 0.4340398574970114
1574, 11.7996432421081803, 2.7578756212132283, 9.3177006619648157, 0.4703233397735688
1575, -6.2166360654919490, 1.8843520478694793, -5.7189340578125174, 0.4422322720995199
1576, -5.1496977904158685, 7.2677569561761022, 9.9994094679080288, 0.4242511989280667
1577, -3.0552478902946807, -7.5284854792609037, -3.5517612837467585, 0.4776461907335012
1578, -8.1994944307953919, 7.7229968852098825, 1.2960863184025215, 0.4674828911697212
1579, 7.1955749469890504, 4.4564819198322461, -14.7364496689056850, 0.4348410614776909
1580, 11.7996839454841176, -9.3110029514263761, -0.6957910332501007, 0.4769089722429386
1581, -3.6334940593438678, 4.4309156371717311, -14.6983179050807831, 0.4202103432238301
1582, 1.7811590792523861, 8.6906880056538274, 9.9996254872871013, 0.4851329028937489
1583, 1.1116731528520192, 6.9660519461841197, 10.6665544417642533, 0.4384064733565529
1584, 5.4070963292675076, -9.3959078432099723, -9.9993099874691715, 0.4700011819938307
1585, 9.0954236676287490, -9.9996019438118271, 0.0958124778322966, 0.4337958445526957
1586, -4.5860207368757342, -3.9473592581406196, 4.5448088805412379, 0.4683151896515657
1587, 6.1015762391648272, 1.6295000638656396, -18.9999370177420559, 0.4443181949829214
1588, -4.4639131983316416, -9.9995660737141812, -6.0674442951004419, 0.4455074791700826
1589, -8.1994952473931377, -8.0842088173647788, 6.9555382837487194, 0.4590055743768628
1590, 3.5338035347024270, -5.4859218937910965, 18.9998514592408725, 0.4382222340392016
1591, 2.2154171138817125, -3.2433835907460842, -6.0111930811289129, 0.4292323984689770
1592, -5.6812618790125686, 1.6275128086373700, -9.9996019519365351, 0.4471802904703259
1593, 4.4494511247682667, -1.8116064542778108, -19.0000989999999987, 0.4242422905838915
1594, 10.3439120916236913, -9.3291857173458439, 9.9995207999693569, 0.4441241087493956
1595, 11.1187180057293524, -9.9993554623862693, 4.7967940488730791, 0.4169029256378141
1596, -1.7142853111796243, -9.9747355903726245, 9.9993931363301876, 0.4482948815476165
1597, -7.4445359876468311, -9.9995256991500732, 1.9746773333491949, 0.4616241326105068
1598, -8.1996879036283659, 5.0199230185981900, -3.3061930380871130, 0.4384233613334186
1599, -8.1995030395024102, -2.6009666294973144, -9.3298064638678539, 0.4472918606121364
1600, -7.5678708326315967, -5.5474351204507464, 2.2947232219516227, 0.4884914923876270
1601, -8.1995192733414957, 7.4146373645886925, 4.4697358799857820, 0.4256527847708861
1602, 7.0140356410004827, 6.6004826184360841, -9.9995916731379957, 0.4532961561979038
1603, -1.2290410902738824, -3.1642800040940529, 19.0000902378270595, 0.4393218639176057
1604, -2.5681991158081310, 5.4722875429313973, 10.0242254302247549, 0.4391297165820705
1605, -4.1612745864120280, -9.9996445083583954, -5.4255217710735000, 0.4455074791700842
1606, -4.1006123300560962, -2.4014641612153982, 18.9998798508448985, 0.4584494998191184
1607, 1.3171400006235030, -7.0369869488140839, -5.9754357788060224, 0.4584100503494161
1608, -8.1994631202516253, 9.3341749721013674, 6.9998288325947398, 0.4718285631766830
1609, -3.1994398291438699, 5.7727713797788445, 9.9999155227874006, 0.4192874712633442
1610, 11.7995000000000001, -7.5494684228642397, -2.7914920573560993, 0.4437761108051710
1611, 3.6651936057312571, 0.3194129214866004, -5.9942140570120745, 0.4215354214340284
1612, 1.8385935088675045, -1.4857383367690213, 19.0000573383956812, 0.4481869825949716
1613, 8.8084330144335699, 3.1609475690615070, 9.9997425449829880, 0.4300965814154878
1614, 4.0781653231931472, 8.4904669998434379, -5.5474677893912157, 0.4567961421987061
1615, -3.0776984468016502, -5.0326525663520245, 13.7479833996436991, 0.4306127168870660
1616, 8.7939819844755505, -0.0662965911000614, -12.1905782830571905, 0.4545518044709587
1617, 11.7994614758833922, -9.4462858149786673, 8.8176688698155896, 0.4766523762408231
1618, 8.7972981308944185, -0.5014316662751799, 17.5901503565505024, 0.4426918219213238
1619, -8.1994973632131476, -8.6506739088505551, -4.0987097442598373, 0.4680918761271676
1620, 7.5794930054844833, -9.9995250214742857, 7.3668274879989744, 0.4412573306049831
1621, 11.7996365164635595, -3.6443604950952615, -9.2432966623810966, 0.4700547728251882
1622, 4.1538038438429261, -9.9996289500701607, 6.8788340993682713, 0.4355099003772886
1623, 11.7994943090774829, -8.6757950017624665, -6.4010693115547577, 0.4456737846229214
1624, 9.7858011547575963, 9.9995348317605455, 0.4459289419141402, 0.4483532689767308
1625, -5.3302194059224464, 0.6252107594300929, -5.9991470885049720, 0.4613964295297300
1626, -5.5066959294248479, 9.9995732464390361, 1.0920078503704944, 0.4789839788915049
1627, -6.3212815675256735, -9.9996015415103034, 3.2413009664979282, 0.4844638695914837
1628, -4.7688709592412915, -2.4295893672648270, 13.6883150867916203, 0.4555699361699307
1629, 1.3047634672876358, 6.9801813296915869, -13.6538515859793748, 0.4390544664274672
1630, 5.6675090407507707, -3.3170407541889011, 18.9999738654183510, 0.4407821800835734
1631, -8.1995248784524257, -9.3305890919762398, 6.8462425804951357, 0.4609192193113046
1632, 4.0167599255363804, -6.6377241302396870, 14.5130800020739539, 0.4611445532836319
1633, 1.9035639005814919, 9.9996433744447337, -8.0950706827325281, 0.4684538242664498
1634, 1.1656249741825844, 6.9699226503124718, -15.5343872808699288, 0.4291360375896955
1635, -5.3854385126970534, 2.9522934280421040, -9.9997593382081753, 0.4612957724494902
1636, -1.7708827371946980, 9.9788542502341979, -4.8241475554247932, 0.4438126841920810
1637, -4.9885768810628797, -1.7540925390795381, 11.1402014857728879, 0.4719630092265518
1638, 0.1157068767683774, -9.9753143538480540, 9.9994837734263200, 0.4786809765520975
1639, 9.1470089147495202, -4.9063731156171846, -9.9995070511906903, 0.4550711682756919
1640, 5.6081475286272839, 6.3990291353057582, -4.6537677581995984, 0.4544832352998792
1641, 4.5663267162339665, 6.2651297774141712, -5.3524265952438164, 0.4549900364586546
1642, 6.3164731754977632, 5.3554489849783948, -13.2181109846281331, 0.4419452457693470
1643, -2.4190803035313273, -8.1335448072448013, 4.2759918893070497, 0.4681980468157981
1644, 5.5616614661549093, -4.6405804775929456, -4.6797883948658177, 0.4797391760476918
1645, -3.6219137231400338, -4.4333295291961958, 18.3831510545213135, 0.4709141561256043
1646, -8.1995579215300332, 5.9812470724153366, -5.3544500981603864, 0.4452893160631979
1647, 8.7757712950718147, -0.6641781759098754, 10.0223475338638277, 0.4346896342879324
1648, 5.3906850403510074, 1.0453456823324776, 5.9158180675285950, 0.4269577472443335
1649, 4.3624586834740375, -0.6998090634393412, -5.9916747491376032, 0.4367844611375027
1650, 2.7517898851861293, 6.9310987609233594, -13.2189994369173736, 0.4515279599189828
1651, 7.6268964040705090, -8.3953768818078593, -1.4792626521237777, 0.4667195412116651
1652, -4.2085348953990813, 1.9801542921627908, 18.9998571327098098, 0.4533574748823325
1653, -3.7442422527239949, 7.4270190674463139, 2.2884270047984150, 0.4760039781962541
1654, 4.8592214398750402, -6.2934019575336357, -13.6188961830018211, 0.4628918217044479
1655, 5.4867331301637776, 0.9593788029939783, -5.9357262924000604, 0.4247010232838823
1656, 9.9140412029690648, -2.3416923146626680, -9.9996052050493720, 0.4321169428921103
1657, -2.3849045553869708, 5.7335818141802735, -4.3063469399561622, 0.4443625542882473
1658, -1.4529689667282157, -7.4957507368336200, -5.0569564509057097, 0.4590339390985183
1659, 9.4695262792378649, -0.3291156784298424, 9.9997991580816699, 0.4821540177303010
1660, 11.7996239580998186, -4.7958055378204110, 3.6348097523550469, 0.4282016833121183
1661, -4.0652615293528083, 9.9994615617630167, -4.6841591000484284, 0.4554352512938001
1662, 0.5563216240877455, -1.0251846593405840, 19.0000989999999987, 0.4367410858379942
1663, 3.0220352746375512, -6.8845612836527721, -18.9752189726050204, 0.4429110749785276
1664, 0.2444698277211853, 0.5290172025480910, 5.9951674332893976, 0.4412286940181646
1665, 3.6615751653639665, -9.9995209625795045, 9.2691906317333839, 0.4598391688015058
1666, -6.1844009955199413, 9.9995497497630694, 1.4226499312349006, 0.4441765831834887
1667, 11.7995811099915038, 3.8694240353829117, 8.5758046620102917, 0.4500218677030431
1668, 5.0144562039182814, 6.2173698388230374, 13.3536197772789915, 0.4714247504117117
1669, 3.9629277573192931, 4.5580728197072276, -18.9998375991990613, 0.4289394034391439
1670, 7.0723010456518374, 7.3236344191751721, -9.9995595974860709, 0.4532961561979054
1671, 7.6158728944055518, -3.8949578899645494, -12.0344015691159640, 0.4503542228842854
1672, 11.7787940459848954, -1.2853258304032280, -9.9994588073145128, 0.4355839255457150
1673, 2.0210909397932175, 1.3573135141492911, 6.0160997779879244, 0.4323425714059803
1674, 8.7978486463163357, 0.0806944034322327, -14.4264259739296659, 0.4359094645170665
1675, 0.2173057025004242, 9.9994953262667057, 9.2253038753534788, 0.4586947970401667
1676, 11.7759575284689895, 9.4095600965433981, 9.9984075965450625, 0.4550599387803543
1677, 1.2525532108053212, 8.5461242270678586, -9.9996139008635563, 0.4586339776828699
1678, 6.5309991681479289, 3.1643846864424607, 5.1233178521801079, 0.4254423310683928
1679, -4.0792284521916740, 7.2781239928713122, -1.1851207482811466, 0.4386434809931383
1680, 0.1319067563756966, -9.9995112041525172, -8.6214055163387862, 0.4460452632541029
1681, 11.7994783371177370, 8.7469902743738270, 6.4402110798681127, 0.4439464775026187
1682, -3.4908959510477380, -8.7084584118523853, -2.8476909876853127, 0.4625588987760208
1683, 5.3437620984264713, -6.0527448553011016, 11.3499861210426314, 0.4634832741480063
1684, -3.8919667968579033, 4.0784402730403579, 11.8713347613049400, 0.4695227597662306
1685, 8.1085606654811251, 8.0171857941612501, -9.9995007134698639, 0.4714229875050155
1686, 5.3418659507675095, 9.3546580022544497, 4.8605070230096636, 0.4220427047054502
1687, -1.1174629174319173, -7.7891753295811545, 9.9995771732927121, 0.4616600872788776
1688, 2.7260675497343247, 8.9380415711212642, -5.9308431022113064, 0.4992799739895899
1689, 10.5120284810530471, 1.1534651507544991, -5.8877985949619447, 0.4370034978710360
1690, 0.7027846386630716, 6.9372412025619017, 12.5030027323599633, 0.4239342350705728
1691, 5.2784160389899863, 5.2125565581126017, -4.8930521709755714, 0.4348670867305366
1692, -6.3432563585861255, 6.3221841698876373, 9.9994584726898150, 0.4271209455183017
1693, -3.7753766100552322, -8.8180974203969313, -2.2003843567944998, 0.4603875966704146
1694, 6.1251278752672240, 5.5447635564455888, -9.9997134333994016, 0.4496159261266148
1695, 2.7775665595798760, 6.9245652359660204, -18.9779318329776103, 0.4817452453469387
1696, 4.8893922812247999, 0.9306159956924780, 18.9999799992689091, 0.4452481040911841
1697, 11.7994817613161178, 2.5430108756500558, -8.1087728343283505, 0.4592663309002200
1698, 6.7122470649942185, -4.1170340915535846, -18.9998248886645058, 0.4662512044478661
1699, 4.0886133818855042, -6.6169292907159729, -10.6635922197015933, 0.4578627583186391
1700, 3.9152646016523529, 6.6935883340931506, -9.9998161446304010, 0.4321063862606833
1701, -3.7300252152860520, -7.4879374847742408, -2.3226829898077241, 0.4290506634969298
1702, -3.6481071863419281, -6.7752567623259781, 2.5399995677283562, 0.4228645062205686
1703, 4.8927989687802480, 9.9992191333648321, -5.1537455446736073, 0.4592639111391401
1704, -1.2757558653834002, 9.9995540960786098, 6.6496597630682137, 0.4622287585709788
1705, -4.7295180064234792, 9.9995740970014442, -1.2503674045537383, 0.4488535383300007
1706, -3.3554229938956230, -4.7353008168420638, 10.6317812838692287, 0.4321178659194602
1707, -6.1616301055002491, 4.2654400184272347, -9.9995474979385008, 0.4353898199347663
1708, -4.9953599382467404, 1.7287163901911475, 12.5556722635959499, 0.4643460782401546
1709, 3.9032718477087092, 6.6753690488766564, -12.5408166328234145, 0.4397923292868156
1710, 1.0286375729513069, 6.9741520424334560, -11.2488360456459677, 0.4387934787729294
1711, 11.7994124477658637, -6.7459465775100682, 0.3235960744492515, 0.4528104745547511
1712, -0.3962377407188117, 6.6399494693354413, -18.9997428900908503, 0.4654602879164963
1713, -4.4771857839831606, -4.3479647240939814, -9.9998947051040741, 0.4165660122747347
1714, -4.6281247044019596, -2.7802738196808572, -13.6742245219271776, 0.4367977473475801
1715, -5.1649409935717507, -0.7715531297298152, 12.0779058020511822, 0.4595696452012119
1716, 3.2526983190224663, 6.8724980892653740, 12.4743367504595106, 0.4484898043589358
1717, 11.7734290381157454, 9.9991110355187285, -5.0775468020143570, 0.4666053074057836
1718, 8.3766105732962828, 2.4193296905990334, 17.7430872749450508, 0.4318906900688229
1719, 11.7751795311584644, 9.9991665633952351, 1.6138777658938805, 0.4576880154518125
1720, -5.2103271168645326, -0.7059701661331412, -9.9996920657655703, 0.4223434374883538
1721, 8.1743998329342382, -2.9301568674492615, -10.0406678222806445, 0.4326887295427759
1722, 1.6532822207606774, 6.9991260229954584, -10.0207876238419278, 0.4788671672538705
1723, 1.4888905490300237, 3.2229989869940940, -19.0000402204898542, 0.4297665343662215
1724, -3.7879592040973247, -4.2371614733090466, -11.4773368320145135, 0.4475416642087167
1725, 10.6076246400562084, -7.9364637985647004, 9.9992919022499880, 0.4735894441689784
1726, 0.3421726911067179, -9.9994886272902601, -9.9724981872320111, 0.4528782634703935
1727, 7.7311163374398859, -7.9764032024852032, -0.9343087638217511, 0.4396489600982817
1728, 9.8627143903250456, -1.4859033258406404, 5.8114032401606437, 0.4327067502914089
1729, 4.3796708432158216, 9.9754247494025314, 5.4476301920170833, 0.4279672723869641
1730, 11.7682330882106516, 5.8339102192552232, 9.9992627409788604, 0.4667902095624391
1731, 11.7995000000000001, -7.1534008081801144, -3.5173563522288118, 0.4625256984312909
1732, -2.6881310512861605, -2.5735155748260445, -18.9998180800783949, 0.4505240116824344
1733, -2.9882935993959636, -0.8568222224783667, -5.9566369050071382, 0.4386521030063524
1734, -4.8777408822562132, 5.0298095076347211, 9.9996416993067356, 0.4518262751543479
1735, 4.5427687000975228, -6.4564512581306168, 18.3345337274572593, 0.4298207467931692
1736, 4.4368816226139378, 5.7394463988339615, -18.9999031602391533, 0.4487504622300876
1737, -1.9691549149607266, 4.6059789501027648, -4.6716764489641491, 0.4322504947009211
1738, 11.1713740506475467, 5.0396656817097627, 9.9993153601548812, 0.4926032013645751
1739, 0.4931035511688605, 9.9994840183931135, -9.9792510128847862, 0.4410582868281260
1740, 2.0657757980029774, 4.7094311192904224, 6.0289194352857933, 0.4425114321548547
1741, 5.8868812660903043, -0.0729247170831520, 5.9953638383554324, 0.4470015646820188
1742, -4.4788567915358080, -9.9994809804623639, 7.4844314674120369, 0.4390535751744931
1743, -5.1963788250605436, 0.1775296144467373, 13.3378862133439675, 0.4730185909274616
1744, -2.3902237358125076, 5.6148468796335553, 15.4054748753528035, 0.4450938793366067
1745, -6.2575023829584717, -7.4542203869276760, 9.9994032220042328, 0.4379486469284473
1746, -5.1926060969969203, 0.5495438933031384, 10.6444097474294317, 0.4395785070127344
1747, -6.1196640430636009, 9.9995535769139767, 5.4272749103959912, 0.4598129578072632
1748, 3.9718166979862115, 6.6509825038369605, 16.7396833400709149, 0.4613204282828030
1749, -8.1995997653519730, 5.5692883312625465, 4.6714818064639942, 0.4337955065310871
1750, 5.1900264200469550, -8.0751634725514840, 4.9498275839891015, 0.4679152918587884
1751, -5.6493641529529075, -9.9996701780650863, -1.4273784539095788, 0.4840864534462443
1752, 4.4797731015054776, 6.4834082927027046, -16.6998860325943461, 0.4239680751312994
1753, 0.1216053436930054, -9.9752239787176240, -5.7451362568310405, 0.4359025046826440
1754, 2.3779092710896612, 5.5401625564030796, 18.9999669846515999, 0.4562599551580793
1755, -6.1829179725891930, -9.9996262344426690, 0.5638497146818476, 0.4446663477054589
1756, -1.0411302867609911, 6.4196047759029833, -10.0000844043496908, 0.4337540302021248
1757, 11.7788466264096563, -3.4019856386779237, -9.9993973285190219, 0.4630476441681348
1758, -7.5706004038203645, 9.9995612348846556, -6.1225772042987634, 0.4357036466924584
1759, 8.0323972872874805, -4.4389812190689533, -4.0281180377934822, 0.4375814251419528
1760, -5.7270728867747804, -7.0066129392670131, 9.9995013361523313, 0.4404350258601422
1761, 8.2621111953218911, 9.4246722649351877, 9.9994244360553157, 0.4319009525130723
1762, -1.1227078372454531, 6.3660926926389427, 18.9770020848060383, 0.4293590811140192
1763, -4.5992436860978687, 0.7255142240264832, -5.9862959239277194, 0.4454840911002245
1764, 4.1299026539265595, -6.6066878034178780, 10.6165008712404365, 0.4646990420793695
1765, 6.0841480841490814, 5.5503513607044059, 14.8847992704847112, 0.4280020637639161
1766, 11.0897899154536734, -9.9993879283572635, 0.1959362527411252, 0.4590981765565443
1767, -0.9296487086245492, 4.4549358156415053, -5.3757506196877207, 0.4299418557590292
1768, -2.8856212207560232, 6.6933482585423798, 3.7493388525607556, 0.4562770652812192
1769, 8.5672041504694629, -1.8328370277270876, -14.8872950976620562, 0.4261122406201006
1770, 5.6673104994033157, 9.9996512039461614, 6.1857537879377160, 0.4399829771475200
1771, 7.4289136749514446, -9.9758401492451974, 2.0985273467397332, 0.4355700349830284
1772, 11.7994167313884954, -7.3814072480002686, -7.6844006453024862, 0.4744994276042381
1773, 7.7921965651889638, 7.9671919636357469, 0.3658850498731716, 0.4369747353772721
1774, 11.7994219659402813, -5.4813464299600723, 6.3188619343601937, 0.4781134853593897
1775, 7.8001931787895069, 7.3157207505446467, 0.0412675764295224, 0.4367913339149543
1776, -8.1995400000000007, 7.4839307524192247, -4.9746925025500319, 0.4244235129064404
1777, 6.7080512450229826, -9.9994176377093194, -9.2943173959900065, 0.4782362029795512
1778, 2.0204030911107491, 7.0207454820210984, -17.0529198967278788, 0.4458718967827503
1779, 11.7996036461948606, 1.6651144833833535, 6.5183298530979874, 0.4567768460110281
1780, 11.7997508559503750, 2.3189746600809693, 9.9746385797086550, 0.4388632251398367
1781, 3.1713774166407021, 2.4543882229158425, -18.9999714472429417, 0.4388234255306681
1782, 11.7994394562312710, 8.5467252863124514, -9.2434563858200089, 0.4590293160331240
1783, 0.8783640489577347, -6.9606964687178916, -12.8786609589923717, 0.4287670843348899
1784, -4.2998417569926906, -3.4501861333076280, 11.9600394859812571, 0.4488932280907576
1785, 8.7206063520336858, 9.9994899983017760, -8.0762772901635831, 0.4356051497771677
1786, -6.8793864885876319, -9.9994947210660037, -9.4095781859428183, 0.4708545928106758
1787, 6.5301199090863049, 5.1572604354175988, -13.8725303676767293, 0.4285096967945232
1788, 2.8900583114795122, 5.5064604478147556, 5.8978685028721083, 0.4334054804808841
1789, 0.6474529302770974, -9.9996429586676392, -7.1807361315406224, 0.4462817075643027
1790, 10.5506784357497612, 8.7214080858240504, -9.9995491103855478, 0.4332073957235046
1791, 8.0552517182923040, -3.1833153251130590, -14.8082561438441598, 0.4444816388883557
1792, 0.7645931071170041, 9.9995461972012425, -9.2976734512399979, 0.4375132850758620
1793, 11.7774854299330745, -5.7072101407105400, 1.9327129273962638, 0.4385006148821647
1794, 7.2062922944874099, -9.9997564055283270, -3.6674318720244785, 0.4451293600494067
1795, 11.7995000000000001, 8.1023081961094778, 6.0807953277102422, 0.4354339560813160
1796, -2.9071297541327752, 4.2297639691213282, -18.9998039576809141, 0.4611541863410652
1797, 6.1746445389193738, 5.4733780336908673, -18.4130018936922504, 0.4363367007309697
1798, 5.0607954556637011, 8.2340204063927693, -9.9995411012654500, 0.4360858291146147
1799, -5.6432345853187291, -9.9994287511893702, 8.1224671150965495, 0.4304570720526649
1800, -8.1995275194758364, -8.1116152946457252, -2.7973683045442925, 0.4668985454452408
1801, -7.5924136014626438, 6.8013900130102316, -9.9993773650970219, 0.4515756178722389
1802, 8.7952611185837970, 0.6626966196632547, 13.1894932095760975, 0.4376112910207568
1803, -4.8056837076787868, 2.3121997600471733, 13.0232060979501316, 0.4438129346574469
1804, 5.3257669496713014, -6.0622386541388318, 14.0613473024434654, 0.4308280145672194
1805, 11.7996977877102598, -4.5940824047232613, -9.9729351331817142, 0.4779992139140452
1806, 10.3322764468897557, -2.2702258426272248, -5.5543178137101199, 0.4480400791714144
1807, 0.7776522731651393, -6.9488210460889626, 11.4152857026887045, 0.4655132984845473
1808, 3.9049979943809685, -2.9816504937060788, 19.0000990000000023, 0.4322381704438283
1809, 8.8043006321800270, -0.4360468372281650, 18.9762006851574476, 0.3979465491483732
1810, 9.0804414138023120, 2.5418244655005346, 9.9997409843467473, 0.4251845156952443
1811, -8.1788530822699972, -3.4956435212800891, -4.8709066479746843, 0.4288353886126058
1812, 11.7995969169618196, -3.0401930014571841, -8.7729409247153320, 0.4809576274195592
1813, -5.1971858723040389, -0.2905655494003483, 15.3649184346854941, 0.4768655591455808
1814, -7.5340544727906185, -1.9145179540237256, -5.7006327550812514, 0.4335242193546966
1815, 4.3338110820888662, -6.5372912628665736, -14.7256471282109693, 0.4311721844861526
1816, -2.4386016641882482, 3.3457757031708115, 4.9963021360650997, 0.4748854824928613
1817, -8.1994643874553059, -7.7438736492436391, -6.6175284281387343, 0.4666502804783862
1818, 8.3676844691089656, -5.2274536834992293, -2.9508716339567456, 0.4557341680171635
1819, -8.1994718557548847, 8.7235315366797508, 6.6357647014240637, 0.4495599490919587
1820, 10.2783681418402608, 2.9831332337873779, -9.9995602307596911, 0.4912452344593888
1821, -0.2255934098985894, 9.9987779363048421, 5.6604711479592504, 0.4399337119819849
1822, 2.8771098810870406, 6.2834321317044513, 18.9998736080374186, 0.4562599551580808
1823, 1.1708497118486949, -8.7683688668835824, -9.9996216510478604, 0.4776625590255122
1824, -3.8880307846710154, -9.9995178687752659, -7.4522866857865626, 0.4475026824122522
1825, 3.9485155053670979, 6.6581942690218812, -13.7246341986255285, 0.4315688744041838
1826, 11.7995994534043565, -8.8019040520404879, -2.6048679694994066, 0.4517868605090937
1827, -4.4693051963150232, -3.1547433286720734, -10.0005287260679179, 0.4221621544590447
1828, 11.7995000000000001, -0.0306555715783560, 9.2887640405267931, 0.4424184780535806
1829, 8.8046695109877362, -0.5585018088513861, -16.3187455353484694, 0.4344143273696936
1830, -6.8645369813003629, -4.0873393808472249, -4.3951989537631961, 0.4301432736040742
1831, 0.8091328796071365, 6.9541806002444018, -13.2092533802180174, 0.4277857990326632
1832, 2.6366792184377705, 9.9673197475598290, -5.9366291464001586, 0.5042457681907745
1833, 5.5549857709538362, -9.3742001589872554, 9.9994078038845817, 0.4615540149554731
1834, 11.7997163891193075, -4.3759821681022597, -4.1431407381557932, 0.4419237246340988
1835, 8.2470446061589620, 9.9995668712597769, 3.2700974581629008, 0.4385701349987798
1836, 8.1699817469607883, 9.9995400000117378, -1.8294240404123863, 0.4647507521232659
1837, -5.3554871597567972, 9.9995809220119920, 5.2101712547069523, 0.4431616965650288
1838, 6.6088253264616155, 5.0860760637726994, 15.9394701522784956, 0.4255520882771314
1839, 3.4047629836226871, -4.5341882976279440, -5.8102817701199712, 0.4442985520160179
1840, 5.1292122036760848, 3.3854187964916824, -4.9988587884356095, 0.4337081322426300
1841, -8.1997479797512494, -6.6654027755227521, -0.0293987476781164, 0.4528346614359159
1842, 1.7721627002657763, -9.9995253204498145, 9.2847460535077673, 0.4618622778614212
1843, 7.1000251519935595, 2.2862888377972359, -18.9999917741765287, 0.4217768209055401
1844, -3.1628747295797863, 4.9358730821039636, 18.9750396199731668, 0.4638279904237370
1845, -1.9899303824096035, 8.7224905733617710, 9.9994116706133589, 0.4393009767767488
1846, 11.7994169606967123, -6.6996044704384765, -8.7041083681095763, 0.4733568990562321
1847, 6.6345234314231023, 9.3269997095478629, -3.5492247996073445, 0.4557133149518435
1848, -5.7107662121626852, 9.9995914765819727, -2.0667888442675442, 0.4922565540260345
1849, 3.8924658061243176, 2.1700280849014035, -5.6279615366249010, 0.4612415066917893
1850, -8.1994991136074074, 7.4723103413302985, 8.8073084324958355, 0.4239507408355946
1851, -7.5130198211486148, 4.0706055103214878, 4.4053322565850976, 0.4372769940505615
1852, 0.6631304767587426, -6.9220599968002947, 15.7243946439712747, 0.4423296630482121
1853, -6.8372256355754981, -9.9995189489435958, -4.1563140531244560, 0.4404706444773839
1854, -6.8992177353763307, -2.9488604512167758, -5.2431721603884052, 0.4277572095192998
1855, 3.8883677055150976, -8.6326619262434683, -5.6262290639636712, 0.4566236828542168
1856, -7.5379825397225328, 2.9304008588707373, 5.2556443432008555, 0.4262516283948286
1857, -4.8642852049936263, -2.1340501425525447, 14.3132920479504584, 0.4555699361699255
1858, 10.4917486948430607, -9.9994859604348747, 1.3411841101501947, 0.4441997413704851
1859, 4.1560068121001201, 5.0301150094395313, -5.5145558883162726, 0.4363947271407537
1860, 7.6116897227621161, -7.0115666140019242, -1.5161886168260288, 0.4519287512977918
1861, 7.3674303326644193, -0.3944094396953710, -18.9999010000000013, 0.4723507009711105
1862, 6.1631106959524864, 9.3918303815476332, 9.9993673627932598, 0.4550311777141813
1863, 9.3820838380893949, -7.5581878386825654, -9.9994597206932969, 0.4199927484808572
1864, 4.7240436892529409, -6.3619576451202109, -10.8284471071731812, 0.4728704690870897
1865, -7.4838664350302881, -5.8757941447575925, -1.2543727302977543, 0.4665134854381212
1866, 11.7996928229484990, 4.7055837582742654, -9.9742996696157444, 0.4553694420546111
1867, -4.7863143899447236, -5.9978785431791701, -0.6579047746814006, 0.4578573076141131
1868, -4.7847546576208204, 9.9995873934887705, 5.6779209201348380, 0.4389984212175208
1869, -2.2630686295743812, -5.6646960809516882, 18.9994165348248956, 0.4807012456308756
1870, 2.6354717397076315, 3.5791890931299748, -5.9378978443958257, 0.4394260844389466
1871, -0.9747243957680752, 6.4247381030804638, -17.1289968097035548, 0.4261764725844011
1872, 0.2341252214432039, 8.7524731002248242, 9.9995604628005843, 0.4371820642587566
1873, 5.7984927870025169, -5.7438568425410521, -10.7346915304992283, 0.4471559867280988
1874, -2.1561600198133353, 4.0686564367674896, 18.9997700151002924, 0.4278912041923488
1875, 7.5025838279192287, 4.9970123235062287, 3.3168611011958791, 0.4350758860339449
1876, 2.6373483507465250, -6.9474162682128808, 10.6628815802607075, 0.4662584564003825
1877, -4.4891714754171463, 9.9994971603525311, -5.1812231184498110, 0.4398577525127700
1878, 4.4631524948461720, 7.4702854742189304, 5.3977396542222102, 0.4376669296491888
1879, 3.3848530149546510, -6.8325095928158248, 10.6523683315282192, 0.4474099209660216
1880, -8.1759891676207062, 9.9993076855843785, 1.3326334318657100, 0.4633501772597232
1881, 5.4303997588270967, 9.9989259013168006, -4.8345846935946195, 0.4375095106848406
1882, 2.0623449837082890, -7.0121834288418334, -18.3844113523231947, 0.4285013249943610
1883, -5.2283280539262806, -3.1407772649202230, -9.9999487252491175, 0.4495468711240421
1884, 1.3761712409300526, -6.9873390184787478, -17.4665945475478601, 0.4506955459635959
1885, 3.4112687857465938, -2.5181623795625931, -19.0000989999999952, 0.4254994032104830
1886, 7.4376705013576316, -4.1335391626501812, -18.9988623485280357, 0.4696145386579490
1887, -3.9381047215055331, -9.3045228332779519, 1.8714999898071043, 0.4659210777436651
1888, -2.6014085531511681, 4.4257479112690925, 4.0713067022669005, 0.4381342104254535
1889, -8.1995030225166730, 0.5675071811138794, -9.9711694446068879, 0.4580693925066160
1890, 8.4791150712311101, 2.1377456480435209, -10.6432784379629997, 0.4200584572970851
1891, -4.6160219062789531, -2.8053825369532150, 17.6891649708955221, 0.4459597361470551
1892, 11.7994378207731003, -8.6592875114650685, -7.1272438235580013, 0.4456094524500573
1893, -4.3120877474810442, 9.9995424675574629, -2.7419226317819376, 0.4585524951049073
1894, 3.0596736345740720, 7.5762648486718058, -9.9998298121692173, 0.4613237419453646
1895, -3.8081748690831474, -5.1684887057359061, 9.9997798022794129, 0.4638743607258644
1896, -8.1994599793390357, -8.0513163973958903, 7.8202171427303213, 0.4598660427201970
1897, 8.7668900681435247, 9.9995892984393819, -6.0792134912832729, 0.4602060128159726
1898, -4.3483515523091185, -7.5320275346592540, 9.9995219648470304, 0.4469024120180140
1899, 11.7994000000000003, -6.5929244941044827, 7.2778366205734564, 0.4522068255981699
1900, 11.7995999999999999, 5.7277483401053093, -1.9176655088562211, 0.4700198459394684
1901, -6.3678024903473629, -9.9995749069660285, 5.4363858504139477, 0.4426930670286147
1902, -8.1995714956215444, 8.5603384432705631, -0.8504969024852082, 0.4736239165308043
1903, 6.4180330737745139, 5.2622631392915062, -11.2538058328973261, 0.4215999396777317
1904, 11.7995000000000001, 6.8179257577932750, 2.2596050107112524, 0.4330574198991004
1905, 10.5366119566995433, -5.2279414891686979, -2.9686210265862929, 0.4221784687449511
1906, -4.1850934917116609, -3.6456995145380064, 16.8871139147946643, 0.4509095485358109
1907, -3.5482416444565184, 4.5238108523308131, -12.9106549133737634, 0.4348855985017022
1908, 8.6096676449177387, 5.5839294976217513, -2.2043147031609505, 0.4286952043648273
1909, -5.6347637082239190, -0.8366475811288255, -5.9628375726810532, 0.4496237134365216
1910, 11.1784616991173049, -2.3692083315313401, -9.9994463831133036, 0.4344197289977675
1911, -7.5638163894143196, 9.9996039993038384, -9.0530726723852073, 0.4800207684501712
1912, -8.1994987798606029, 6.7282416862293486, 8.0208084704046279, 0.4572943467544230
1913, 4.1124367495143357, 9.2995952521974274, 9.9995022859327491, 0.4448484512566753
1914, 4.9361983095267483, 5.4162651389634098, 18.9997769953891940, 0.4542176867732338
1915, -6.7348286780333417, -8.0237487673564623, 9.9994191638769134, 0.4553437749323934
1916, -3.7736872144299718, 1.1925467804062986, 5.8790947067524337, 0.4364006334497580
1917, 4.0895294200911687, 9.3566901773646229, 5.5580603526862609, 0.4172251301418218
1918, 1.2189525639044634, 6.9633875178539197, 18.9761773591642395, 0.4407028016291968
1919, -7.4808212661066245, 2.1638068317620038, 9.9996642567411769, 0.4440660540313380
1920, 0.5763189583869346, 4.8354354194739120, 18.9999725834926529, 0.4523780913211282
1921, 5.1169644305632982, -6.1654954696275297, 15.4381177191906804, 0.4353354289999147
1922, -4.8444674290593825, 4.6865592774237284, -3.7627446958371351, 0.4866377059737606
1923, 6.4124430425519847, -7.0718387471038229, 3.8610954061645861, 0.4643451889626469
1924, 11.1337793478443707, 2.7868744593193044, -5.3197189212688798, 0.4336271140817282
1925, 4.2525366326025793, 7.2893311466252628, 9.9996224007325250, 0.4524149251450174
1926, -7.5742824363729104, 0.7577216210822868, -9.9996028497971778, 0.4468489410931288
1927, 8.0959991831511733, 3.0935431205010353, -11.4865102424041439, 0.4685398800822310
1928, 11.7994780770177101, 7.2242852620827023, 9.3438726568816897, 0.4501612088912639
1929, 9.1660032073850548, 9.9994772495905568, 8.1573462224703412, 0.4399117414867400
1930, 7.4934898237710881, -8.8527506600285673, -1.8974741782156173, 0.4562988738273172
1931, 5.7898643610838532, -5.7524269886421218, 18.3324899386968241, 0.4333009312041503
1932, 11.7782793777777215, -4.7772809744080300, -3.6227416662955880, 0.4311491217729609
1933, 7.6488575243542281, 9.9995874854218734, -3.2996729462179215, 0.4592323102644633
1934, 11.7994641334791748, 5.9995375951495689, -4.0731683095556228, 0.4331228701831216
1935, -8.1994624848322122, -7.2047315263694278, -9.3893637866675217, 0.4588773361544594
1936, 4.0496157010091132, 6.6267027175170519, 17.5581331417010986, 0.4537063262316045
1937, -1.7526427838529337, -4.3738429105443704, -4.8467945135471364, 0.4414362685662624
1938, -8.1995098495626308, 9.9758870910362383, 2.7583994347574343, 0.4564606444054138
1939, -6.8741582152531162, 9.9995170547632561, 0.2987956515546312, 0.4699468435332606
1940, 5.8526204407560751, 9.9751694359378931, -4.4173854848075926, 0.4335723170493650
1941, -3.6469032083106390, -6.8191291868736297, -2.5368773806333564, 0.4344293853916059
1942, -8.1995197820860621, 1.3806194297442316, -7.7302268438015078, 0.4378199531181329
1943, -8.1995400000000007, -6.6782626271383929, 5.4566431688415191, 0.4517265354927585
1944, 8.0129321678229708, -4.6807169212894113, 3.7778880084212014, 0.4353232275724972
1945, -6.9393696558551534, -0.1127792270902321, -5.9945161323161598, 0.4318369707416350
1946, 11.7994000000000003, 7.8519401686549735, -8.0197142840340447, 0.4626749426875109
1947, -4.2374313047206202, 7.3862575954175780, -9.9993933339368049, 0.4349731259992990
1948, -3.4182671193687595, 9.9776397364686193, 9.9993841778091923, 0.4307237548689399
1949, 0.4011540202294856, -9.3392448110072142, -5.8345487065712502, 0.4387812395149475
1950, -3.8091901510206330, -3.0993604094101688, 5.1614182064698433, 0.4502810100556582
1951, 0.3624137225749691, 4.9326237748290094, -5.8405265473331820, 0.4284099413845985
1952, 7.1992362925674440, -6.1696804604327173, 2.6123222221753792, 0.4883667868931248
1953, 1.0909439873540796, 6.9656508947438365, 11.9045501517025905, 0.4336216913923921
1954, -1.4111390777116419, -8.0144956285965527, -9.9995188656014076, 0.4472133141668282
1955, 1.0926403800826734, -0.2919400639093780, 5.9901370646146281, 0.4326491629071690
1956, 1.3568543453666451, 3.3421080338157663, -5.9790451385513874, 0.4402823080310275
1957, 7.3345871066902282, 4.2858679314832644, -15.4774712076765244, 0.4385946819078583
1958, 3.1303747246135050, -0.2951752068887002, 5.9917626527592569, 0.4356060509638718
1959, -2.4923248577286108, 5.5314162136797895, 13.9481292752184007, 0.4455610683062861
1960, 11.7995469078749302, 0.9741528327046585, 6.6257805237789222, 0.4351159650321528
1961, 6.2237839586738213, 5.4424385456089581, -11.9055193557278098, 0.4660146046085223
1962, 8.1502117005344132, -4.8778877020098692, -3.5180519555247280, 0.4245325620211219
1963, 3.6940103551828649, -6.7439795674789300, -17.6989864382557798, 0.4567183284051843
1964, 4.4705873910403007, 9.2395802809874841, -5.3932652105014673, 0.4592639111391371
1965, 6.4109386324224236, -5.2676442681538687, 13.4375948905522584, 0.4745939113346920
1966, -7.5649328624487380, 9.9995662867061590, -6.8639582201189651, 0.4272768120873276
1967, 11.0170857845715222, 9.9994810661702722, 6.4113386862811046, 0.4576891597057275
1968, 11.7996055164999660, -3.6340660163558018, 5.5811131991699421, 0.4321543857279355
1969, 11.7995606036933651, 1.7247322243772891, -6.5052845911356698, 0.4350499299341956
1970, 7.3562751696458459, 9.9995273242561638, -9.3996159872488381, 0.4525537506280812
1971, -2.5351754270482671, 5.4877652733381632, -18.9755996129292264, 0.4490637484197197
1972, 8.7966733557910626, 0.7107829217014504, 10.0000610437386612, 0.4198198432226795
1973, 11.7995366165172815, -4.9648188852883770, 5.6544931754103640, 0.4634284880675100
1974, 3.4519010596190829, 2.6179560253200269, -5.8030049623819968, 0.4649556798659554
1975, 10.0254694364016341, -3.0125510543908991, 9.9995875124879898, 0.4266308109039155
1976, -1.7350122944814330, -6.0411820682112536, -18.3983732781405607, 0.4697930095010792
1977, -6.3129408162542102, 9.9995242702186982, -5.3277422879281522, 0.4286498818430072
1978, -6.1677202458163860, 4.2679375894467961, -4.2148482901385949, 0.4492136770237722
1979, -8.1995412345692511, 4.6339683302576677, 6.4566024113282436, 0.4519285546471058
1980, -5.3763215682562127, 5.9352270897525186, 0.8184906918112174, 0.4877681142251887
1981, 5.7457663785335589, 5.7786915788399709, 12.1505572945185794, 0.4698354624700438
1982, -0.4206680817640830, 7.2950072408571618, -5.5998730177593234, 0.4287594753456215
1983, 2.0374022936272600, 9.3803017405632296, 9.9995592703886427, 0.4244990918048394
1984, 11.7995000000000001, 6.1559568941523333, 5.8898233834072151, 0.4284418244141377
1985, -4.4529129076948539, -9.9995100000000008, -9.3440916279138460, 0.4245757849934848
1986, -8.1995974802778235, -7.2427645246031638, -1.4739844758080394, 0.4638764000458614
1987, 3.8751625547997062, -6.6848377446972957, 18.3202618314752002, 0.4575415686693290
1988, 11.7995427765890550, -9.3187726333457022, 5.4595571176025901, 0.4334356084999614
1989, -8.1994957622661495, 6.1086205202554575, 8.5596038705676918, 0.4572943467544245
1990, 9.6861275970976912, -9.9995107154354983, 2.6861611953943241, 0.4352376075738432
1991, -1.0706212882492439, -9.3796754701383733, -5.2745050901794768, 0.4804412255245206
1992, 8.4156531172019715, 5.0172567035125022, 9.9996592882858213, 0.4187476466651180
1993, 9.4019492682550361, 3.4744003931272789, 4.8874048369894121, 0.4610042049344769
1994, 2.6952117510124096, 9.9996783203415678, -7.0841082901835088, 0.4238821549479635
1995, 6.5854529888698883, -5.1040914569715810, -10.0205843818609637, 0.4228523932151346
1996, 11.7994966306152786, 1.1814356139246474, -7.8899893052754200, 0.4464949256638142
1997, 7.2073532095128403, 9.9994527835299536, 9.2084336072928963, 0.4506765202492661
1998, -4.7308269679169683, -2.5372629187478459, -18.2791153754210320, 0.4390858518544578
1999, 9.4928157168250262, 9.9995364035592615, -9.3914534742449938, 0.4598573256541685
2000, -3.8375753449697938, -5.6235558484131731, 2.1280147390685427, 0.4458367062268734
2001, -0.8002445557901758, -0.6759862539354357, 5.9947380620428676, 0.4481787197407877
2002, 7.3349700985236170, 7.9058527181360123, -2.3457677458947170, 0.4474477222655911
2003, 11.7995840166047579, 5.7707261133039101, 9.3413703350965545, 0.4513696928731135
2004, 10.4204834017894559, -3.8009944362343662, 4.6627762278563676, 0.4600827999748857
2005, 5.8312684050318291, 3.2490655390655543, 5.0675366011596585, 0.4314925167581080
2006, -6.9431164571588608, 5.8655107646250624, 9.9994982232110274, 0.4375828270044461
2007, 4.7203867097876460, -4.2534746196758695, -18.9999497131207740, 0.4223713563328794
2008, 5.7782143851732055, -5.7568582035650264, 17.0830338566112232, 0.4403724955396108
2009, 5.1751401640343762, -7.2908372684464124, 4.9601071129645442, 0.4621221155270483
2010, 1.8346846240053982, 7.0135226771125962, -15.6420614822901705, 0.4386693859426017
2011, 1.7570106117631599, 2.0010767979468325, -6.0066438149041730, 0.4519083100020087
2012, 8.7371364744629503, 0.9884317947604608, 10.6796233725015508, 0.4549404351592601
2013, 3.8311174661813512, 6.6981400670758608, -11.2708094155376841, 0.4219837691197070
2014, 11.7994795070066054, 2.9351225076592375, -6.7726691945897270, 0.4617346182543809
2015, -8.1995146979416695, -2.7444634146503075, -7.8150614816593356, 0.4485209016418903
2016, -3.8153433263080556, -5.6323716174173200, -2.1085515460341089, 0.4377354338138731
2017, 7.9101057531249257, 9.9996856286489724, 5.4498654406986091, 0.4245740596361492
2018, 6.9327397788423690, -9.9996596558231818, -3.1529941029892896, 0.4435753930934790
2019, -6.3306347500091462, -4.3176976481010323, 4.1640312804637905, 0.4386668254519906
2020, -8.1997477287285925, 6.5861463713882928, 0.7200414121141759, 0.4294754474979687
2021, -0.3209343557140123, -6.6755349517467781, 18.2582255670559981, 0.4743234886551243
2022, 2.9374482752740048, -6.9077987479173792, -15.9381791099331487, 0.4375653848295487
2023, 8.1627324337051572, 0.3524296107966160, -5.9954451306954173, 0.4271750008509901
2024, -8.1995819809932051, -3.9281062979212349, 7.1024167144984300, 0.4433211756343400
2025, 4.7286767944237678, -8.6339602911639233, 5.2451054672799007, 0.4464368997304324
2026, -8.1995870536639668, 1.9602106068168155, 6.4223063691855495, 0.4516901705442555
2027, -5.3201552270468797, -9.9994516022971016, -7.2909038675128430, 0.4358817331502581
2028, 8.6110279911308076, -4.1188460055351745, -4.3840548625597746, 0.4161968668017981
2029, -4.5126328080172087, 9.9994779387857502, 7.7398332041481215, 0.4782092423060165
2030, 7.4423678930660495, -3.0508696645662972, 19.0000204840654590, 0.4357922168751880
2031, -8.1994732683772327, -4.7924055617261816, -8.6148555861560787, 0.4393990823375190
2032, 7.4152542539724635, -4.1880280072830587, 10.6332586958953410, 0.4860522456855911
2033, 2.6572378410138975, -7.0890204430285859, -5.9321501431364361, 0.4319137128406325
2034, 5.2208642420496103, -6.1144408500595491, -17.0464328153054829, 0.4361227141736500
2035, -1.1911273742248667, 1.9170852057159413, 5.7039680827583892, 0.4580416359464869
2036, 11.7993404209833859, 7.1805016546126561, -4.5452344020161899, 0.4399228740130650
2037, -8.1994587735571454, -5.3111940618272602, -9.1511206197467327, 0.4781789821002226
2038, 11.0903751502156460, 9.9993818443247271, -0.3613367108449783, 0.4505144836448788
2039, 7.6671991307619551, -3.8245553939955284, -10.6673319479736914, 0.4276302202487289
2040, 11.7995000000000001, 7.1252909258483692, 4.3183432778178465, 0.4404694837527351
2041, 5.5405010213156043, -5.9264240519518108, 10.6549351683254852, 0.4616733940837620
2042, 11.7995064033799526, -2.3817438086974927, -6.4402270076945802, 0.4445443647959108
2043, 8.7951157518046497, 0.7114477182110114, 14.4782583548271528, 0.4433444676290780
2044, -6.3136985369435976, 2.9096577144527966, 5.2665082943239936, 0.4207261300635698
2045, 11.0168244412191267, -7.2074159798536863, 9.9993229467291744, 0.4735894441689797
2046, 2.0810263306341117, -7.0194571421014649, -12.8966453597488098, 0.4394699536855320
2047, -6.3327178967253390, 8.6556132506233201, -9.9993411697300285, 0.4356783049306505
2048, -4.1963128387855795, 6.0142808144387843, 0.5377178247437429, 0.4509799753752103
2049, 9.7128854430943061, -5.2740552904052960, -9.9994243362350996, 0.4410585588358894
2050, 11.1348074886568913, 7.8678287234699935, 9.9993119186351382, 0.4304425684790040
2051, 7.6782083403562407, 9.9995611891947895, 3.6571795861504097, 0.4601363488154458
2052, 10.4695081854924297, 4.8756530598030707, -3.4904894129046617, 0.4336265633746054
2053, 9.3148862613434442, 1.7407396702553819, -9.9997920722283418, 0.4430528959469497
2054, -5.2526787304252052, 9.3741108610683117, -9.9994023789559154, 0.4338786153845745
2055, -2.3186629759167108, -5.6658493134826955, -10.0237784658590030, 0.4315681697125301
2056, 11.7997961557192834, -0.5995563662905005, -9.9766922767851014, 0.4535556235059392
2057, 11.7995070307310197, 0.4517430155865522, 7.9849519099936259, 0.4430204177762564
2058, 8.8408059764959948, -9.9996769192174177, -1.3610311821341836, 0.4632113476215960
2059, 10.3402853268218422, -4.7257581123571777, 3.6949037115287218, 0.4514837722260941
2060, 9.9571959513119310, 5.7578404405327674, 1.6977062231058402, 0.4248201556063599
2061, 11.7995829167202615, -8.5895647138058990, -4.9164229913060131, 0.4824979740571471
2062, 3.9508226914028528, 9.9995766854908599, -8.7659507564988370, 0.4278393770141974
2063, 9.6640993588038047, -9.9993970645469723, 9.2942981675082077, 0.4307010693549632
2064, -8.1720964614995282, -2.2657969717098272, 5.5465384288764419, 0.4577482831223429
2065, -6.2502739078246172, -9.9996389786198261, -0.1203976405916397, 0.4701961616292399
2066, -2.7088618690931039, -1.2762267645224568, 5.8609222707989543, 0.4339371547631141
2067, -5.8456802454220700, 0.6294201849568508, 9.9996784471173168, 0.4420665569215277
2068, -7.5973376973933862, 0.9413428868803196, 5.9384724650738345, 0.4414075042201362
2069, 6.1777097018694027, -1.0589473840663122, -5.9150131369360244, 0.4400193212284609
2070, 4.6783416951175489, 3.2119882506727877, 18.9998111972391790, 0.4306051444818452
2071, -3.9251218289280829, 7.9652848633154090, 1.8308511720053884, 0.4349241460606133
2072, 10.4714552110824268, 2.4929400029638935, 5.4570575391941798, 0.4509381534668778
2073, 0.9159323351882407, 2.7869245550058190, -19.0000818748803013, 0.4502958197099725
2074, 8.0540123208453576, 3.8065395973226313, -4.6451894921836683, 0.4384610649616211
2075, -5.9615076116029497, 4.9273729867128067, 3.4154015853169541, 0.4500551546680650
2076, -5.5432140460147252, 9.9761878682409204, 9.9995235608430715, 0.4386954372939577
2077, 8.6994655615523495, 1.2058159328899225, -16.0155061042496278, 0.4428563563981698
2078, 5.2441663330297095, 7.7532219806088429, 9.9995096253937756, 0.4453238940167746
2079, 3.4185214714838570, -9.9995548175794493, -6.5314572954523484, 0.4694173143323944
2080, 6.1521485098213882, -7.7763793848534215, 4.1382035682353617, 0.4543747573632062
2081, -8.1995765041323381, -7.9775195247594750, 3.1625186238727836, 0.4492602240665652
2082, 5.0065389856421278, -6.2202597116470644, 12.8418601850024707, 0.4302336325627000
2083, 11.7994742734319864, -6.2330110040534930, -2.4888059897947623, 0.4512123884311633
2084, 11.2031509048804647, 0.5615061852463095, 9.9995390472735970, 0.4518613301218646
2085, -8.1995398530701760, -9.3717169051348233, 8.2118642720499437, 0.4422323213292259
2086, -2.9865838235167099, 0.3549484674445397, 5.9948079698427357, 0.4460919610339738
2087, 11.7994000000000021, 8.0897294314169681, 8.3694205851995900, 0.4665653174740487
2088, -0.7296562810330456, -3.4305451113650465, 5.4560918700087253, 0.5088875146681197
2089, -3.6549957073392418, -3.9699029318671619, -4.5221236167533245, 0.4488750564598419
2090, 4.8367945574478020, -4.7001752534572541, 5.2073777924952047, 0.4483342688149680
2091, 5.9744234553489433, 1.4093636745776768, 5.8273626616876619, 0.4537556635191600
2092, 9.1463508276393632, -3.7498752672058213, 9.9996764336679558, 0.4264384091594280
2093, 8.4069651311026306, 2.3025417615126762, 18.9998020087423889, 0.4424833860219650
2094, -0.6095973715263663, 1.3536172498801773, -19.0000056745254078, 0.4412861265322424
2095, -1.5305689920042640, 1.2851760920192770, -5.8589315198594356, 0.4226172027138121
2096, 7.4429053955046136, -9.9994244937745922, -9.2611247430307504, 0.4507652487206213
2097, 2.2729992084576520, 7.7046484115216245, -9.9998055624365136, 0.4788671672538705
2098, -3.1037795795611167, -7.3911765462499224, 9.9995912889993743, 0.4473818641241638
2099, -0.3150024849685776, 6.6839940589283433, -18.3530937527132991, 0.4654602879164991
2100, 11.7994601008456019, -5.0038210988512679, -6.9707396500069914, 0.4554078393154046
2101, 0.3990114527162376, -8.7206470543905699, -9.9995921318317560, 0.4400263429774732
2102, -3.8002415627821122, -4.2097068307329044, 16.5450651737236534, 0.4337246478639407
2103, -4.2623811267595277, -5.5885239329817269, -9.9998500785430409, 0.4544134279571735
2104, -1.2183716081404237, -1.8927764193842722, -5.7079043154044484, 0.4487077128365919
2105, 11.7995261712156463, -6.2747268517253296, 3.8293525485000472, 0.4516228494665750
2106, 6.5856315088640525, -3.1804643186435997, 5.1070685234455002, 0.4319713628398031
2107, -7.5860677673183643, 5.3538584026352627, 2.7221448531245902, 0.4552772315706597
2108, 2.7137435785716684, -6.9371030184241356, -13.3015425877396360, 0.4341247094020557
2109, 7.4075001603668520, 4.2018281420351515, -17.5611711247140363, 0.4422912472864031
2110, 9.8631782815472047, 1.5427199152802198, -5.8001747442287845, 0.4275820268993646
2111, -7.5162422910472433, -9.9996231275188290, -6.8084449030708507, 0.4603897212223202
2112, 8.7601979638240213, 0.9295142956906947, 18.9783032292222060, 0.4279457666140396
2113, -0.3448137088278266, -8.7371993630429134, 5.6382404126147430, 0.4396766359507802
2114, -8.1994631427149276, 6.6179977371417733, -8.0431841279618919, 0.4890044559852437
2115, 5.6566914964024297, 5.8797736851313207, -9.9999045543145826, 0.4596758317310624
2116, 7.9489886281929101, -8.6832484911940817, -9.9993631306700941, 0.4248495538055404
2117, 11.0903530898724245, 9.9993451959134205, -4.6197716967473594, 0.4558669302087652
2118, 11.7996580142238958, -1.6292558172286173, -9.3691941464683293, 0.4402014256696576
2119, 10.5087779373244601, -5.9368044959685529, -0.9050900823973873, 0.4333785102789925
2120, 11.7620791026029288, -9.9988531475223503, -9.9588495445136367, 0.4159704087668948
2121, -4.5289550018454241, 4.7771933642914659, 3.6468063777590798, 0.4558807101696459
2122, 8.7867414298200970, -0.7374359886648387, 13.1186060778636353, 0.4462898704772236
2123, 11.7994140752069718, 2.7582542220722850, -7.4755995234039396, 0.4741680307177541
2124, 6.3728680964668598, 8.0591356590246175, 3.9107412927283738, 0.4440349517707462
2125, -1.4238966913387114, 4.9064818728529476, -5.0671909065645391, 0.4299418557590294
2126, -1.3649863790269603, -6.2596008343376850, 16.6246889048186546, 0.4390915137432729
2127, 11.7995000000000001, 5.5843347705628092, 6.3784816976276808, 0.4315751257191480
2128, 8.7123464028097946, -1.1173804507526943, -14.9534223511301061, 0.4357873567631849
2129, -1.6208440492186098, 6.1107929371280987, 13.2020767008513698, 0.4318570447161938
2130, 6.6887894190032418, 5.0100107429090608, -11.8929394465599447, 0.4538639175875452
2131, -0.8544487389658683, 6.4883122801716739, 10.0006410795876128, 0.4423146275096153
2132, -3.8809056537192803, 6.7798646448951416, 9.9994867508777965, 0.4233212186616234
2133, 11.7995928359795581, -8.7303094300626167, 1.2850273738658291, 0.4550769780624299
2134, -7.5165095386535619, -9.9995063335716505, 3.9953240847299596, 0.4248864305866972
2135, -8.1994234185792809, -3.3189894072563577, 5.0068106971498585, 0.4463809411393809
2136, 5.9295588533085235, -5.6588291051931252, -18.3352483414287484, 0.4469162612017673
2137, 1.7435671889171034, -5.1495584630119380, -19.0000452902201147, 0.4288714704686692
2138, 11.7994000000000003, -6.0027743858435514, -0.6635681918833034, 0.4626027878126867
2139, 9.1162304829212903, 9.9994281253405486, 8.7936460585694256, 0.4381450823112998
2140, 9.3717426112946480, 9.9994641955511216, -7.8817900404301513, 0.4398138282045243
2141, 10.5572314698906329, 0.3653626913354885, -5.9946397890204128, 0.4823163945751734
2142, 11.7994000000000003, 8.0781684047727271, 7.6236719842693077, 0.4437558652806463
2143, 11.7783786417805985, -9.9992108540318583, 6.4775690659617542, 0.4316239583065236
2144, 7.4062784101253865, 4.2042100421486079, 12.8629442663224154, 0.4610422409674816
2145, 2.2939500586741581, 0.2829795169951641, -6.0055231395740991, 0.4649211927637214
2146, 3.3427947564121125, -6.7673320133852526, -5.8263265720483446, 0.4304930090320223
2147, 0.0024344325609608, -6.7647381613093680, 11.2516825914138998, 0.4483731519097298
2148, 7.6941205218303246, 9.9778055767630782, -1.0784031514319385, 0.4626704614054528
2149, 1.9224364906602072, -8.5459796745003356, 6.0105479008693266, 0.4618824449782648
2150, 11.7995477517753695, 8.1820806806298219, -0.7079231238151626, 0.4308938498501084
2151, -4.4319657527670007, -3.1788567207931098, 11.3084217259526110, 0.4466278374593221
2152, -8.1996180675075792, -7.3750577181192574, 0.4114479161254461, 0.4467965723909522
2153, 4.0647185226016083, -9.9996290532562639, 7.6635143507336219, 0.4512503832980520
2154, -3.1909212171434578, -6.6332710392742236, 9.9996630669121735, 0.4500660392978972
2155, 9.6622039197933365, -2.3037101914845484, -5.5432519092176928, 0.4480400791714131
2156, -5.6694210052610829, -5.3592799743597865, 2.7038033555235641, 0.4374623660928750
2157, 11.1315475858345039, 9.9994149180594700, 5.7005531286497444, 0.4426903597795042
2158, -8.1996002688082683, -4.6268524942763660, 3.8857752332217013, 0.4374259420012431
2159, 9.0672459269353638, 5.9924413825932641, 0.0767997621695038, 0.4401426080072989
2160, 2.0243679739285194, -7.0230490590617487, -14.3191000056254669, 0.4274974262731426
2161, -8.1995315353044749, -6.3150980363504035, 6.7030757911301251, 0.4694082763181155
2162, -4.4884277418899607, 1.2760290942990926, 5.8574184330137173, 0.4390503257588148
2163, -8.1992096867154824, -9.4455289018253676, -8.2924038933567221, 0.4761303375634642
2164, -5.9717084262318334, -9.9995636693908949, 5.9823893431019588, 0.4483811529289790
2165, -4.5134896088903931, -6.9135614281081095, -9.9995850704613698, 0.4350290393864288
2166, 3.3217781666801169, 1.6753982538231831, 5.8150246440969147, 0.4327794268959149
2167, 4.5868545685066628, 1.9028759141080451, -5.7044623495665343, 0.4279311995105256
2168, -2.1502376977047342, -5.7907413186709675, 14.2801637463997810, 0.4354176679945607
2169, 11.7995426368282814, 9.3416939791219207, -4.1642400811937801, 0.4536092779847858
2170, 11.7994539710126105, 2.2009241902999457, -7.0825768311473380, 0.4741680307177553
2171, 10.4560149719633024, 1.1123152416585345, 5.8968663078387706, 0.4433270640870594
2172, -8.1996240818479045, -0.0792348914620853, -6.6851315069803947, 0.4240287833002818
2173, -7.5193826062634121, 6.0116156806541063, 0.1049608730866237, 0.4248539583669602
2174, -4.7466372126120726, -9.9994071429088240, 9.3281332473967140, 0.4306058709849896
2175, -0.1303880623683071, 8.0765406922095568, 5.6792346816332273, 0.4371720177338198
2176, -2.6680142333931216, -5.3877728126862818, -16.9236705829893914, 0.4397361040727584
2177, 0.5613167334778101, -3.4076379193762358, 5.8964609067016811, 0.4636346761366389
2178, -8.1995292245723199, -0.0303899860623713, 8.0108078380104892, 0.4453323675792144
2179, 5.0460852051620764, -4.0849133909408319, 5.0585406246667555, 0.4339066665294235
2180, 1.4728397504334556, 6.9880334528129113, 16.3722510170569713, 0.4293385191620008
2181, -5.1151360341291241, -1.0895044849235955, 17.1670632534886529, 0.4481551961417308
2182, 7.7479043848206306, -2.1853082502449905, -5.6103833567211954, 0.4233646756653513
2183, 0.3756635600508339, -9.9995427630963487, -7.8579443420392652, 0.4679311359871225
2184, 11.7996936149940908, 3.6149895086174060, 5.5725838791598985, 0.4294875039250174
2185, -6.2924236005126026, 0.5157002064836954, 6.0071522898889462, 0.4364560827573906
2186, 5.0579436386447405, -7.6673661504777426, -9.9995476846601612, 0.4350536191862234
2187, 11.1435896754048223, -0.7216446161958491, 5.9777878756598950, 0.4575444944670597
2188, -8.1995183356943890, 0.7150932558260329, -7.8718709005232688, 0.4343643767252213
2189, 10.4978649470071108, 8.2032285688693047, 9.9993765328349387, 0.4249530934240165
2190, 5.5364943695870332, 5.9213721263000396, 13.7682391557448938, 0.4401718442065465
2191, 8.4789895455892363, 8.1377738729638107, 9.9994916521074018, 0.4541189613025614
2192, 11.7996463986317082, -2.3765202354649966, -9.3635638105250170, 0.4809576274195603
2193, 8.3530604880069639, -2.4663803937342492, -13.4927843685910300, 0.4509260399179617
2194, 8.7619173769007972, -0.8668225082374009, -10.0001228166068596, 0.4302653547046019
2195, -5.6289268493831317, 9.9994509060444816, -7.9304843560599672, 0.4867098165888907
2196, 7.1500146958522928, -9.9994178496722643, 2.7529233699280011, 0.4303966834383879
2197, -6.2225592874655504, -3.8503642780588159, -4.6227553653064284, 0.4296429251680892
2198, -4.1934619066839698, 7.2554446982941316, -0.3862838540233329, 0.4381074691775254
2199, 1.2829595360216053, -6.9781423250985473, 12.0263513668562005, 0.4655132984845481
2200, 6.8016683180755928, 9.9994109305895282, 9.9731349356111334, 0.4550311777141808
2201, 2.3852161292920986, -9.9990821745073539, 6.0261497013306666, 0.4581002567058580
2202, 8.4887000778684207, -2.1285163839789361, 15.4236553342804079, 0.4546898813993709
2203, -7.5320631310997692, 4.9506989873788152, 3.3894114384872220, 0.4552772315706604
2204, -5.7880756448341826, 7.4772475451101279, 9.9994308903805340, 0.4231449852898463
2205, 8.1453774587900227, -2.9971169385223382, 10.7500276873720697, 0.4617445175843140
2206, -0.3365610921064562, -6.6812660481749369, -14.2344965153835030, 0.4412949925159067
2207, -0.9810844327775808, 0.5488049198731441, 5.9951066144166303, 0.4436025178860012
2208, 5.1547072383392463, 4.9281660277414456, 4.9746692976662743, 0.4217233139647134
2209, 4.7383883016244122, -9.2451921594327828, -9.9993917673221802, 0.4779098110110551
2210, 1.6287157636158835, -6.9943271800979572, 18.9689255827990486, 0.4659329976540405
2211, -3.1068635940439120, -3.1284731037170137, 18.9998952131383767, 0.4202318778283458
2212, 0.2291630218108121, -6.8186702651547666, 11.8711732751493138, 0.4537378248484380
2213, -0.2997442317954259, -4.5511313367852342, -18.9999757950190364, 0.4603638937107710
2214, 1.0988576524698657, -6.9375531006495743, -18.9991015847982503, 0.4584180875093296
2215, 1.6589457362858311, 0.9793141034857146, 19.0000000000000000, 0.4426015949638182
2216, 6.4913186181331959, 9.9750693223630265, 3.7332236164715495, 0.4559008455774891
2217, 9.7892896588928640, -2.3380078704393985, 9.9996589510008533, 0.4425218905731206
2218, -1.1244001184228110, 1.0405013011049637, -18.9999684589431084, 0.4335278470437327
2219, 4.8749291885614694, -9.9994174977853856, -9.9747268233235751, 0.4527945993275054
2220, 6.1326567813588024, 0.9527521687646563, -18.9999846580424716, 0.4453978769098586
2221, -6.2921016705620296, 9.9995600261034081, -3.1238460476407970, 0.4255249278680872
2222, -0.0591874230152486, 9.9994588258828383, 6.4000112218587670, 0.4567663122041299
2223, 9.9903386855786032, -5.4030264415308675, 2.6182960711370771, 0.4424134467467993
2224, 1.3214319365118596, -3.1918979361974857, 5.9764794982200868, 0.4744785296747341
2225, -8.1995352961130834, -9.9751645155394826, -0.4110018186791796, 0.4461789949625421
2226, -4.7566317822997286, 2.4709666688617036, -17.5406886666534128, 0.4680966070530952
2227, 1.7284796137992646, 6.4071010275543125, -18.9998763167196678, 0.4385010865204236
2228, 7.0084410425257326, -2.2905651841813666, -18.9999088002406040, 0.4267368239751476
2229, 8.3304283917487467, -1.1347980478219770, -5.8913398283955392, 0.4242545906724287
2230, 6.3195982907933645, 9.9996722631262056, -6.5051042366512632, 0.4369663812989246
2231, -1.6958975135616101, 6.0659807963932222, -18.3469105546306217, 0.4445910301792668
2232, 3.8787983638199885, -7.9001005723153126, -5.6249276807209903, 0.4287512207495167
2233, 11.7995013786194392, -5.6984945531132736, 5.6956460229228156, 0.4694497629096079
2234, 11.1493359985613818, 9.9992946141513634, -6.8219236302788282, 0.4387892717534010
2235, -8.1994719346463167, 9.3455142841590657, 6.2257222254150966, 0.4718285631766829
2236, -8.1994928052203875, 6.4904466907828766, 6.6678826734705918, 0.4265589225259547
2237, 5.4346466644096099, 5.9515832304471505, 18.9994409113858538, 0.4569836679332729
2238, 1.1666666682859714, 1.2493775332031654, -5.9646995603589383, 0.4560784590630321
2239, 0.4627181970324463, -9.9994980450562974, 9.3444764466124290, 0.4333202943233536
2240, 6.3512160908410049, -2.9674157277841755, 18.9999527058468196, 0.4621410619430328
2241, 4.3519028349332496, 2.0186391596402875, -18.9999314966854236, 0.4237764750249233
2242, 6.3076373469351523, 9.9996246461024452, -7.2263237103379598, 0.4281043214642831
2243, -5.0106798578286753, 1.6625492616894864, 11.2363836042743479, 0.4287482886306668
2244, 10.5923525315082383, 5.8331232361812679, 1.4232894624309904, 0.4196297907344375
2245, -8.1995072102336746, 9.1928051916670270, 0.9647218452690526, 0.4633501772597234
2246, 5.7027194988048207, 5.8107508232693572, 17.3316606192071028, 0.4327444157457281
2247, -7.5258679204863803, -8.4743759119901618, -9.9995111252110114, 0.4567274018584471
2248, 4.4227901469593176, -1.7723319746930026, 5.7356341594645350, 0.4364319623673597
2249, -8.1995090487292206, -4.6504617076872394, -7.1368378761530460, 0.4380629183350896
2250, 11.7994319675508450, -5.2425486294786010, -6.2883663121868363, 0.4558926111592714
2251, 11.7994000000000003, 5.4739027841404626, -6.7089640335193321, 0.4492500612463167
2252, -8.1996222660327973, 5.9999975819408187, -4.0029240720410186, 0.4750555910103750
2253, 0.6215641298088898, 5.5944074975117513, 18.9998426566194603, 0.4460864854426452
2254, 11.1435572449662370, -5.8620316562160566, -1.2832502105329395, 0.4626027878126925
2255, 0.7214462687312843, -7.4805239805899211, -5.9308053614620766, 0.4616538493575271
2256, 11.7993338248485742, 5.5148172398332287, -2.4149743599652504, 0.4624879693117744
2257, -3.0072021354799801, -0.6630151908767355, 5.9968401456066216, 0.4589245103446696
2258, -0.0516608236190853, 4.7608029249101946, -19.0000000000000000, 0.4279629106091669
2259, 0.7409457578359239, 6.9300549473388333, -10.6479985482095625, 0.4317314505934378
2260, -0.6093245665271535, 3.2251443538611930, -5.5154249779228941, 0.4339385621677666
2261, 9.9632470312984864, -5.6788232850076055, -1.9751391155025286, 0.4231521154742773
2262, -0.4863195482812341, -9.9995405672449245, 8.1394245793518287, 0.4424057902349739
2263, 6.6941708568239582, -9.9995134035335678, -7.9133603172680624, 0.4508402739584666
2264, 2.7333774181362291, 6.9620947454212994, -9.9999908841521883, 0.4613237419453628
2265, 4.6554023844962096, 4.5541420430728854, 5.2986229243964909, 0.4411722047064364
2266, 5.2268193118080646, -6.1106910297005790, 14.7524082965107617, 0.4399424704774131
2267, 7.0367235371091414, 4.6492243840241079, -16.1163179167569055, 0.4557382103499470
2268, 11.7996712951589622, -9.9730545770359154, -5.6699835063498716, 0.4385201818767472
2269, 5.5684121717641730, 3.4531367120887868, -18.9998146109413248, 0.4345730925274517
2270, 0.8964730443380171, 6.9449065867163560, 10.0241931149784129, 0.4384064733565503
2271, 3.2298067224008631, -6.2881990537419616, -18.9997584699310345, 0.4203592213029521
2272, -8.1995433854300170, 3.8858295792114683, 7.4070415261296993, 0.4740141532659204
2273, -1.7376772336059083, 6.0363804623997108, 16.4643805140326265, 0.4239967561887342
2274, 11.7790707010918219, 3.5581169413074294, -4.8342055460847053, 0.4447343171815233
2275, -3.8462991405272744, -4.1477137078691761, -17.7134316933219331, 0.4385239016962690
2276, 2.6809211063343290, 4.1558807275357417, 5.9308584435689928, 0.4453171661659465
2277, -1.9992766630876733, -6.2225405199597841, -4.6382893775251288, 0.4489507538840886
2278, -3.6843579564692850, 3.2697076816302717, 18.9997169339500509, 0.4420397020244642
2279, 0.3833529816198326, -9.9998270526710531, 5.8385173746850469, 0.4406403467737409
2280, 2.2823355897544420, 9.9996688740497142, -7.5472877060788379, 0.4461364593208079
2281, -8.1994962291820528, 4.9096732188943122, -8.6849920929127276, 0.4370460553879268
2282, -3.4009125836018073, -4.6820008687388830, -15.1061508268034377, 0.4518758556651192
2283, 5.0158226557984422, 9.9995309527493319, 5.8529696332593115, 0.4477654423094372
2284, 3.8145196014619640, 6.6947261118887376, 18.9986756076745706, 0.4692630930445484
2285, 3.3666646424502966, -6.8417397736201053, -12.4048291924877763, 0.4391922883405439
2286, 8.7675943396185438, -0.7016971049588835, -18.9746988096463909, 0.4636597987657979
2287, 9.0221812536856341, 5.7742156613513735, -1.6956036242911072, 0.4696196249543277
2288, -0.6420021449688978, -6.5645397211303278, -15.6130568051326826, 0.4540348254750255
2289, -4.2005313022408046, 9.2395076953311346, -0.5209277481293719, 0.4396191112423006
2290, 2.1360574999057698, 7.0226829735620502, 16.7372510714400491, 0.4330336658397367
2291, 7.3639046921402649, 1.5954039780176958, -18.9999433446350672, 0.4212666645630718
2292, -2.0375153220149591, -9.9994453600177291, 9.4127453925736191, 0.4305437760800683
2293, 7.7805057551367565, 3.6792476087462291, -10.0003387860703601, 0.4446576823958727
2294, -1.0982961255015891, 3.2941616563882223, 18.9999685036765449, 0.4371156414946127
2295, 7.8587600534788482, -3.4278097289835356, -4.9179640064851391, 0.4323947174268341
2296, 11.7732959698637210, 3.5262428551113336, -9.9994097080911022, 0.4689691901511319
2297, -2.5552458222426604, 3.4850986542032540, -18.9998793490836277, 0.4517821176982210
2298, -5.1879175490735907, -0.6588001513972496, 17.7120533230684352, 0.4519304241329967
2299, 7.7494572315030759, 4.8979354573783507, -9.9998057783568406, 0.4369536351313113
2300, -1.7638784138249208, -6.8585639694043046, -4.8294810679211313, 0.4590701637645066
2301, -2.8392094860821913, 4.2891261417466104, 18.9996328940685970, 0.4426113316941764
2302, 11.1387258107419207, -7.3609972600543765, -9.9993663012945166, 0.4384076679307046
2303, -4.5687390868218802, -9.9996182279446479, 3.6340277640371803, 0.4515597489597548
2304, -0.7399957067755785, -4.4115670899414781, -5.4625330976204518, 0.4415182615712049
2305, 0.8954365648898840, 6.9672051610382404, -11.8751900470477558, 0.4566215462906352
2306, 0.7331981054523189, 0.1630707122785015, 19.0000378483533972, 0.4325160735076635
2307, 8.5583580713951459, 2.8343670205213272, -5.2950490266511796, 0.4567680042760504
2308, -0.5917733555659633, -6.5838838711032084, 15.5154521000015482, 0.4411388267507593
2309, 9.1058111849689993, -2.6814352390689939, -5.3673369027164748, 0.4283411567751993
2310, 5.0864262164204499, 7.6072908598940341, -9.9995912538330369, 0.4500686662410573
2311, -8.1997002642454344, -6.0367867655518967, -0.3662681869734427, 0.4630433789146572
2312, -3.8820349782552062, 4.0817531122894986, 10.0211724033531091, 0.4741817088370959
2313, 5.6619294499015380, 9.9996685287748086, -6.8676331614428703, 0.4318560361794797
2314, 0.8691014000954007, -9.9996649185320283, 7.4342775175970051, 0.4684335558177316
2315, -8.1995175796327509, 0.0248639337524609, -7.9531453481831917, 0.4393560346359503
2316, 7.3858969254813092, -9.9994911770013246, 7.9980728156311578, 0.4589697283693216
2317, 6.8635026052965653, -4.8559295728590097, 18.3093817738529658, 0.4281323386371698
2318, 6.3099808708471929, 9.9995341774331834, -4.0069428632933279, 0.4529717535809772
2319, 11.2294506384115458, 5.9065877106852982, 1.0400748217878710, 0.4358417962487020
2320, 10.5148187003981715, 3.8378191155222519, -4.6389997898008248, 0.4564769183440091
2321, -8.1995310568858333, -9.3132566414325879, -1.6273391610276515, 0.4828702719065215
2322, -8.1995012789361397, 5.9543378703326173, 6.1827634876536681, 0.4539367503943601
2323, -3.0814932859252822, -5.0329433822453700, -13.7651592304468107, 0.4759984009586469
2324, -3.2868348405944858, 5.0758975141510172, 3.1957852969914828, 0.4147201082349803
2325, -2.7391742028245067, 5.3319889479187124, -11.2880200046589039, 0.4477154992390496
2326, 8.6364189881420188, -1.4817543940404261, -11.7954928514607698, 0.4495100352193485
2327, 11.7993450958000032, -8.6550808505055628, -8.5995022761763451, 0.4593157450748588
2328, 5.5020467239760755, -5.9494026948803151, 16.5105118344563166, 0.4275984292111890
2329, 1.5926075034860971, -9.9802274548207635, -9.9995053560534135, 0.4739352503923059
2330, -3.6800993837642966, -1.2142110996605870, 18.9998000000000005, 0.4448139742835426
2331, -4.3259486918490158, -9.3477273886841648, 9.9994734624413422, 0.4722302908125583
2332, 3.8608594319975302, 5.2850131253264889, -18.9999075608931278, 0.4304996509015162
2333, -2.3263848020251352, 5.6672302578759854, 11.9454098270282056, 0.4356164367844453
2334, -2.8498523771755182, 5.2411076568732078, -17.0685979583704466, 0.4406685715241781
2335, -2.2684468430235158, -5.7107063849571249, 15.8039657948970262, 0.4586051797986866
2336, 11.7994000000000003, 7.9772427446608996, -7.2514318137053593, 0.4473885189600529
2337, 1.8921190186379759, -7.0188804337857507, 18.2435573135638336, 0.4456222072168728
2338, 1.0620173792665948, 6.9663471336643239, 13.0935551812091635, 0.4647149268315748
2339, 11.7995242434904970, -7.8536591835706053, -3.4895657115925913, 0.4462404680304799
2340, 7.8587475322425835, 0.1109184195360457, 5.9951714034833561, 0.4442399603449116
2341, -1.0339337435066953, 6.0021349737900209, 5.2871853506028801, 0.4393277005587303
2342, -2.3122121711650387, -8.0898285564931953, -4.3872066992925376, 0.4352389144508958
2343, 6.9403501863856016, 9.9995749850746840, -7.6025562183533459, 0.4426467398185016
2344, -2.5622861026352646, -3.3550095504484911, -18.9997537019601950, 0.4647030036250923
2345, 8.0638765003195267, 3.1617526533534956, 12.6200733640383191, 0.4778388031125265
2346, 11.7998784361643576, 1.2616484367906837, -5.8940950313147829, 0.4306559484417487
2347, 5.2184738577794603, -9.9996454810393907, -6.5430126330765539, 0.4582940581920826
2348, 8.2918734678930974, 2.6064825087307293, 11.3409825855879571, 0.4414174494243642
2349, 1.3030138073079947, 5.2032102338371100, -19.0000000000000000, 0.4341944219185937
2350, 4.0814678232547008, -4.3106266960962403, -18.9999975926542675, 0.4353309064239967
2351, -6.7946618259741163, 5.7319622030914079, 1.8459014419352773, 0.4326442278844416
2352, 11.7996408496932919, -5.1171589623707954, -4.3419116443796986, 0.4446371749982508
2353, -4.8006120568344661, 9.9994380853465827, -9.9743926552201536, 0.4590874210371714
2354, 4.5659669169715862, 2.7155932819799018, -18.9998613084648369, 0.4238924575850244
2355, 9.9273684393799329, 5.0484425505146158, -9.9994723126786766, 0.4591189832918178
2356, 4.2046900732766401, -3.7198019842811458, 19.0000790572060509, 0.4449537012805078
2357, 10.2728545419385409, 9.9994840222984305, 1.9872949789259087, 0.4544427035503947
2358, -8.1996430732624770, -6.0049676230410478, -2.8599339156699606, 0.4287437836179357
2359, 3.4338075881602350, 2.4182733072080489, 5.8003855437785923, 0.4666430829570704
2360, -0.6564507154271685, 5.8612703388408960, -5.5090335216194593, 0.4379534623683455
2361, 7.5093118866931841, 4.1079644747323494, 4.3827834201201954, 0.4401535385550998
2362, -7.3686606756500641, 3.5443858851521264, -9.9995677648460184, 0.4549402175265592
2363, 7.6054905735159357, 3.8942283105998730, 18.9993648845437200, 0.4622606746270512
2364, 8.5423281252425021, 1.2812076251714961, 5.8576458014867985, 0.4428936222195674
2365, 11.7994108570433998, 6.3919779480948451, -4.6432778338525944, 0.4359744576879400
2366, -8.1992899014422083, 0.8062709427693742, 5.9944605664471311, 0.4414075042201341
2367, -2.8565979988597974, 3.8836303992644208, 4.5789377111955796, 0.4748854824928611
2368, 1.9480884348676342, -7.6300046747254902, -9.9999400711295703, 0.4220238216026996
2369, 9.2862900286729477, -4.3407227067506611, -4.1506724011656768, 0.4229712752172508
2370, 6.8124904380428681, 4.9811131359240912, 3.3377755382075125, 0.4224452846000586
2371, -2.7931014980733488, -8.1168445791717652, -3.8585078023513044, 0.4309586425954098
2372, 8.0352519987056397, -1.0158718339386210, 18.9998771902509098, 0.4847153785572074
2373, -8.1995151821233279, -6.2430765800209240, 4.7659601001639640, 0.4517265354927598
2374, 5.4826127324095344, -5.9575690300925981, -13.9305732451031989, 0.4495978810906779
2375, -8.1999909409538994, 5.9534892768668941, 1.0297932454080290, 0.4583262443384920
2376, 8.5463673804215254, -1.9478754047973272, 11.3195236185302743, 0.4380418524014015
2377, -0.4044690964894222, -5.9755251548931261, 18.9998201530436361, 0.4514544645047491
2378, 6.7596167575528492, 4.9499046512286302, 17.2768866758264927, 0.4364926786131200
2379, -6.2931247389784497, 9.9995288819477324, -4.5913865307665933, 0.4288700256978829
2380, 4.4456584322841204, -5.7054859051392555, -18.9998769621700561, 0.4462004251074458
2381, 6.3762414471671613, 8.7382272662393277, -3.8996932368151764, 0.4484541331709545
2382, 5.7806257002123171, 9.9995485614796138, 7.7957631200820554, 0.4899926824241508
2383, 3.2290679444503718, -9.9995312800619178, -7.2272482530747171, 0.4504793890413493
2384, 10.1546995839468757, 3.5548340702878143, 4.8285045401506874, 0.4705803196528842
2385, 5.0375113202067787, -6.1918397159177800, -18.9996242410566865, 0.4332767541864035
2386, 6.8475636009407586, -4.8706616343688367, -14.8017899968477682, 0.4247839464068052
2387, 10.4859265552878611, 9.9994717445209531, -5.0250631590365344, 0.4555169565784164
2388, 6.7724929851618993, 0.5867916302497129, 18.9999309277047779, 0.4389787707298797
2389, -4.1760730834636970, -9.9752501201162556, -0.4593334690902386, 0.4747210478682614
2390, 9.1969084765612585, -2.1041374865451639, -9.9997616859152298, 0.4416668534278448
2391, -5.5914456090798152, -3.7288754159431545, -9.9997665615834208, 0.4436302267167909
2392, 6.9142961982659878, -7.2214264289877281, 9.9994785812043290, 0.4409258655878494
2393, -1.9552935570876893, -4.5975748784662933, 4.6819122327003884, 0.4770636427309696
2394, -8.1995487133381673, 8.7400549687164322, -5.1262196508479292, 0.4264116596123116
2395, 4.9826533472567407, -7.8505535060082714, -5.0750429205633392, 0.4459760767150139
2396, -0.3612633563501631, -6.6721387228005691, 17.4421181694381815, 0.4518052794004596
2397, 11.7995794999233503, 9.2820584634714223, -2.6485943923589765, 0.5093702283314361
2398, -4.9520247085011757, -5.6342904511484173, -9.9997531790298098, 0.4544134279571734
2399, 5.6848524475258104, 5.8214405651266370, -17.4957362208276415, 0.4527752195505683
2400, -2.9808639277335001, -9.9996302633973055, -6.3774667543415031, 0.4478283875460952
2401, 11.7995000000000001, 8.1148991964249291, 2.7682767328421982, 0.4348091273000392
2402, 11.7995660997414547, 4.8545203683168134, 5.3733296051743720, 0.4210234577408219
2403, -4.6371308622689558, 2.7610272327882228, 11.8665864116210589, 0.4355628942125686
2404, 10.5870315071536893, 9.9994641850918704, 4.5114306053145175, 0.4511955034649550
2405, 3.5188254829151830, 1.7083021981692332, -5.7802966405697447, 0.4649556798659545
2406, 4.8589563576507180, -6.2940888692437502, 17.7207639144807843, 0.4368070165631115
2407, 11.1018834685272303, 0.7311195692952152, 5.9739323783971434, 0.4363617719489679
2408, -6.2367259994550643, -5.0048876064542132, 9.9994972555649557, 0.4368003741822271
2409, 4.8320184506430941, -6.3069456575615970, -15.1264038705810382, 0.4311721844861571
2410, 7.5740133260010136, 6.1188722738094175, -9.9996197844442385, 0.4517712301988532
2411, 11.7994340850855064, -8.5818135057433729, -9.2984160754768741, 0.4562315752302581
2412, -8.1995147333322009, 2.4515316638223266, -8.4236438479698634, 0.4447001490668140
2413, 7.2797795960108651, -4.3530691296101383, 14.0421563307858825, 0.4434687700381330
2414, -3.1700850895053261, -4.9312638720634183, -18.3065499912378904, 0.4680521846418615
2415, -3.9453178596814813, 7.5023254643863240, 9.9993689907210950, 0.4289992415144195
2416, 5.3231162054819272, -9.9996248969577639, 7.4137907047864315, 0.4737288069062186
2417, 1.5284843677631519, -6.9903029468278302, 11.3444874088199281, 0.4428201468412649
2418, -8.1994720473464611, -6.2136300855032625, 8.6927172253478719, 0.4317264618617724
2419, 11.7995119367234764, -0.4496333856196983, 8.6667168259793339, 0.4491131313082968
2420, -3.9668526032256715, 2.0897211860831018, -5.6524007714093711, 0.4774767541096275
2421, -4.9111442548083781, -9.9995122305102146, 6.9190906414271600, 0.4227315751283852
2422, 7.3011524933157803, 8.7173558100741104, -2.4093017328111208, 0.4633871845303145
2423, -8.1996339716381517, 2.5708895325851828, -6.8836166817806665, 0.4399718923315565
2424, -0.7744966394301721, 6.5059660056775526, -12.6468662955258218, 0.4405119587920386
2425, 5.6846857600833252, 9.9995843414690935, -8.2110522987298182, 0.4315775458270028
2426, 11.7799525300632268, -9.9992150012602199, -1.8275144436649458, 0.4395276831436901
2427, -8.1995572253577063, -9.2615580150180534, 2.5390472272702929, 0.4973825555664872
2428, -8.1995588418833165, 5.9640375945454771, -6.1207249432861346, 0.4445631871060763
2429, 11.7994000000000003, 8.5748444857578701, -7.7347851525342701, 0.4626749426875120
2430, -8.1739188406690406, -9.9994524056136189, 0.2526466648666846, 0.4337214225380178
2431, 8.6585315814451267, 1.3689465288301357, 10.0231605784983664, 0.4216432001418979
2432, 8.8904112025680728, -3.7743623201448226, 4.6737022687411631, 0.4732658610242134
2433, 0.2453867302966334, 6.8213367138795276, 16.4565165048488709, 0.4348379782035569
2434, -6.9395070023882655, -4.5508588055182804, 3.9257224268190325, 0.4386668254519899
2435, -2.4257107529534236, 5.5831668609968368, -10.6791269295794837, 0.4324317872382992
2436, 11.7995786194382148, 5.6753625564373076, -3.4699992879727977, 0.4477375540122852
2437, -3.3880104326114129, -4.6967891980977630, 13.3018278536917460, 0.4689593894472930
2438, -3.9062882962067027, 4.0567223172224560, 13.2401338391008476, 0.4554023595949437
2439, 5.0579366965508035, 9.3012475512667585, -5.0384721010289928, 0.4592639111391414
2440, 5.9834706881490733, -9.9995351320515979, 8.6573356956088912, 0.4540246075494536
2441, 9.2254100383083486, 5.5136788628193125, -2.3556271008285470, 0.4395931785058975
2442, 1.2983496591188484, 8.0126778325613923, 5.9726077403305000, 0.4320467754641636
2443, 8.7687441242153330, -0.8974154293917813, 16.9340929560641129, 0.4379940642344803
2444, -8.1837624155270223, -5.2989776455256496, -2.8422112855367194, 0.4313630746076573
2445, 6.0743913371746485, -9.9997075788823935, 6.2082083001793666, 0.4446965375169884
2446, -4.2387307500218094, -3.5672456554616341, 14.7048526884134034, 0.4466472248165316
2447, 5.9628323523510929, -9.9997184881118226, -5.1862819793216071, 0.4579093270079219
2448, 5.8960886463228031, 8.0494835210688986, 4.3780914800506361, 0.4440349517707456
2449, 3.1023761082331096, -8.1426590844725464, -9.9996658648501189, 0.4193147681538931
2450, 8.5600593286752016, 1.7076089377153738, -18.9995222054570689, 0.4537683029235102
2451, -8.1995753435150203, -5.1103532063375443, 5.3002242741076095, 0.4443954647142588
2452, -2.3354513657243587, 5.6627542493657854, 10.6732498961396907, 0.4391297165820668
2453, -5.1417653830127499, -0.9677722389636292, -10.6910209007492458, 0.4232674124314773
2454, 3.7244880440634898, -6.7300377740422466, -11.2395272854169903, 0.4310193713212978
2455, -8.1737768996383036, 9.9995194967119634, 4.9513101854976327, 0.4478856731564996
2456, 7.6839684331634572, -3.7950389306190200, 14.3883713517938379, 0.4540502516294079
2457, 7.7972844261517684, 6.6790772220836905, -0.2970879576370002, 0.4420609481621052
2458, 11.7995000000000001, -7.4297572530441265, 3.5249048107881031, 0.4677711011603366
2459, 11.7995000000000001, -0.3120230332626345, 8.0049381178481482, 0.4491131313083004
2460, 4.8819812881924882, -6.2872420580221222, 10.7410883172908225, 0.4646990420793621
2461, 5.0454137385280529, 6.6771501532178164, -5.0424766927436782, 0.4549900364586565
2462, -0.5420946174984682, -2.4261625083624638, 5.5244885550906933, 0.4755215110098615
2463, -2.9973651201467240, -9.9997312391204041, -5.6432173974198392, 0.4596205129393264
2464, -4.4919886583501887, 9.9995305762530293, 4.2313574155099465, 0.4537646072252876
2465, 7.7181899517981289, -7.3107213319734266, -0.9784929142518984, 0.4579601000845347
2466, -1.5804278982378364, 7.4140060556140215, -4.9771848053086263, 0.4404234930982966
2467, 1.2883679282625724, 1.3285763352186772, -19.0000028859507637, 0.4244054992821983
2468, -3.0780715769815190, -9.9994723325227479, 8.6407097901887049, 0.4380112510047359
2469, 8.0610972913297676, 3.1623902559548358, -13.5666700472255783, 0.4374070311522440
2470, -6.2533021603395920, -9.9995860747479384, -3.7201897671134017, 0.4396359169594676
2471, 11.7683243993406172, -0.6628533993358451, -5.9658435914831651, 0.4702622441876233
2472, -8.1994520479335158, -7.8656717287337070, -9.1619162308103697, 0.4715808571478107
2473, -3.1518822442124321, 4.9529211069114121, -10.0234823496377992, 0.4216045188664058
2474, -5.9249687053506745, 9.9995727146039979, 4.7754305697544801, 0.4598129578072633
2475, -8.1770967540486836, 2.5443825631913133, 9.9996213843183472, 0.4312014142025615
2476, -3.6117265299532209, 4.4510921852053826, 16.8645726225777040, 0.4619084991201302
2477, -4.9969564392776586, -6.3040645395242958, -9.9997003009230188, 0.4525273142062641
2478, -7.5137618529659198, -4.7253650291454123, -9.9995206749948871, 0.4612820197261107
2479, -5.5805440970626856, 3.1144519648053288, -5.1461977851528555, 0.4408821191808086
2480, -3.1789729814295526, 4.9265737790486224, 17.1191955017484254, 0.4279924558590496
2481, 7.5248488159260916, 4.0511932234590526, 16.6567445438763109, 0.4420910358945741
2482, 6.2507175186125430, 3.6759719272492699, -4.7336936108675607, 0.4202202633989828
2483, -0.3534701153281415, -6.6870682398876857, 10.6548858385438585, 0.4535551399929251
2484, 7.4598114447167543, -2.3242095689127091, 5.5487030306258953, 0.4569767719341721
2485, 9.3709100409290329, -0.5312814544191119, -9.9998793557288188, 0.4266512492030554
2486, -6.6801229562321884, -9.9996005201730735, 2.3755456896771210, 0.4844638695914832
2487, -8.1996636947717239, -5.9995109284537396, 0.3049835363954415, 0.4630733904447344
2488, 9.8379994051804012, 2.2211765034895072, -5.5800358299959196, 0.4317764752397197
2489, 2.8396202687871250, -3.7334646590688911, -19.0000989999999952, 0.4151897042771485
2490, -8.1995844064758838, 5.9314445296215839, -0.9512596340337468, 0.4332936791689919
2491, 11.7995167954106854, -6.4353414675728686, 9.3019291793043610, 0.4405993397733300
2492, -4.5190284584904701, 9.9995272699416731, -5.9106749635921130, 0.4496402920031453
2493, -3.4710127489190743, 8.6119361515878854, -2.8980466809164689, 0.4835302155969046
2494, 0.7424498149639187, 5.2382537920866286, 5.9329586495600299, 0.4567385766434177
2495, -4.3070115118779828, -3.0964247076846103, -5.1633488907439258, 0.4410004140371293
2496, -5.1959674636500370, 0.3994993109988995, 12.6024224193258760, 0.4327985106883400
2497, 0.8153344426290078, 7.9715100184002772, -5.9467514092840279, 0.4383322568419930
2498, 0.5065414418108376, 1.0322647258964670, -5.9326093352702269, 0.4436893105858915
2499, 6.2349586766231351, -7.7239911947148689, -9.9994196476815453, 0.4422389246143396
2500, -6.3094307960452412, 3.5029294855995183, 4.8659046274877991, 0.4301914238490369
2501, -1.6993227020047519, 6.0620826441403590, 11.9412392508914689, 0.4294835885150425
2502, 0.2417855172260897, 8.4046611331314125, -5.7941131777307149, 0.4398318565458355
2503, 2.6943200925595745, -6.9397170891631825, -11.8889141952335873, 0.4496602281351973
2504, -3.0047932795395367, -5.1079259006371540, -14.8830841776984055, 0.4421609787642025
2505, -2.7970374445222834, -9.9997192965231800, 4.7810927511689192, 0.4682237372024889
2506, -3.9807420678229457, 3.9470338069015587, 18.9766511985025659, 0.4325847577133907
2507, 2.1426322537770557, 0.4864085154256325, -19.0000000000000000, 0.4426744572736394
2508, 11.7729448739213058, -9.4183655107978979, 9.9998956164020836, 0.4524738346807672
2509, 0.2166383590645657, 0.4263867521356337, -5.9951220055034460, 0.4396826629150676
2510, -6.9673286682071849, -3.9986035584992567, 4.4910966136089527, 0.4558440862499473
2511, 11.2480366214225835, 9.9994798183269626, 7.0225360173565861, 0.4371078136989852
2512, 2.9982491437886414, -4.2071643492798252, 5.8783458640771116, 0.4358151761803832
2513, -8.1994680082680365, 5.2819527569904983, -9.3245651598023951, 0.4258227155289668
2514, 4.4173340752247316, 8.7609332100733219, 5.4268924822929030, 0.4174948914417941
2515, 5.0647288469220362, 2.2967884035498001, -5.5651171371224599, 0.4239350258891167
2516, 11.7994748117770527, 9.2953692018917646, 9.2088498428608325, 0.4550599387803507
2517, -0.2285480396590013, -6.7084252922511256, 16.6946519772787845, 0.4344597626980204
2518, 8.3788818874287578, -8.0851432452868099, -9.9994083374621709, 0.4370674270376503
2519, 7.8290575042408346, 9.9993657392766497, -0.0073507822279112, 0.4387810051754976
2520, -8.1996059910832386, -5.2351388974293247, -4.0689863385118210, 0.4527957818715543
2521, 3.3761333563764202, -6.8438211514855798, 14.6161822667408856, 0.4611445532836272
2522, 5.4247170183848468, 2.7267873692217872, 5.3342676915782583, 0.4321284811191082
2523, -8.1994861764701561, 8.7171962253981139, 5.8696660298835708, 0.4317567408173233
2524, -1.9765809641299166, 7.5662319517187129, -9.9995474053468598, 0.4320399154062317
2525, 6.1339927873953055, -9.2626713683321373, -9.9992782441914425, 0.4581500248352479
2526, 9.9365500023075466, 9.9995538396150696, -3.4775918115063464, 0.4610237701607290
2527, -1.0499393643389134, -6.3944258705992851, 10.6686020318316359, 0.4535551399929248
2528, -3.2883799749715892, -9.3371003152086871, -3.1796399520662293, 0.4421697598927300
2529, 1.3298932283599978, 4.0212478676319510, -5.9767857945204099, 0.4422603237035227
2530, -5.1008380275869172, 9.9995180729433795, 3.7647128655470361, 0.4404436078762592
2531, -1.8273529717087431, -2.9162885858195122, 19.0000932642402027, 0.4120183818619722
2532, -1.9972563230862033, 9.9995431736339597, 8.6538250878449805, 0.4354984474554801
2533, 8.4669914189298652, 2.1838280757415909, 15.8088311692223851, 0.4517226915159195
2534, -1.4899001179806057, -9.3308932174525800, -9.9994583072958836, 0.4581091143656268
2535, 11.7995000000000001, 6.8781179083802471, 6.8958339767423249, 0.4254867339659893
2536, 10.4182549263909294, -9.9995130713872999, -4.5553156937669259, 0.4427613006538484
2537, -8.1996673563004006, 5.8164207304482574, -3.3465022113242489, 0.4750555910103759
2538, 3.1460276704366774, -3.1642425343555858, -19.0000989999999952, 0.4344714461569805
2539, -6.2168811200183169, 9.9996044689839607, -0.0576502917470147, 0.4406568779488131
2540, -0.0120634168539533, -9.3564154069822649, 5.7402297151061950, 0.4406403467737403
2541, 7.8888560869381630, -3.4560021510921817, 15.5765527874812122, 0.4240946417792831
2542, -8.1994936102537128, -5.9063294818940646, -6.4267559238986962, 0.4292619447873745
2543, 6.9794461132000052, -7.5780142494914031, -3.0582549095444560, 0.4667655343542016
2544, -6.8496979887378346, 9.9995231082281748, 2.5654086921271149, 0.4415261940202775
2545, -4.5211372892222617, -9.9996973100137811, -3.4790464512071169, 0.4471331115027519
2546, -6.8598639632510139, -9.9994978955581111, -7.1554400870309145, 0.4462806395376691
2547, 3.6846925096000445, -6.7433202190146311, -14.9770371379784173, 0.4288225350886804
2548, -8.1987500951591379, 7.9668173595660594, -9.9753751271754894, 0.4818532660043038
2549, -0.3961437178566396, 0.7676953315527100, 5.9836451006703175, 0.4439319502267782
2550, 4.6664287790846917, 9.9995239011893791, 8.6859882414879692, 0.4355902827831600
2551, 6.3082002183469728, 8.0640180319686063, -3.9938147225274432, 0.4666810875828640
2552, -5.0163196002926558, -1.5015892879066732, -18.9998838748227996, 0.4328780929447986
2553, -4.9345358432622195, -3.2929505077194068, -5.0202627367414454, 0.4394574491072252
2554, -6.8815113899058957, -2.1128025042368401, -9.9997133789288934, 0.4452663247557322
2555, -3.9757989323026321, 5.7399185613668662, -9.9996737821081751, 0.4276484182494342
2556, -0.1918611844602398, 6.8794984227510918, 5.6629601732303607, 0.4416344979330727
2557, -7.5259413992943003, -9.9995096391459999, -6.0036925544014252, 0.4603897212223170
2558, -4.0736819998800708, 8.8114224756760660, -1.2220746224473422, 0.4402197936716531
2559, 1.9348105831221771, -1.1584126059623201, 6.0213057243140877, 0.4305622568464884
2560, -4.7271368534213396, -2.5670082111940191, -16.8552567898445531, 0.4559555484323346
2561, 8.5516213882755707, 1.8775858771511849, -15.8068829247958860, 0.4238301329389523
2562, 2.3875928663897357, -6.9697628674298802, -18.9994708768552023, 0.4429110749785241
2563, -6.1530726184817555, -5.5413839977952541, -2.3109172338491173, 0.4502805915763706
2564, -4.7887171823703047, 8.5846251978830761, 9.9994319819690691, 0.4533560064435388
2565, -2.9575142211410426, -5.5530897122027794, -3.6658006364109106, 0.4361405685268806
2566, -4.0111497625738588, 3.8990627276753536, 15.7415624500912514, 0.4354308684736846
2567, 3.6022790125847464, -9.9996188714228378, 6.4166876277746256, 0.4280688288962070
2568, 3.9351428375444701, 9.9994882185557223, 8.6708146770096644, 0.4314943945653047
2569, 5.5431381847860797, 9.9781853475264803, 4.6865933824223003, 0.4284166879641371
2570, -5.5171569754083860, 9.9996560498374105, -1.1105254732234624, 0.4922565540260366
2571, -0.1082525546057516, 6.7376503022285483, -13.8841093866170997, 0.4291555447736026
2572, -6.9200536022368881, -3.9468202200112472, 9.9995917130207257, 0.4279596426574638
2573, -2.7032097549561502, -2.0236921257755904, -5.6820102306648677, 0.4340346190274879
2574, 4.1671551381352021, -6.5443565273455464, 5.5146445140314819, 0.4306724801212817
2575, -1.0734576751163403, 0.7045330988174102, -5.9947233312568873, 0.4217948515631968
2576, 11.0704404544704591, 9.9995179962522265, 9.2188889962445604, 0.4546832980088676
2577, 7.8918628668696433, -5.3464209525596162, 2.7508587448059898, 0.4443690339427493
2578, -6.1927793424634983, -5.9820105647095119, -0.7834905192116313, 0.4632749174045231
2579, 0.6813817745167116, -1.8645868479441177, -5.9264585872216609, 0.4282136754629816
2580, -0.3215679084132168, 6.6840297306297263, 13.1987105190246634, 0.4319514956045830
2581, -0.4704471918611201, 5.8940035104228050, 18.9997913936733305, 0.4446048802282434
2582, 0.4272158803516952, 9.9750939172848376, -5.8434450507303239, 0.4602099154035133
2583, 2.9752105916083331, 2.4960793114368673, 18.9999676613041579, 0.4722627510632394
2584, -8.1993894052008578, 9.3142048079851403, 7.7402061882897826, 0.4383814183692112
2585, 7.5585897969982501, 8.1314279920981178, 1.6880513023599621, 0.4698914777441794
2586, 7.4302063676187418, -6.5436814634157763, 2.0717649906585169, 0.4883667868931258
2587, -5.1961174259158804, -0.3281672236769879, 16.2500294966209786, 0.4768655591455772
2588, -8.1995162756085307, 5.3014054594360136, 6.6795266948233252, 0.4539367503943612
2589, -8.1993726195793624, 1.4274145569529699, 5.8443783751290059, 0.4351306805728196
2590, -7.0292671288668611, 3.2595729533822451, 9.9996376877281357, 0.4500134129766816
2591, -2.2415081173848033, -4.0166178789532081, -4.4774235778228384, 0.4814168125353487
2592, -8.1995167736460015, -7.4399764996842608, -4.0917753604082803, 0.4648380033335706
2593, -5.1560234935791733, -9.9996368549729304, -3.4811616573313509, 0.4414182881820946
2594, 6.1602998116689154, 9.9997750892782076, 4.9653076778885055, 0.4522017769942598
2595, 7.1156751159219365, 5.3289759417758722, 2.7982957155391035, 0.4350758860339461
2596, 8.7997901880060656, 0.3722544787698572, 10.5972548739584962, 0.4302075081269254
2597, -8.1996444383479368, 6.9313252896281092, -1.8717816482643801, 0.4138577223315886
2598, 7.0022604115781233, 4.6924882549804838, -17.6498696812650877, 0.4456394624931311
2599, -0.6381326331408089, 6.5674386687218762, -10.6870268796727128, 0.4343756833944701
2600, -8.1773666898606709, -5.3206026257299737, 2.7658617828874750, 0.4446988803988317
2601, 11.1113907448119456, 9.9996779768355815, -9.2115652219325579, 0.4772988998525919
2602, 11.7995000000000001, 7.8984152753738019, -1.2244677977144960, 0.4363932263277515
2603, 3.1997151141588405, -1.6164034052294403, 5.8445267733965833, 0.4207751678168798
2604, 11.7994525381789703, -1.0148049965065049, -6.4813685712509033, 0.4602356712202035
2605, 10.4504856116977400, 5.5814290197223384, -2.2035804501481007, 0.4377530190674806
2606, -4.5409387753256194, 2.9627947750922323, 10.0228569819128506, 0.4383136978361848
2607, 11.7995681242527777, -9.3057138724644961, 4.7588755585305975, 0.4398940895530249
2608, -8.1995036397744112, -1.2990824759663770, -9.9719403833634122, 0.4338455888674799
2609, 6.5863401081641948, -9.9755339037531687, -9.9991959469094525, 0.4782362029795547
2610, 11.7994000000000003, -7.3525784955925406, 5.1337811738902550, 0.4655487462734674
2611, -8.1996378590951124, 2.6695935859616471, -6.1316052222764599, 0.4359027949847561
2612, 1.7738373237095784, -6.3768365481994538, 18.9998033974511422, 0.4678557792434903
2613, 7.6947268492835370, -3.7815771096303963, 18.3144002443974045, 0.4789062212216920
2614, 0.5049494002193485, -6.8856133914475626, 13.0435554112269969, 0.4387033662235123
2615, -5.3573928806087086, 5.8224302230647424, 1.5454914018701953, 0.4440775071822803
2616, -2.1210349761355034, 9.9994349251977006, 5.3782327164298733, 0.4513299947101268
2617, 8.7795643928799940, -0.7719610269959667, 18.2502824422298247, 0.4426918219213166
2618, -5.2021872627949959, 0.3150178856802243, 15.9774252541455759, 0.4768655591455802
2619, 1.1269030284198904, -6.9691434629496829, -16.0672182653849340, 0.4472815828525580
2620, 8.8165526578562172, 0.0117472313170188, 10.0001631889517455, 0.4296944510504859
2621, 1.4360108527328064, -6.9881664014737588, 14.8085465057098542, 0.4379132456846591
2622, 8.4932558726447951, -2.1221805646046081, -14.2086647814129652, 0.4472606186263222
2623, 6.3446337888053579, -5.3257949223562893, -14.8542498141714141, 0.4587745233889903
2624, 4.3680139346890128, -4.9739797085937552, -18.9999303520714022, 0.4462004251074472
2625, 9.5445853356103836, 9.3092671929302071, -9.9996013873684131, 0.4429149935544126
2626, -4.3989563835930214, 3.2476329572709686, -11.1638832928284160, 0.4230667381521471
2627, 0.0029768765385306, 6.7633671506435471, 12.5362083702007148, 0.4268848674992230
2628, 1.3136505505013232, 2.2236745179505299, 19.0000542655118458, 0.4214325675975428
2629, -8.1994790447533017, 4.5768615915309985, -9.3708445373180851, 0.4643952846509018
2630, -2.4967565644743188, 9.3257928065517603, -4.1891368653524035, 0.4259288252507016
2631, 9.8826753318208702, -9.9992923957539208, -8.6201412752085265, 0.4818374404755824
2632, 11.1404919227675947, -3.5763450167395066, -4.8172631386623275, 0.4211966164918929
2633, -5.1015257977033484, 1.1549002378721138, 15.0989812092610016, 0.4224097982552780
2634, -7.4666697846260606, 5.4739697817148558, -2.4648677681063265, 0.4371757124283110
2635, -7.3770763634116987, 7.4669559251235844, -9.9994271407960333, 0.4818532660043075
2636, -2.0223029149321161, 5.8765038504861238, -18.9740037054179744, 0.4797048758008851
2637, -5.0277804774187080, -1.5715372597686845, -12.0343707425560762, 0.4414837243933172
2638, -3.2118734699142721, 9.9996062647484010, -6.5570064956210965, 0.4303952862889278
2639, -5.6264660702518015, 8.6312590338568143, -9.9993680175797532, 0.4356783049306494
2640, 0.7509251496893691, 6.9458250096830580, -15.0481599501603966, 0.4483039169420401
2641, -2.0663206774108871, 8.0522154407586388, 9.9994382369206942, 0.4438500017838070
2642, -8.1995135229095446, -3.9943507266237894, -7.4804326271832222, 0.4409851787506522
2643, 8.7038268433283221, 1.1556152180262294, -13.3391466997315025, 0.4835868546462262
2644, 7.2251833296269288, 0.5035520438252944, 5.9964269560670775, 0.4349188349141296
2645, -6.0956068768631217, 5.1769206666284795, -3.0595689302413165, 0.4479980040954564
2646, 11.7995044591572942, -6.1442980413819734, -3.8528067580863983, 0.4548023459554454
2647, 1.3707473841344511, -7.0255111708143723, 9.9997567987202576, 0.4595582643006578
2648, -2.0246287621494132, 6.8479192358786305, -4.6211034387188006, 0.4439375951510339
2649, 11.0329083703687942, -9.3161979580939107, -10.0000227282151855, 0.4450446164809128
2650, -8.1809924574481148, -1.2266218108733871, 9.9993814418891294, 0.4613761363192105
2651, 0.2519487663191293, 8.6864647007523192, 5.7996127985690276, 0.4363516611417323
2652, 11.7997017418677306, -3.7609106167160538, 9.9723140471586973, 0.4549496995929012
2653, 8.4932129422386744, 2.0679322319019340, 18.3536464264122259, 0.4424833860219640
2654, 2.7723478411831755, -9.9996093990460935, 8.2071187226205300, 0.4928469119961756
2655, 2.3245452680427214, -0.9503440585214837, 19.0000370549492246, 0.4379544751823204
2656, -8.1770453635614064, -4.6066308239664417, 9.9995667494446074, 0.4496529307821672
2657, 6.8343104050272006, -4.8770236076548121, 15.0377947016371483, 0.4580678910945870
2658, -2.9892296086240560, -8.1531145737653876, -9.9994884001359328, 0.4357518867885176
2659, 7.5901119251268545, 9.9664901319714367, -1.5767787252960983, 0.4613407440386484
2660, 10.4657026351192997, 0.3754342985369954, 5.9920936443924084, 0.4359181382619898
2661, -1.4600832611758536, 6.9374676923660967, 9.9998877206571777, 0.4200302379812981
2662, 9.7570354583842516, 6.3999712438123151, -9.9994329661565207, 0.4555495806258075
2663, 6.7327894657822256, -5.8726738616451755, 9.9997087140088290, 0.4334810922138835
2664, 9.3331011973980953, -5.5383989440880237, -2.3054306003024219, 0.4219093209965467
2665, -2.9503855478545895, 9.3659657975491264, -3.6858467063789471, 0.4288677686326893
2666, 9.8090797801695278, 9.9995367597947045, -0.3283915986177091, 0.4465495243725955
2667, 11.1084534168839113, 7.1745844236944869, 9.9993360122386807, 0.4350206525681104
2668, 8.5876479885876620, 4.6057339135941460, 3.8575283519309509, 0.4383386252538062
2669, 10.5870750522583190, -8.0126978041844463, -9.9994037485764498, 0.4670670024199469
2670, -2.0810510363554311, -6.8302731966576005, 4.5763385665002456, 0.4540554510068672
2671, 6.4145203156403081, 7.3246562876312460, -3.8567104563013790, 0.4395573428092183
2672, -6.2328924230893197, 1.9264761669604815, 9.9997887604070517, 0.4505207724161171
2673, -2.7464156339631929, 7.5208786678090895, -9.9994723435684865, 0.4288826289996592
2674, -4.4346160536721815, 3.1854278048794074, -17.3442929958288268, 0.4367814695904141
2675, -6.2976695923757093, 9.9995638791712746, 3.6231334262446415, 0.4338386422991871
2676, -5.7507978907442405, 0.9842095232005876, -9.9995458669033273, 0.4357345924820374
2677, 11.7994012957762724, -9.9747663614223878, -8.1344343615606149, 0.4621517545992084
2678, 9.9101490133754719, 4.3645446874902953, 4.1147395218708080, 0.4684420557133426
2679, 7.1804344751414098, 8.6590394300838138, 9.9993779486754928, 0.4412327261415312
2680, -3.7869914006701721, -3.1476608012373855, 18.9999389242014338, 0.4521050817337450
2681, 9.2800814468431110, 9.9730111642539789, 9.9994845853659520, 0.4353348815032200
2682, 5.1211679169900464, -6.3239798993321923, -4.9893597305096202, 0.4745657729645031
2683, 1.4090815432223704, -2.4816028514979860, 5.9826707228668665, 0.4744785296747339
2684, 10.1476081320462601, 4.4731773925076341, 9.9994547943625349, 0.4379018512020008
2685, 11.0792179500238603, -9.9993995656254402, -2.7627607425014009, 0.4452039189111735
2686, 11.1855177224962485, -4.7261884430435659, -9.9993383667228990, 0.4779992139140447
2687, 7.2372855137955794, 5.4090183868204855, 9.9996911440163228, 0.4201294087156962
2688, 11.7995000000000001, 6.5814286880514343, 4.7020757110031148, 0.4404694837527341
2689, 11.2318229028894105, 5.9946326068963875, -0.4493331455070190, 0.4377783373395151
2690, 8.8086001804948921, -6.6206519651597553, 9.9994438536225925, 0.4651674180961763
2691, -5.6706696689183200, 9.9994738953238933, 7.3529784782715737, 0.4320752283341568
2692, -4.8989092584543181, -2.6314257965993622, -5.3893982145091712, 0.4496242715092562
2693, -0.7351152786279864, -5.1058134418125389, -18.9998601426785818, 0.4199300785733891
2694, 5.4995256316453496, 5.9497850747657948, 10.0218187949128730, 0.4270899664997583
2695, -8.1995081632663567, -1.5556532299045689, -8.6921268364506101, 0.4336312919428249
2696, -1.7102767057249140, 9.9995170554367174, 9.3140144382728440, 0.4303894466612387
2697, 10.1957849119915043, 5.9439391687153966, -0.8572344523524316, 0.4590648800626813
2698, 1.6056983063479318, -7.0169326832442502, -10.0001736183888461, 0.4403629255283510
2699, 5.4431375887141495, -8.8501183796529954, -4.7920264619144293, 0.4187473203647674
2700, 3.2635825319445475, -6.8602175703178814, 15.2654056982091184, 0.4440157509656139
2701, 3.8118385197235831, -6.7271078797443939, 9.9999184741931284, 0.4385300980283173
2702, -5.6965941544112804, -1.6023141479444070, -5.7834943649937340, 0.4374957187970728
2703, 2.8617453330622573, 9.9995084058866190, 9.2944080724489897, 0.4344165527208515
2704, 7.9088059485753863, 3.3752134515572432, 18.9996455438278744, 0.4621051122004487
2705, 8.7037217510027922, 1.1667402600846919, 11.3149091364370946, 0.4549404351592664
2706, 5.1787151314195468, -0.8934303887946776, 5.9532080871155788, 0.4389163361315648
2707, -4.9603368756390607, -1.8356722143621100, 15.0608450454050100, 0.4563381601949855
2708, -1.1651783531052862, -1.3884266169481025, 5.8337588665827500, 0.4607099279255807
2709, 0.5571890608780471, -9.9995025354592233, -9.2647753009701130, 0.4634013370805459
2710, 1.9476281456239413, 7.6892509301317737, 9.9997690568328803, 0.4845610884810322
2711, -4.1946709644797187, -7.4638405731375146, 0.0582537924516737, 0.4543264731020213
2712, 11.0601290520407609, 3.3556249228498354, 9.9994155475411741, 0.4403460319705553
2713, -6.7736312428924199, -3.3535779177738685, 4.9741810807309390, 0.4614941556009693
2714, -4.1993028741160847, 9.9760017727136940, -0.1803466039237874, 0.4392712455132477
2715, 4.3750722118053096, 6.5143509978275480, 18.9743493795024243, 0.4589516676581269
2716, 7.4658159666876243, -6.0322076698552110, -9.9995927553427908, 0.4340103522231423
2717, -4.3704135579988481, 5.5395224770282399, 9.9996434705352257, 0.4253685857620864
2718, 10.4374786652514846, 7.3471458206715159, -9.9994535979976185, 0.4904658527748837
2719, -8.1995786066902987, 9.9770908645877459, -1.3719650925904892, 0.4361114666588476
2720, 1.3358644926166636, -1.7141241840640244, -5.9778126668191431, 0.4268595290316302
2721, -0.5812299247743307, -2.2928742048070281, -5.5522397446178804, 0.4487077128365912
2722, 6.8527740865937021, -6.6215036577037392, 3.2421991361471565, 0.4643451889626449
2723, 6.7457306727564577, 8.5629200872989255, -3.3978774393010704, 0.4666810875828639
2724, -2.3578192873627049, 5.6416000610773995, 16.4387848816028210, 0.4924078592598836
2725, 2.4895073689760547, -0.6608951702080614, 5.9836621322935164, 0.4335751823825469
2726, 10.0280719676380485, 9.9995095738504407, 3.9628390413917254, 0.4644109483616441
2727, -8.1995181805157209, -0.6910962783286325, -7.9689876522691439, 0.4466649634780077
2728, 0.1559882180030683, 3.5981778144177641, -19.0000507146027928, 0.4356522636853938
2729, -0.4355160833871254, -6.6491524179942258, -12.9185505991501071, 0.4274136265104121
2730, -8.1995053692539734, -3.2438885807054376, 9.9761193097309206, 0.4437445529775746
2731, -8.1995600423540100, -7.1921795760083063, -3.4168021413964178, 0.4663859729113595
2732, -8.1995743173923650, 9.2709163485995258, -1.0777932235451104, 0.4736239165308064
2733, -5.0297148625768395, 1.6112983169465593, 16.2385424121499682, 0.4338459262984743
2734, 9.7916256898135021, 7.2262193779600041, 9.9994288217394711, 0.4552861105205906
2735, -0.9013239208672454, 9.9995577050219477, 8.0712721594583456, 0.4383536462621601
2736, 4.5421339825339855, -9.9996329167758304, -6.6772095943724370, 0.4447376719164454
2737, 11.7996283796787278, 3.1941455611407763, -9.3290536462606308, 0.4576966119056006
2738, -8.1996584715810403, 6.3480086877033495, 2.1224408787821378, 0.4535076950607904
2739, 11.7995953680911594, -5.7407968454866412, -1.8638714956925548, 0.4506955068023700
2740, -8.1988989491307045, -6.5868899160408043, -9.9689101939742386, 0.4599254478265728
2741, 9.9025184640363086, 5.5108454350353773, 2.3804919983898669, 0.4290546623702938
2742, -8.1995074805931569, -6.7336661479365851, 4.0979443244610563, 0.4406485032331126
2743, 11.7995398440864570, 6.1098089884230102, 8.6616502402882780, 0.4572530486770598
2744, -2.4729923267540106, -9.9995180118219409, -7.8955470489391111, 0.4447688872427817
2745, 1.5564394021756980, 3.8868626343669259, -19.0000314784237503, 0.4297665343662230
2746, -8.1750763003293940, -9.9995507548291869, -6.5715668560604605, 0.4603897212223210
2747, 10.6588291569962159, 9.9994537680654645, 3.8072730387080962, 0.4335190421218642
2748, -4.2285276202885784, -3.5764568247045228, 10.6645360682909303, 0.4309767060648363
2749, -8.1994704179203701, -7.1378071720751644, -7.2061319180474399, 0.4666502804783824
2750, 11.7996189958500413, 5.6748313702607929, 3.5535169530989683, 0.4967928177243679
2751, 1.8228884823558669, 1.3624268549665588, -6.0153483922784483, 0.4560784590630333
2752, 8.5434103396645895, 9.9995282047001322, -0.4219211981844285, 0.4399983404195246
2753, -3.9510211848213723, -3.9880776784932173, -12.2110182149560611, 0.4344985554578379
2754, -8.1994813471432142, 5.5840967907388892, -8.6543250099263194, 0.4361188337116694
2755, -8.1996257853585455, -5.6842590205444790, -3.5206437135708577, 0.4448582772255403
2756, -4.5278077786596960, 2.9892667478410044, -17.9091899840715776, 0.4650148227496562
2757, -7.5847298205870057, -9.9995446889976645, 9.9738257837673636, 0.4602013757940115
2758, -7.4981679823768044, -1.8818653263516809, 5.7111373708722555, 0.4407605908586198
2759, -4.0530201496538263, -6.5282440729329005, -1.3325913896138857, 0.4321502002321941
2760, 4.1697192687233011, 1.3156047809096507, -18.9999539947203111, 0.4301467649992519
2761, 7.6278863249057114, -3.8840494644195780, -14.7901673519454757, 0.4444816388883559
2762, 6.9570823641189801, -8.0528132937130259, 3.0964485075354671, 0.4904666833806909
2763, 11.1062009778059991, -9.9993858455530837, -4.1221364292115181, 0.4350871523912073
2764, 1.3856117981046316, -6.9837597289977280, 15.5382314952407192, 0.4498296830087293
2765, 3.5385726205787211, 5.5991732040848090, 5.7647368756243553, 0.4302442564870693
2766, 11.7993413136919632, -8.8013897206692953, 8.6877728802055501, 0.4284961828482808
2767, 11.7994343529582792, -9.9715736108753141, -8.7881715103258085, 0.4620103814998179
2768, 6.8151450718275495, -6.5834138801920554, 9.9995837676705879, 0.4507061730317779
2769, 1.5847817703646399, -8.2237822734827599, -9.9996974237381355, 0.4346699492452186
2770, 7.2655376324774510, 1.1983060971858945, 5.8778165768412656, 0.4499940877862433
2771, 5.4888429919931614, -8.2013534997467428, -4.7658359998114985, 0.4429938598672378
2772, -8.1995011095773727, -9.3426878449193094, -3.1067791471446227, 0.4423072877744221
2773, -4.1928312424678884, 8.4973353765075093, -0.6353399336244795, 0.4396191112422983
2774, -6.9157332749780087, -2.2774399008216104, -5.5508498351685640, 0.4268906013499352
2775, 8.7963985604733299, -0.4656720832273543, -17.7136982374408127, 0.4742148467822577
2776, 5.4739666134986464, 5.9585393728592706, -18.9703838209034288, 0.4465512855621629
2777, 4.8897227669024206, 6.2816457012258136, 11.2896597441155677, 0.4198825261491798
2778, 8.0318832617479448, 9.9995345444916666, -2.6618735102555240, 0.4685055537757475
2779, -8.1995588918877136, -9.4269709160286066, 1.8832775233995374, 0.4276127938040936
2780, 4.5271832771126865, -6.4554631514499166, -12.2346700744659707, 0.4340812095283313
2781, 3.1751476816346438, 5.4818351129354976, -18.9999719528449944, 0.4323612795891223
2782, -0.7639664019917081, 6.5138950989830029, 18.3279753570653163, 0.4289876987943911
2783, 11.1655936158546947, 9.9993243179487692, 1.1196600269492629, 0.4576880154518091
2784, -1.1254103112529725, -6.3609503759172528, 13.5519990120806142, 0.4573936700998317
2785, -6.9365666446220748, -4.9869930837134300, 3.3316967884421675, 0.4311421822233470
2786, 5.6597972556218599, -6.5715352137385414, -9.9997758621235100, 0.4222223387015490
2787, 8.7976547907683251, -0.0563020317963070, 13.1631735502176603, 0.4460781235695723
2788, 11.7995956932530195, -1.2982267801920928, -8.7637253623988300, 0.4402014256696580
2789, 11.7994428785101046, 5.1127883161054406, -6.0864105834635041, 0.4550611647532922
2790, 5.5552417585763934, -5.9509298700021498, 9.9999199479162488, 0.4494378003236462
2791, 6.1204921555757696, -2.6696045416427756, 5.3645309209899255, 0.4234301930493446
2792, 11.7995938965568765, -8.7439473316992533, 0.4699147185950317, 0.4389335995396493
2793, 11.7994184085647031, 8.6007519337567953, -4.4121894680776332, 0.4488784130984925
2794, 8.6973969910387510, -1.2177238499674203, -10.6014915527805851, 0.4236080252074618
2795, -6.8981709746086564, -5.8684335510755083, -9.9995421972629757, 0.4341058226338948
2796, -5.1213099356677123, 3.0906137848284438, 5.1644205380136343, 0.4672241750304246
2797, -0.7841754253076801, 1.8068882789281018, 18.9999931505185202, 0.4479888373251232
2798, 4.7080191734861403, -9.9995506641890728, 8.6374900376923378, 0.4497847094656142
2799, 11.1686348510967228, -9.9992997477996379, -5.9937825229600845, 0.4443486421717223
2800, 11.7995256973754667, -9.3135414875596876, 6.1570371690918790, 0.4372620392233358
2801, 8.7855031190834154, -0.1433543147346344, -18.9830898872440166, 0.4649227172669645
2802, 11.1362461800921100, 4.2680476144366537, 4.2189544549913665, 0.4446967818540959
2803, -4.6115934832435217, 7.7878634566324285, 9.9993852129402025, 0.4533560064435367
2804, -4.2759849787173838, 3.5069693893722564, -14.9003899716307622, 0.4361918875209890
2805, -2.5594035978336866, -8.7397798734653644, -4.1241103702579247, 0.4309586425954121
2806, -3.8807908639561761, -4.0906288995897482, 14.4183009963975142, 0.4331880339975542
2807, -2.8975661115269609, -5.2019800206271363, 11.8835843265207863, 0.4571980169781633
2808, 8.6523640107485242, -1.4107392999797166, -14.3012786290690634, 0.4394527226379546
2809, 11.7993979684254988, 8.7802031226122690, -5.5622432663996042, 0.4608518845392756
2810, -6.9851388820942475, -9.9994563958933824, -7.9810520372132565, 0.4462806395376704
2811, -3.0197999439120711, 9.9996177092878877, 6.3388762000028498, 0.4317958223106111
2812, -1.6137380227907980, 4.4678379771353480, -18.9998868104424972, 0.4476343423469100
2813, 5.1242965028229586, 6.9150059136216893, -9.9996417611546775, 0.4340568867673550
2814, -3.9299629878399229, -0.6020679728713556, 18.9998000000000005, 0.4448229389120174
2815, 9.6101021050272450, 9.9995646308476687, -2.8444096225444944, 0.4504778377658529
2816, -5.3009669084453579, -9.9996621211788170, -2.0374906638014201, 0.4673009440692760
2817, -4.6849812831519015, 4.1302190059779704, -9.9997700195707715, 0.4342061794206318
2818, 11.7995519729215648, -8.6062111443266023, -5.6056356088752137, 0.4824979740571489
2819, -8.1995452501739106, -9.9771866436715619, 0.9646161507040146, 0.4445372995427002
2820, 5.0808334191699798, -5.4548606689901682, -18.9998214558631808, 0.4518808977951745
2821, -5.3692991713488105, 3.9887781693782460, 9.9997857793073237, 0.4353156261477391
2822, 9.2655420066603327, 9.9995053730431191, -8.6442943326822217, 0.4557955198738473
2823, -0.4424592155737586, -6.6487316082310848, 11.8721655344094117, 0.4539692133706822
2824, 11.7995862088461330, 9.3201245739893963, 1.9951085579609735, 0.4333649462657118
2825, 0.8894481511951632, 7.3944588345689928, 5.9412985658897881, 0.4558874653050864
2826, 7.7838390635652335, -5.9564151048119891, 0.8116431720944591, 0.4514303940438377
2827, -8.1996521077982614, -6.3015334542000394, -2.1962381886166362, 0.4483613171687625
2828, 6.1605007518492210, 9.3448637117886513, -4.1295721291005165, 0.4529717535809772
2829, -6.8057479439599495, -5.8739814335229408, 1.2075926190607285, 0.4625460730924542
2830, -8.1524345097121103, -9.9977015693648745, -9.9584693555626487, 0.4561311497849734
2831, 9.0706474557930150, -9.9995798079538361, 0.8546987496149689, 0.4486215429237775
2832, -3.0769652206383662, 7.8880788912102888, 3.5172111949629898, 0.4376411656582046
2833, -6.9277418607947956, 9.9995051037701632, -4.9639601339940000, 0.4262436704718836
2834, 8.1130866866840989, 4.3549885753187034, 9.9997377257351872, 0.4204753567590438
2835, 2.6709591886071955, -7.5591082997251462, -9.9999350119783426, 0.4180165361997917
2836, -8.1996438043713642, 5.3468061608286357, -3.9320074005971710, 0.4355479996939379
2837, -0.3121147475555521, -0.1365041361283054, -19.0000000000000000, 0.4343630831415830
2838, 8.0344629288200888, 3.1436296020640695, -5.1304300115554140, 0.4452222353335581
2839, 11.1274206951129564, -1.6049951884826603, 9.9995003505664819, 0.4330006236000559
2840, 4.4772177939217084, -7.5993276301669228, -5.4006393562486696, 0.4459760767150135
2841, 7.4432605992916638, -2.8758484318505588, -18.9999449063552817, 0.4726498413416940
2842, 5.3339804445792662, -6.0576859918153945, -13.1750319544892101, 0.4458492693329346
2843, -8.1762938867100381, 4.2433333838142140, 4.2449715332871198, 0.4372769940505632
2844, 8.7730054049106130, -0.7779048555034290, 11.9125527427536380, 0.4298135735938356
2845, 11.7995494799388272, 9.9754865385509230, 5.4395627404988556, 0.4628535844511515
2846, 0.1967778776937978, 7.6342125535394576, -5.7769754429535922, 0.4309194246742795
2847, -5.1881433578729590, 0.2531323218484078, 18.9773460133400427, 0.4624127803168858
2848, 6.9151433372745323, -4.7918249431111768, -13.0717170870410957, 0.4331168615893951
2849, 5.6271080392941029, 6.8246183959326006, 4.6506829207564193, 0.4464604644570745
2850, -8.1996814675107128, 6.9056014274387536, -2.5492887868868723, 0.4770309269646795
2851, -1.1010204257057135, -6.9495395921862357, -5.2494478721780284, 0.4553002950709396
2852, 6.4752432199217891, 6.1137591233580952, 3.7995725912182170, 0.4239192129363826
2853, -8.1586331075634977, 9.9540175114452012, -9.9976718400785582, 0.4549329225200645
2854, -2.4610301016666631, 0.5524703213677803, -5.9942338403713045, 0.4434752095172640
2855, 9.3177626983368746, -5.7671719470003628, -9.9994354677949211, 0.4550711682756917
2856, -2.7911068274152613, -5.2862286616326308, 13.1858460823153649, 0.4558905559642913
2857, 2.5519019891681012, 6.9615551571590046, 18.9774869330845171, 0.4397040646843328
2858, 2.2013982764354223, 7.0102908834315860, -17.7446979960352067, 0.4222826375593478
2859, 7.4625571712875240, 6.3218277435929302, 2.0059730621556895, 0.4753985108871699
2860, 2.7417881155438391, -6.9333223851446357, -12.6044592701291371, 0.4391922883405426
2861, -4.4361379914141148, -0.7250786815983467, 5.9933710018034834, 0.4440147950467504
2862, -8.1741198074644572, -4.2598415450321854, -9.9995022346909010, 0.4422382204158137
2863, -0.5502639881848100, -1.5748128197845090, -5.7848104614998999, 0.4369794623882519
2864, 6.3274383650613046, -8.1818358000799769, -3.9736934043718359, 0.4238008617725592
2865, 7.4874136518723278, -7.6246474119062810, 9.9995016881784409, 0.4452216629508419
2866, -8.1995911885860853, 8.8280262810233516, -2.2863179298032814, 0.4776891203075349
2867, -4.7921330173054359, -2.3549462286250704, -13.1369283347424428, 0.4455684387651122
2868, -4.8011039938701199, -9.9790086067434203, -9.9994569137636056, 0.4337346805821755
2869, -1.8187560434078252, -3.6064282680028676, -4.7918867932027878, 0.4723267922864819
2870, -3.0208818819990388, -4.7876502336442792, -3.6240284589733682, 0.4576292504875861
2871, 11.7728685279873204, 5.2603109644332831, -9.9993022350807248, 0.4652126040885860
2872, -8.1995554082317632, -2.8645970340990763, -5.9577264882481105, 0.4306843650934027
2873, 8.0736616174269002, 9.3163038107912524, -9.9996024691337091, 0.4384578768832976
2874, 8.5159103556542188, 2.0421133567531871, -17.0567354513338643, 0.4200530540808472
2875, 1.0924610212266903, 5.7987330909634078, -5.9601159674207231, 0.4312536346437025
2876, -8.1990158560573221, -9.9786858470287427, 8.0883601556152218, 0.4321578754256221
2877, 11.0855923823194225, -3.9645557295949931, -9.9993824252041659, 0.4779992139140429
2878, 11.7995179317923640, 3.8142920564323477, 7.7891431720021087, 0.4494423516975016
2879, -3.0668836474732637, -0.5644625557215990, -18.9998171337232833, 0.4749739824233106
2880, 11.7995177722693771, 6.5721056136041733, 1.1158288283694453, 0.4607993858052113
2881, -0.7078220102910436, -6.5368194341538022, -16.4199934742700364, 0.4451624965634920
2882, 11.7780432364361118, -3.1880354009587988, 9.9994392394509148, 0.4635867246703894
2883, -4.1759636343288040, 4.4894397933513854, -3.9849349331741415, 0.4749209886329192
2884, -7.5471087136059092, -2.5964753662896172, -5.4140131865364252, 0.4335242193546959
2885, 8.3580161214619046, 6.3745180148328187, -9.9995465925580334, 0.4665514944935955
2886, 9.2246888692121072, -1.8344274927581421, 9.9997938930532531, 0.4269520228314141
2887, -4.2083867334241534, 5.3036636351515316, -2.7937351996423536, 0.4640110302004801
2888, 7.1121863718454650, -1.9676813956988572, -5.6940034588290933, 0.4279229879460607
2889, 11.7995913813491899, -8.7130569593855860, -0.3102432501260944, 0.4356908339516367
2890, -3.3391709940374152, -4.7501262239107360, -11.3821214168822635, 0.4370480395405057
2891, -3.7044901046731940, 4.3480670717381384, 15.3656632104545992, 0.4354308684736795
2892, 11.7996960778462370, 9.9757215444176186, 2.9649285845803601, 0.4438994698609720
2893, 0.7007916905558461, 8.1698628931712189, 9.9996362308753568, 0.4224578343528301
2894, -5.6217827215483247, -9.9994968092546710, -6.5957868569362272, 0.4485934668891243
2895, -0.7602475090043522, -4.1245154594248028, 18.9999926614371653, 0.4445006453865825
2896, 9.9425537512102053, -4.8267622376456858, 9.9994538500013697, 0.4363390949835643
2897, -3.5950165761628203, 2.6958116633514719, -5.3611470654717310, 0.4774767541096274
2898, -7.3925369609605722, 9.9996358223759536, 7.9848246955419722, 0.4729945453996357
2899, -4.1246252753172827, -3.7298532494981500, -16.5232889934180385, 0.4680484555881664
2900, 6.8047355753493877, 8.2135674503166847, 3.3231641372004250, 0.4351621050933056
2901, 3.7589226900526675, -1.0750931447372576, -5.9089734176795261, 0.4356728030933628
2902, -4.3082944740042910, -9.9996494562914808, 4.9025831501967927, 0.4238744823598726
2903, -8.1995121588574289, 0.5226598844780307, -8.5852867988674610, 0.4364417357036122
2904, 7.1198612811874158, 6.7257894971160130, -2.7682922255446956, 0.4487155729515978
2905, -8.1993692500159305, -4.9505259628220450, -3.4098652533388907, 0.4342351720080772
2906, 3.7515517160443865, 6.0115648768684844, -18.9999772805706399, 0.4586309113216830
2907, 6.5737667008115794, -8.5791574165973934, 9.9994474499175148, 0.4480318537665714
2908, 1.5037138895809234, -5.1711802843185435, 18.9999118411026053, 0.4317603663743455
2909, 4.6020477129995205, 3.7777917811310910, 5.3208669827226416, 0.4523598984365692
2910, 11.7994961845772774, -8.8909110823720230, -9.9712950635838951, 0.4562315752302563
2911, 1.2757236796872711, 3.9014840090413481, 5.9726084447464558, 0.4439814001845336
2912, 9.2494634105819085, 4.3311741029344439, -4.1447845213829568, 0.4297801536277823
2913, -7.4670890963000689, -9.2712416332428713, -9.9994967458707791, 0.4586766109898368
2914, 8.4683519076979294, 3.7733288522764212, 9.9997344324490971, 0.4222975622828697
2915, 3.5761924926069790, 4.6669927162815004, 18.9998914668462184, 0.4368601204357948
2916, 4.3934850336102160, -1.8648809358335299, 19.0000989999999987, 0.4437225310731182
2917, 3.3163305545654072, 6.8509506967902514, 11.8679204496317983, 0.4371890506064597
2918, 9.4711580613343891, 1.0598380696950516, -9.9998101638015040, 0.5036727549800217
2919, 9.7251578382953952, -9.9995526222956403, 0.4507832884184606, 0.4427564537144044
2920, 7.2800816566569946, 5.4589723794426961, -2.5149630751813015, 0.4377889804661800
2921, -8.1994993257378166, 7.9459466994990571, 0.5785208870880787, 0.4430584568828644
2922, -4.6072016578383428, 0.4885695378935023, -18.9997915911885897, 0.4478772956258528
2923, 8.7936157389101819, -0.1624965757044072, -11.4291412368861103, 0.4483972579204067
2924, 9.0753809959646432, -5.8583312756674797, 1.2743837663468975, 0.4831342838818736
2925, -4.5799268110634177, -2.8792224591329503, 18.9755924706940107, 0.4521050817337424
2926, -4.9632489027572317, -1.8246268923368922, 16.4222479466933109, 0.4528698011475687
2927, 6.1391540573304635, 5.5027810508334172, -10.6558523032247798, 0.4596758317310594
2928, 8.9445465279455636, 6.3915912481829276, 9.9995328153353924, 0.4483046416558201
2929, 10.4862954225024581, 9.9994689755676642, 0.7147899361313750, 0.4483532689767361
2930, -8.1994100985392446, 7.4248937599385822, -8.1365495831880565, 0.4408094906343165
2931, -8.1996252378758889, -5.5679881039341801, -2.2658221135926562, 0.4483613171687586
2932, -4.3261691117546581, 3.4124570319290428, -18.4056931128407193, 0.4198431846853733
2933, 11.7994296431787671, -4.5839655937147459, 7.2625752961910628, 0.4404290035196539
2934, 5.5654090206913107, 0.2629075737910521, -5.9965476467208809, 0.4401671810733888
2935, -8.1995433611321502, 4.5034856409813182, -7.5069874084174026, 0.4417553076230150
2936, -3.2322503501422104, -4.8680688667031493, -12.6890383976465841, 0.4475785431241405
2937, 8.0745847035421647, -9.9994534299752953, 8.0476669445366991, 0.4589697283693241
2938, -3.5935673488207187, 6.9126247084335741, 2.6706337690558262, 0.4749674101206212
2939, 3.1391846844235167, -5.6742794641830798, -18.9998376125420414, 0.4287465876938132
2940, 8.7093088087661972, -1.1687957304136571, -17.6017549768238659, 0.4742148467822562
2941, 0.7336426068753352, 6.9441561262876048, -16.5659991963028048, 0.4569877162187385
2942, -0.9500540400804860, -2.8055663218095694, 5.3204009933353102, 0.4802710102198084
2943, 10.4874658095893665, -9.9994653236720339, 4.4007893539325496, 0.4301153622003377
2944, 9.9375849715951503, 9.9995523091282372, -4.6410079363582399, 0.4319501336026842
2945, 1.9175707600054097, 7.0254425950959787, 18.9718989247293699, 0.4488269062574591
2946, 4.5389980743297089, -1.1066096366035187, 19.0000989999999987, 0.4431771792299773
2947, -3.9005416941100544, -4.1176992965368395, 4.3683394385890741, 0.4911243957940888
2948, 8.8626926657188179, -6.2549626721298086, -9.9994421212960631, 0.4334897958398977
2949, 11.7995940097056202, -8.7414558350715268, 2.8951522805588978, 0.4352350665115993
2950, 6.6321140225016011, 9.2950153632270318, -9.9993971864863358, 0.4421642842057716
2951, 9.9236352148278186, -8.1563963551587442, 9.9993257008425225, 0.4321358844970083
2952, 9.3819620434750082, -9.9996312005671868, -1.5796885757909018, 0.4691391505567118
2953, 5.6359121782501100, -3.8322890233117075, 4.6236612470881795, 0.4339066665294225
2954, 4.2852458503845678, -9.9995207189929083, 9.2186868635694310, 0.4598391688015064
2955, 4.2736296668604039, -3.6633520242486362, -19.0000264540972594, 0.4294386297109473
2956, 11.7995917205430914, 4.6320690077597861, 8.7033805785158425, 0.4383497841782827
2957, 11.7803581815653455, 9.9991838831710638, 0.9692490848258480, 0.4527363364364025
2958, 5.9467773735122371, -8.6812232220570866, -4.3333823187595426, 0.4429938598672358
2959, -6.1698224253550968, 9.9996148069592916, -1.5661357106968214, 0.4922565540260338
2960, 2.7145229401348554, 6.9390547351664367, 16.3157356674684131, 0.4192178636659334
2961, 4.4122135868813910, 9.9994797310693038, 9.9779503986513767, 0.4680005973642766
2962, -5.6255138514005365, -7.5018510052031138, -9.9994868919231070, 0.4649702916343628
2963, -3.7929142980916506, 8.0576298608973040, -9.9993555520701367, 0.4349731259992997
2964, 6.8227895512648198, -9.9995781454304495, 3.3366901303377876, 0.4356150768675933
2965, 8.8330313161075136, -2.8127975305017321, -9.9997957871462031, 0.4416668534278464
2966, -2.2455584550023628, 9.3562974696259182, 4.4319245687474069, 0.4278200353569383
2967, -3.5046321737652870, -9.9992670339351655, -2.8714361864970348, 0.4346442797268739
2968, -4.1760771088699755, 8.7560883445923743, 0.6709396731419989, 0.4800467435775435
2969, -7.4201653818963615, -9.9994924656026694, 9.2588197102671650, 0.4713890486713027
2970, 4.6891945255607199, -3.7094368098151871, -5.2829707293111801, 0.4323122483840182
2971, 6.1678322457952897, 5.4868212187017003, -17.0531743420251196, 0.4268329336765809
2972, -4.0807953542030120, 9.4415178918414817, -1.1552552615045519, 0.4239710875842530
2973, 6.2053075914935958, -5.4571637253774039, 15.6915908655362788, 0.4590908848796298
2974, 7.8152452885926333, 3.5766971051648455, 15.5990781173914552, 0.4467500637897028
2975, 7.3726844844241688, -4.2808271839067951, 10.0007452839855855, 0.4667935775542861
2976, -0.7034369129209863, 6.5423753992494236, 11.2819724119636842, 0.4309504600629924
2977, 0.8130975866014409, -6.9443333886066414, 17.6602702543291485, 0.4327607897530213
2978, 7.4234023261795086, -9.9994845914404777, -7.9904881134985031, 0.4689826921888858
2979, -0.8182597063723286, -9.9995816997287079, -6.7936160107869883, 0.4587253265411850
2980, 8.3693915368636009, -9.9997032592825352, -0.9205267369555191, 0.4242252184805618
2981, -0.8242083107137747, 4.4504768707541018, 18.9999103293284008, 0.4643309171799054
2982, -5.2177536776164741, 0.2030859798319953, 9.9996003434263656, 0.4395785070127391
2983, 11.7994265851631894, -0.4029788248385303, -6.7469580583562889, 0.4701092470209521
2984, -3.0893766873822561, 8.0874880972440870, -9.9993644757085569, 0.4239900516033561
2985, 11.7995490244096999, 0.6681524595608304, 9.2947295996032242, 0.4390037416812934
2986, -1.8148209046345840, 5.9907963383056657, -12.0291079391388873, 0.4356386905268843
2987, 11.7994136708400355, -8.1372558504567110, 9.9723451474744369, 0.4392437607580605
2988, -7.4750228563317611, 4.5719341660277175, 3.9231687890060991, 0.4475787504888652
2989, 7.1782732491250707, 1.9609466566758884, 5.7002671595281207, 0.4499940877862430
2990, -8.1994872766679094, -5.8793033630318590, -7.1935561527069112, 0.4282173892002473
2991, 11.7994000000000021, -8.5958258432967085, 7.2939210558719632, 0.4593084513350036
2992, -7.0419654779495886, 1.2965869226053706, 5.8550200816957121, 0.4162418817590889
2993, -3.2579482748112869, -7.7164822462317382, 3.2183218347832598, 0.4937954839476988
2994, 1.4282610009915893, 6.9890775545872739, -10.6996392254874042, 0.4444467756844586
2995, -4.5184107342452107, 7.0323535844602940, 9.9994125641280558, 0.4289992415144201
2996, 6.7956597134024310, -9.9996846795857426, 6.1212603580834966, 0.4490183416111913
2997, -1.7486838544343275, -9.9997412639408374, -5.5662184707106706, 0.4550371360996781
2998, 9.1872098088037095, 3.7630053443615803, 9.9996535697170650, 0.4300965814154898
2999, 2.4471313470431073, -5.4639958934141841, -18.9999065402501870, 0.4333420135346006
3000, -8.1995157708543402, -9.3014952621404881, -2.3411638773375869, 0.4695693671726034
3001, 1.1340584159629334, 3.1820723090420788, 5.9616360350626492, 0.4353037205877234
3002, 6.0024023875303119, 3.1359079252522153, 18.9997916124493926, 0.4303913279147872
3003, 3.7364770316905340, 7.5222307256544054, 5.6782627413014453, 0.4303642029883941
3004, 6.5138081480198506, 7.8703209374818321, -9.9994318784882346, 0.4644919518568240
3005, -8.1994233720672423, -8.5588857406226886, -9.3296601663015615, 0.4715808571478141
3006, 11.7994722181035048, -0.0632603109454244, -6.0293093420930060, 0.4702622441876235
3007, 7.8945668997234275, -3.4465357955078058, -15.4010095937018985, 0.4444816388883520
3008, -8.1994599554152927, 3.7001566808164479, -4.7620001318378478, 0.4894651049333504
3009, -4.4200308767705687, -4.4745315611068852, 4.0009756573381718, 0.4537093643977415
3010, 9.1353948797994633, -5.9257724563509990, -0.9956861597990617, 0.4644270586565688
3011, -7.4982669020563435, -3.9757951522134092, -9.9995744217575453, 0.4422382204158137
3012, -8.1995700647349157, -2.8268330892576454, 7.8437139300579766, 0.4622804213031048
3013, 2.4850045758018116, 6.9651072389316955, -15.8672459168383693, 0.4239908086852378
3014, 7.7733895542618257, 3.6441502018119243, 12.9434610489982340, 0.4226957404143368
3015, 11.1653455579842991, 1.2028096181988726, -9.9995362127773859, 0.4636333818531839
3016, -3.2214330103970514, -9.2675715690293252, 3.2781483894745787, 0.4683348146535695
3017, 8.7896725710270420, 0.7357795657225298, -15.4624459515684816, 0.4353482716072677
3018, -8.1761490029828874, -9.9993580068557701, -4.1490495296025198, 0.4378268845786303
3019, 4.5216793071699586, 6.4689424228796408, -11.2522345587124590, 0.4242274791240822
3020, 9.0541727688352243, -9.9993817799123210, -8.1520587300708769, 0.4818374404755740
3021, 7.7707871374481972, -6.7125211004783871, -0.6247327061469642, 0.4579601000845340
3022, 4.1910494851001792, 6.5809831344356002, -11.8878213884245714, 0.4231667232132405
3023, 6.1292130766953621, -4.3970294976116255, -18.9998259203622304, 0.4719887719828216
3024, -2.4445773600172847, -5.5699323987747311, -11.8529522078209215, 0.4519584081837899
3025, 7.8549962159526858, 4.5852273481604096, 3.8726543602432093, 0.4401535385551011
3026, 4.9876192945301856, 2.5165354912636615, 18.9998562811614207, 0.4468575007791958
3027, 8.1635555393506021, 2.9207487497126232, 15.8770670495523536, 0.4517226915159199
3028, -1.1415438778186764, -6.3553765932411288, -17.1183214982788741, 0.4451624965635000
3029, -8.1995436208801209, 7.9877396262891533, -6.1232452251246219, 0.4392189882621562
3030, 9.6199110938702805, 9.9995916329757026, -4.0552881129686149, 0.4610237701607280
3031, -3.9947604734727635, 5.8084542371121408, 1.6571014684631811, 0.4683291645112315
3032, 1.1321470374558704, -6.9771086405322400, -10.5915346090308322, 0.4403629255283507
3033, -7.5783419075437868, 4.1829081229496445, -9.9995215574048313, 0.4599046419791308
3034, -4.0582873251646108, 4.3702576176792363, 4.1102210954388916, 0.4350445744702112
3035, 7.4696139860726465, 4.1232332646296497, -16.2054263776162983, 0.4557382103499443
3036, 7.3900309507878861, 8.6453457909589417, 2.1950804889555271, 0.4709420413212617
3037, -0.4636925548591012, 6.6409085085490789, 15.1413527214102341, 0.4453794158311478
3038, -6.9360543981985110, 9.9995302326018596, -5.7176668870379670, 0.4244062487575241
3039, -7.5238716325509278, -5.1279093912747600, 9.9995031730648929, 0.4659782637082298
3040, 1.4558799397289990, 6.9886280646899595, 13.5878872178422601, 0.4521461400037039
3041, 6.8539348589568085, -0.1059353617042376, 18.9999230375491983, 0.4389787707298795
3042, -3.4339971205147202, 8.6812248275897019, 9.9993595781474998, 0.4390391248654250
3043, 10.4959097655105378, -1.1095884189333309, 5.8922926303820029, 0.4327067502914092
3044, 11.7995311037330470, -7.9313907886797432, -4.7141164635119885, 0.4703976346770219
3045, 0.4504245711415823, -7.5401025096809287, -9.9997577215570619, 0.4429339051008431
3046, -8.1996848444557422, 6.5619992393531179, -0.6707643706341796, 0.4636627887006611
3047, 4.9172833193766836, 4.0581586946678714, -5.1446316739505580, 0.4472679876365280
3048, -8.1995696783830763, 9.2755481226955911, -3.1601176525071777, 0.4815270900248493
3049, 0.0436782060275240, -2.9243306463104566, 19.0000812796415985, 0.4604197622178305
3050, 11.7995000000000001, 8.4102384925444706, 4.2592818764835316, 0.4562514185987294
3051, 11.7995117541760255, 6.0881545240652635, -2.8036269364493349, 0.4506002378066209
3052, 5.0785464234804758, 9.9994858088880409, 9.3420415837994835, 0.4680005973642741
3053, -6.5027794434124058, 3.7521972017858820, 9.9996325449304511, 0.4412668880341480
3054, 5.7906252650556924, -5.7487131862930942, -15.9987882136595978, 0.4249845246323645
3055, 6.1958312880915658, -5.4630446841406535, 10.5946633250642286, 0.4673808104991577
3056, 8.7669945572667114, 5.7752206514604580, 1.6108495405541308, 0.4576222397424464
3057, -4.8002379857822026, 2.3329033656314242, 13.6982984016942595, 0.4465554580009093
3058, 8.7569265807007071, 0.9424032036202351, 17.6623331833884905, 0.4396931785176690
3059, 11.7997183190202026, -5.1213659331667039, 4.3139124045578203, 0.4406521401395220
3060, -3.7018837175688146, -9.3846629192078908, -9.9994743003236710, 0.4236703915772154
3061, -4.3486309398840826, 9.9995461942277561, 6.9436706653784643, 0.4479865197528427
3062, 1.5686045850639561, 2.9364953082138854, 19.0000364665492079, 0.4500870526786421
3063, 4.7321631495294154, 9.3715675239878760, 5.2350498662243856, 0.4209861576961954
3064, 10.0898236563823627, -3.0022232443388055, -9.9995474716182819, 0.4134928240404758
3065, 9.6588554890555898, 7.9269249381351612, -9.9994596806960097, 0.4904658527748828
3066, -4.9797931478746325, 3.4939426064556001, 9.9999553246307133, 0.4456259057972921
3067, 8.3175218296093796, -2.5597608904950704, -10.6982682412246088, 0.4456412623412386
3068, -8.1766306282716013, -1.0380652926140013, 5.8998204614882832, 0.4361848137144574
3069, -4.2414206716506495, 8.6650005435042967, -9.9993519365483507, 0.4379352217705663
3070, 5.5543888348377237, 5.9087694170933149, 14.5188007798256482, 0.4398170337673279
3071, -1.9416989595696026, 2.3416650496588649, -18.9999105691562491, 0.4435427997583603
3072, 11.7995285476730540, 6.5102246117871365, 9.2869290647376825, 0.4513696928731148
3073, 6.4529941797593793, 6.5847888450316807, -3.8106100662508298, 0.4740664105767977
3074, 11.7995000000000001, 6.8155342217800889, 6.1782273753356192, 0.4313746853120414
3075, -6.1684057959785568, 5.9952732029620499, -0.3219187411544396, 0.4361892948769851
3076, 9.0182428641141410, -9.1904249435943743, 9.9994061559687140, 0.4543416691077478
3077, 8.0947324203233286, 0.6235807369375176, -18.9998705800022982, 0.4531927027621197
3078, -3.0783055378836788, -5.0320080815277555, 14.4353880657473486, 0.4166905764306264
3079, 8.6882917325186462, -1.2259036719804224, 11.3146736665764678, 0.4334692066773996
3080, 11.7995536326249386, -5.8625840551615944, -3.1189407937884530, 0.4512123884311636
3081, 8.1468608434914707, -9.9993842016083310, -9.2896702737041110, 0.4402550545045240
3082, 1.9567014478041354, 8.4555610518108093, -9.9996495371793426, 0.4771343085644939
3083, -2.8894762802747236, 0.6976097953763787, -18.9998383518413085, 0.4341318166742545
3084, -4.8557615482735281, 2.1617627728901119, 16.7142560205761015, 0.4482286892335380
3085, -3.3364490126204878, -9.9996447082492139, 4.1915223194119609, 0.4365298237718023
3086, 11.7691334462389836, 9.4083602301416125, -9.9984218309911999, 0.4516638366826389
3087, 11.7994023481679839, -7.2073937868463194, -9.2357814679746841, 0.4626569915750140
3088, -4.0278258598051462, 9.9990860245818887, -1.5023090763376266, 0.4340349745183614
3089, -2.6858940980313148, 6.9745270370644104, 9.9995940377368431, 0.4287064146211474
3090, 4.1588165930472982, -6.5909211276328756, 17.6995301171882033, 0.4480856231166606
3091, 2.0170809049693723, 6.7112736128758614, 6.0279471074712134, 0.4371625687947033
3092, 5.5721678417855447, -5.8970767052327364, -11.9568971436252109, 0.4402959616065758
3093, 2.6814542066516718, 8.0374777194219700, 5.9260617550289894, 0.4276058389842584
3094, 8.0758607853221616, 3.1216408359315273, -10.0227858025610761, 0.4434459824938692
3095, -5.0731239916422819, 1.3263267946388129, -15.2978161722806778, 0.4555857267699224
3096, -7.4969639459632482, -9.9994249503746406, -4.5309967375552000, 0.4510197822753680
3097, -7.5613723374608011, -2.1204385952532845, 9.9995101562955835, 0.4391682990065376
3098, 1.5346775941171344, -9.9994256922895115, -8.3640341376742242, 0.4639720448918771
3099, 7.8399324531644048, -9.9994222457764401, 0.0987110966716730, 0.5041937949869086
3100, 6.2316488258707068, 5.4284454701719111, 17.1053418187699933, 0.4502080610349748
3101, -8.1995912297499292, -4.1444871917346777, -5.2075215898772402, 0.4410862740735469
3102, 8.4217756552574681, -2.2486824044536409, -10.0211208116550434, 0.4416668534278482
3103, -5.5902697466158919, -5.8617283256992199, -1.2760158589904591, 0.4583032625687064
3104, -0.1424320265128164, -3.8042973653778716, 5.6677425100117125, 0.4812902865959544
3105, 6.8316420906815729, 5.8645629137289070, -9.9996545481654255, 0.4395899734274876
3106, -8.1994929697033445, -8.6665568170129781, 7.2852688548022799, 0.4590055743768636
3107, -4.8214198200420855, -2.2657059028568489, -11.9704719609192320, 0.4388585150787560
3108, 7.8218178859995353, -2.8540330039271491, -5.2852858097293289, 0.4233646756653511
3109, 10.6072822366579143, 9.9745238047553713, -9.9990503385960352, 0.4712910846393968
3110, 0.6273399095495804, 6.8855906942596521, 18.9992016774667860, 0.4630124878029343
3111, 3.4931930256920056, 3.9744718127906351, -18.9998875970512096, 0.4789818202590422
3112, 2.5595145719068122, -1.4054252304005397, 5.9583461683884078, 0.4206972681620778
3113, -8.1995684630991761, 0.3139658443776016, -7.2756159498053909, 0.4356280583248121
3114, 5.5883846304590890, -6.7144751304136845, 9.9996732813091622, 0.4368961897139172
3115, 2.0126681838218823, -8.7644084321856166, -9.9996551777141196, 0.4776625590255122
3116, 9.0989237027959842, -9.9996616303649315, -3.9287080462024431, 0.4281389538751380
3117, -2.0272011555644029, 5.8771411887490039, 10.0007984687609106, 0.4340640149296521
3118, 8.2596621207584686, 2.6855339537734806, -16.9958621247279353, 0.4296833107104365
3119, -5.3522134655804017, -3.0993441728415596, 5.1580778717612992, 0.4391498354353623
3120, -5.9981860955682818, 2.6041529078491608, 9.9998188638674019, 0.4505207724161162
3121, 5.2600580449450494, -9.9994595882410611, -9.2581096809988424, 0.4527777548831369
3122, -8.1994409141805509, -6.5823516269574940, 9.3150302848768227, 0.4459760236890032
3123, 4.2476729103651074, 1.4321607180331384, 18.9999442175256235, 0.4454817245082898
3124, 8.3376779354603290, -2.5082462074282552, -17.4164616016291376, 0.4445146695638926
3125, -4.9705143563581116, 1.8054039790277789, -12.0737507351740785, 0.4326508754199681
3126, -0.5388061888076480, -7.3408453918464662, 9.9996854190058713, 0.4497070782932127
3127, 7.4750324292885209, -1.6098668389958146, 5.7808239052556001, 0.4788791997838602
3128, 4.5041304108999416, -1.1033812120829665, 5.8990822494498163, 0.4364973133011724
3129, 1.5118312782223697, 5.2424174969913944, 5.9906085961961928, 0.4567385766434177
3130, 9.8710109145026266, -1.5805784512249446, 9.9996808521497496, 0.4324250656426605
3131, -0.7431289727973754, 9.9989924273120021, -5.4630763449808288, 0.4508164406881394
3132, 2.9353050068549482, -9.9997543375626350, 6.6204845665764722, 0.4548992402484110
3133, -8.1988643488762882, 9.9740076764367469, 7.5107511604886099, 0.4729945453996359
3134, 11.7994647360301883, 9.1716453998352936, -4.8485484164473860, 0.4666053074057888
3135, -8.1995525696201454, -9.2411932570248503, 1.2405407006964850, 0.4508068632529706
3136, 8.6194246660776805, -1.5593611520623563, -11.1781616986975596, 0.4220066418713021
3137, -1.5574608330190272, -5.8276271000664863, 4.9916862720420490, 0.4507941741420295
3138, 9.2171050487906836, 7.8674053663451682, 9.9994324220463024, 0.4638612651501130
3139, -2.6837434914199001, 0.7183295040203701, 18.9998532106369353, 0.4576235990562069
3140, -3.0556222812567100, -9.9994029874591952, 9.9761055949077182, 0.4595364637109625
3141, 0.6260539091095870, -0.8326488078920576, 5.9469288283401998, 0.4663742546732207
3142, 8.7884807350008831, -0.4694061936287793, 16.2515049784594474, 0.4379940642344792
3143, 5.9660787139016183, -9.9763646881969894, 9.9994359364947822, 0.4317780586875888
3144, 7.6958816223153086, 7.9500403049394368, -1.1159604963572693, 0.4551603151367154
3145, -8.1995545349040349, 1.8240068918522399, 7.2071092926648701, 0.4573250703351525
3146, 6.3284643218637111, 0.1339775864876084, -5.9961546452606829, 0.4292990120419012
3147, -0.1932930809517285, 7.4427374366860892, 9.9998055569190889, 0.4159738493802493
3148, 11.7995667479942874, 5.4483949646023504, -9.3431213681023646, 0.4652126040885861
3149, 1.3968503716741294, 2.6518332829952653, -5.9813145796961225, 0.4467079422811240
3150, 8.6715401226623960, 1.3178704753480610, -14.0591595555383009, 0.4579206937872703
3151, -3.9978300714650610, 4.0179020965841810, -4.4724596921707835, 0.4749209886329195
3152, 1.7584561793092612, 9.9997526098224192, 6.0446831593837231, 0.4332665757193269
3153, -8.1995131517089135, -0.1752584676364257, -8.6274658716978543, 0.4393560346359526
3154, 11.1601653987509746, 9.9993343054589339, -3.8799437737779368, 0.4694603176380525
3155, -2.2420651747905613, 4.0712548863330849, 4.4451697883821799, 0.4748854824928599
3156, 8.1080794972435584, 9.9996127160786408, -6.1505191483289190, 0.4474729431634757
3157, -8.1995128407917885, -9.9769387811192392, 4.2867793168659070, 0.4281172242148483
3158, -2.6247755013485805, -5.4216368290981043, 13.9510769538761430, 0.4371518459899169
3159, -5.2001280046605878, 0.4467140485199939, 15.3115073795646914, 0.4466619990151433
3160, -4.7479687594143716, -2.4969172912140207, 16.2078810696214077, 0.4471895961339479
3161, 7.1375409747440095, 4.5260012380278614, 13.5584575423150469, 0.4610873582639869
3162, -6.2561627486833027, -9.9994737007588501, -9.9712223896967913, 0.4708545928106712
3163, 0.7401328499541472, -7.3276875565417461, 5.9319556714322239, 0.4782892256180306
3164, -6.0792443286753466, 3.1303207039402055, -9.9996500079999073, 0.4605745804266957
3165, -8.1994817753700460, -6.4707537629024703, -6.8523433122019917, 0.4264089414121022
3166, 2.3555830908067130, -9.3040292958994009, 9.9995411180074658, 0.4603208760661827
3167, 2.4080572625768988, 1.6209500798343146, -19.0000000000000000, 0.4160417000388696
3168, 6.6229015417903545, 8.7658453929349456, 3.5708292816181029, 0.4351974263503832
3169, 11.7997832111651366, 5.3811371967535671, 2.7422399124173649, 0.4967928177243688
3170, -5.4705483453974217, -8.6020479884617043, 9.9994795413615112, 0.4574693433797493
3171, 6.2805715095502510, -6.2522815475682840, -9.9997004257020539, 0.4333280546416528
3172, 6.2028909109373940, -0.9730969992006449, -18.9999890138661662, 0.4450003928596602
3173, -8.1995247157353575, -9.3147092384413899, 4.6583269671068965, 0.4283386690486611
3174, -2.6023058285542398, -5.2077803930706779, -4.0821542330869880, 0.4361405685268818
3175, 11.7758271870859392, 4.9047587143256575, -3.4461063107194354, 0.4391025266249111
3176, 11.1205393676242554, -3.8156262602461357, 9.9994282013177553, 0.4635867246703856
3177, -8.1994913775341374, -9.3187991446495388, -3.8054710319022811, 0.4342057451356931
3178, 6.8580854484323694, 9.9995961273777230, 6.9999869950735976, 0.4655413831417777
3179, 1.2327150168921130, -6.9770386693479836, -16.7573759190101264, 0.4400297715933447
3180, -4.7965831172311413, -9.9996321601780132, 4.3488681350315792, 0.4306604224597846
3181, -4.3598155014721662, -3.3207108544975217, 10.0222840856268469, 0.4277959865767519
3182, 6.4418792073505209, -9.9996483226472108, 6.7902708898336748, 0.4298149880608008
3183, 4.9095705832312868, -2.2650137888218160, 5.5752681996962572, 0.4370045779775267
3184, 9.0523629923726947, -9.9994814831053986, 7.3687278045966202, 0.4369998818661968
3185, -5.1980832503775343, -0.0208206886387043, 14.6796580714651679, 0.4465080818042874
3186, 3.7900038191352636, -0.7745866161206155, 19.0000989999999987, 0.4402825943887917
3187, -3.2056753483992972, 4.8945485282079328, -17.6371037313615098, 0.4461420127273850
3188, 8.2163480781536720, 2.7982210812727906, 17.1530255771856481, 0.4376299885923564
3189, 1.9251124893235481, -2.1307712050266714, -6.0185048770334895, 0.4183478605516204
3190, -6.3349025983277665, -2.0467022847986889, 9.9996548893865267, 0.4329190162592597
3191, -0.5757719921567237, 6.5936961556577049, 13.8438619147288957, 0.4356963481990455
3192, 6.5911017750643071, -2.3785212289298912, -5.5110731100536725, 0.4385836213096796
3193, -2.7540798749987250, 2.2508240869650331, 18.9998446967576236, 0.4371838751598326
3194, -0.4582202110239721, 6.6393932598521817, 17.6937576375358425, 0.4358000796513947
3195, 7.4335422538449176, 0.8868257315623369, -18.9999009999999977, 0.4333412387334339
3196, 7.6952132355070146, 9.3282020654220155, 1.0944400608886624, 0.4558604237563616
3197, 3.8043821802318494, -8.0919030058778851, -9.9996136537475220, 0.4173391665211275
3198, 11.7996018478073967, 2.3940367309840558, -6.3042435457909454, 0.4475824624749959
3199, -8.1994557203449361, -7.3143671436312045, 8.0096610435182285, 0.4430269207364891
3200, 7.5947262757411611, -7.8789944247516113, 1.5773710602977706, 0.4683079925748769
3201, -4.9453232717766751, 1.8769781452833683, 18.2470168720821739, 0.4468170792936216
3202, 4.5745165847397669, 7.9408495226911162, -5.3458296232387488, 0.4730270921657135
3203, 11.7995536496495657, -2.7951365674214608, -5.9811954182418141, 0.4358934714076716
3204, 11.1602775892347452, 2.4085251942582140, -9.9994766817228395, 0.4872727504921679
3205, 6.3216647893554176, -9.3229021717835767, 9.9994446012807856, 0.4648288263755624
3206, -6.0785868065422104, 5.7717429371147873, 1.7209317416316334, 0.4345911297553414
3207, -2.1273733215480717, 8.1269067484228508, 4.5394074782483820, 0.4210465821169914
3208, 11.7993826920897451, -9.2804721851017860, -9.1818189856245223, 0.4656472604866764
3209, 6.3105119000810062, -9.9994967417167100, 9.3597086446851012, 0.4317851213318832
3210, 11.7659267862905761, -9.9983027915832299, 9.9513327620266772, 0.4352646488584124
3211, 9.8579050996258513, -9.9995244792104412, 1.1168120434664019, 0.4441997413704851
3212, 0.3333384380706739, -0.3997305329324751, 19.0000527281024567, 0.4776580026776041
3213, 2.1173178077517094, 6.5636656112383838, -6.0258404306048146, 0.4388727100590235
3214, -5.0488991538216643, -1.4864997830382265, -15.9596508471460314, 0.4309878188837796
3215, -1.6943271627929561, 9.3936379097445606, 9.9993936605552864, 0.4346826199414198
3216, 8.0590604307311402, -2.6532298077220426, 5.3819563406379833, 0.4610505053214961
3217, -1.6099006728354215, 3.3441930206302923, 5.0061982073208524, 0.4788870735133415
3218, 11.7994552180893741, 4.0508524372405379, -6.8694495223532677, 0.4625428407853447
3219, 11.7995973976694621, 4.1893756505378379, -5.1015788937848798, 0.4589547533831298
3220, -3.8501600347279905, 5.1292323853670583, -9.9998145866405608, 0.4471523224751722
3221, 2.6835251906988913, -9.9995011621598415, -6.6218232678839648, 0.4499028759212833
3222, 5.4041373443464806, -8.1599590477661401, 9.9994153721450498, 0.4294375173310250
3223, 1.5905207423075234, 0.0200426272306638, -5.9942221761404380, 0.4649211927637210
3224, 8.7459318574568634, -0.9611083732329456, -13.7841787350993652, 0.4462520224542167
3225, -3.7363762333675781, -4.3071538382301036, -14.0299381272936294, 0.4793234844799465
3226, -4.6443068104193106, 2.7488448728878900, -15.6565920050453293, 0.4510389991389196
3227, -8.1995642021603157, -1.5762239313841333, 7.7826577731439244, 0.4519848347530916
3228, -1.5601521528678977, -0.6745811394193963, -5.9959181774173951, 0.4336508489663914
3229, -4.9969043585651782, -9.9996404265052714, -2.7757355744312875, 0.4484181316089013
3230, -2.6051117301622702, -5.4404155585779677, 18.0999771146319972, 0.4874718143732752
3231, 2.7763611850139518, -9.9995186985297266, -8.6433798633618757, 0.4341999318410161
3232, 7.2773334651439665, -1.6579467843229438, -18.9999010000000013, 0.4316944468296999
3233, 3.5178963953302773, 7.2377713070575034, -5.7705469501060218, 0.4858627558335674
3234, 1.2069276354927267, -2.3696614829983016, -5.9686394919123131, 0.4156624239446280
3235, 8.6764631681847355, -7.8876655776420481, 9.9994231252749497, 0.4484047811262795
3236, -2.0158808327356774, 2.8421425819748225, -5.2767400357185901, 0.4472495618233041
3237, 11.7797162935967332, -1.3348354173701726, -5.8440436075411624, 0.4330108823465795
3238, 9.1391051789044777, -9.9996675561852406, -2.6114907048605787, 0.4440935684754561
3239, -8.1995991548252647, -3.5192215941577301, -5.6180946115729684, 0.4306843650934018
3240, 6.9469023516638746, 9.3769003773796307, 9.9993363918746638, 0.4550311777141821
3241, 1.0983425349501188, -9.9999136918516793, 6.0072172623418441, 0.4593310183852746
3242, -6.2783794142569684, 9.9995232237402298, 6.8471231879366767, 0.4437043247860089
3243, 11.7993369942780273, -9.3059159425946039, -8.3662960012039989, 0.4621517545992062
3244, -0.4791021110921906, -6.8012153516426022, 5.5782966292859477, 0.4461636359382043
3245, -8.1994941895201308, 9.3391123490863972, 4.7454430694602037, 0.4385109234930488
3246, 8.5517063983036099, -9.9995608685077588, 2.3858320526778733, 0.4232401005662551
3247, -4.9794163155094084, 1.7760147611551411, -17.5609164018696369, 0.4476838543165339
3248, -2.2486070342007838, -1.9826371408755337, -18.9999571969151617, 0.4277160921010049
3249, 8.7952784049405999, -0.6086006532766957, -13.2517140186813478, 0.4407710003347205
3250, -5.6328729230155776, 9.9995254028552498, -4.2557994863355448, 0.4464891212407237
3251, 10.4899564119753173, -9.9994957951737060, 7.2069009528771391, 0.4475087862085033
3252, -7.4254251562866127, -6.0066081312102435, 0.0459152113427467, 0.4732359837492337
3253, 8.1166391384845991, -3.0483691246193128, 14.3059582550799806, 0.4540502516294094
3254, 11.0081758758943806, -6.4888775107889050, 9.9993665802525999, 0.4784343557465220
3255, -6.9236807545310803, 9.9995044833979865, -4.2241999911554657, 0.4286694659639489
3256, -7.6388178702164353, 8.8620396483257053, -9.9995262308805923, 0.4328733314841393
3257, 2.0557488830509905, -8.7790541468980656, -6.0200967085552213, 0.4448108805280372
3258, 11.7994741071883436, -6.0054223286215036, 0.5881710837830366, 0.4430770691451322
3259, 11.7995999999999999, 6.3171833581724748, -2.0922327923674224, 0.4624903533501321
3260, 8.7936142564249202, 0.7169815666946381, 15.7702582290373261, 0.4327841385008690
3261, 4.5715007893411981, -6.3063951367066053, -5.3497415313746997, 0.4745657729645012
3262, 3.7315657153741797, 6.7511031468709684, 9.9998009106652361, 0.4394154817559904
3263, -4.4880462182897709, -3.0711591403176639, -13.0237309410792861, 0.4379159700723750
3264, -5.2003989556887280, -0.0741435257126611, 11.9877618817775335, 0.4315667093294508
3265, -3.7582051052531682, -6.8591225384732928, -9.9995651683628211, 0.4350290393864291
3266, 7.1528622962117536, 6.0175612512031158, 2.7223612226613239, 0.4433400601512002
3267, 0.6221410941146592, 9.9997496445964629, -6.6065447002163413, 0.4327169844692712
3268, -6.8678538664179403, -3.5375389988691244, -4.8481550842720749, 0.4291677487776953
3269, 9.2491392328985889, 5.3416532268219887, 2.7397771013815713, 0.4345189924728721
3270, 0.5990937937093719, 3.7771465655155092, 5.9110315439606094, 0.4439814001845322
3271, -5.3919961069674320, 2.0229790144721909, 5.6734652797512304, 0.4363488449724898
3272, -2.1700187533702668, -8.1240771418396474, -9.9994668746128124, 0.4357518867885167
3273, 11.7995492893797245, 6.9564395626448547, -1.9293187165331172, 0.4497423466857124
3274, 5.8470185603327325, 5.7087488581792138, -11.3208340817191520, 0.4660146046085282
3275, 2.1351382887529580, 7.9479052472379479, -6.0248634983808893, 0.4468276121925517
3276, 11.7769745372749526, 4.1468870056231486, -9.9993825553169682, 0.4593170327785680
3277, -6.8372984892883286, 9.9995172261527188, 1.0752056456981511, 0.4699468435332608
3278, -6.8110225229359695, 2.4598942970018456, 9.9997196893642002, 0.4505207724161172
3279, -0.7846375714122108, 8.1818263791933301, 5.4175252529558424, 0.4382926099331589
3280, 4.4957427832315116, 1.7605361137153088, 5.7407692214168522, 0.4507051634564357
3281, 8.5639098797772579, -1.8457599567984517, 14.7063401605927453, 0.4559047242477455
3282, 11.7995719469070490, -9.2813591176436994, -6.0315257254114805, 0.4482898624653888
3283, 6.5438051649127145, 5.1435569135849351, 10.0240232962985267, 0.4368571592647996
3284, 9.9486987738011159, -9.9995341316238093, 6.7391114605069262, 0.4344912197187225
3285, -1.6750426818950528, -9.9995861853125252, 7.2991350246562359, 0.4304552843738711
3286, 5.6407988547835393, 9.9997029247405091, -6.1944361615336909, 0.4318560361794792
3287, 8.8065824941785991, -9.9994349655199137, 7.9995255413644459, 0.4336098996933755
3288, 6.0889099848885939, 9.9785729207120699, 4.2154389305159103, 0.4381193339346064
3289, 7.7899007905356159, -3.6216971493471926, -18.9737955413145194, 0.4486901238816638
3290, 8.5113710413101682, 5.2964544044132467, 2.8323107724368595, 0.4903324166731023
3291, 11.7994412144984810, -9.2782777997177810, 7.5020956055505170, 0.4353642347649680
3292, 5.3541041048708244, -9.9997809474264336, -4.8742920698934826, 0.4761156156075512
3293, 9.0543073444695636, 6.7943694658304619, -9.9994730642690328, 0.4665514944936048
3294, 5.6859447259796934, 2.2404735691296498, -18.9998835854765105, 0.4204659098241100
3295, -6.8314164206603269, -3.5688941850686646, -9.9996522386163722, 0.4593078869583123
3296, 6.9424285093428262, 9.9692102623324583, -3.1320831616521709, 0.4701960160373000
3297, -4.7387116883516311, 2.5125631673360709, -11.9459688233730574, 0.4326508754199666
3298, -5.7480101581720957, 3.1735190637002124, 5.1033835507816576, 0.4373356145518632
3299, -1.8458626605467872, 5.9733463377037603, -12.8703936012476809, 0.4384101447107485
3300, -5.0203151583160510, 1.6381190825045131, 13.2622436845151253, 0.4726243152881169
3301, -0.9170768740112323, -3.5809371670924603, -5.3576665253768496, 0.4399026726373653
3302, 9.2773072559585614, -9.9994074432870370, 8.6398960914050651, 0.4336098996933719
3303, -8.1995280576151846, -6.1002550947334093, -4.9810744367217419, 0.4460250482487252
3304, -0.7276698259293262, 2.5208768325514774, -5.4682981708114342, 0.4551165647168645
3305, -8.1996858243080553, -6.7270021697391140, -0.8249572413159363, 0.4638764000458608
3306, 2.3504806823900877, 1.3159663030308473, 19.0000000000000000, 0.4302974332597828
3307, 11.1517374626485406, 1.2905844435115750, 9.9995190401895808, 0.4206725701929376
3308, 11.2431624596814999, -9.9993239645066474, 3.4560377785010590, 0.4431159911477809
3309, -1.0645295295401460, 9.9995717208916091, -8.0378096727778825, 0.4446197557857440
3310, -5.1941811175022599, -0.5814299827788940, 18.3934259835376821, 0.4477916264028177
3311, 2.1851653069647936, -7.0089369471066689, 13.8098662094792033, 0.4533344179492608
3312, 11.1577094770494654, -5.2064935956895440, 9.9993465314216508, 0.4348801644014881
3313, -1.5926520601827783, -2.6973802922054575, 5.3574349310977869, 0.4571570714609198
3314, -8.1990985997652164, 8.5899006993976865, -9.9780284645410848, 0.4199673133210643
3315, -4.0534555936265981, -9.9989712388449448, 1.3855333205246927, 0.4495348898084089
3316, -8.1750139608080481, -2.8967296752531229, -5.2579655867591297, 0.4231939392657913
3317, -1.1873835523245788, 8.7504931653780957, 5.2000582909019775, 0.4741265120124094
3318, 9.1082913333494524, 9.9995369418154780, -6.6430170714365468, 0.4602060128159683
3319, 0.9327985773570838, 0.1833275410591997, -19.0000363923924454, 0.4370706970650359
3320, -4.2996349135063747, -3.4536642628196614, -10.5900531241016171, 0.4325476353721778
3321, -1.3958174292371714, -9.9997111951962356, 5.1262734530102874, 0.5038331537540783
3322, 2.0278156698534877, -9.9713558965812048, 9.9994871434163155, 0.4483226653824656
3323, -8.1996046363060557, -2.3422021736079142, 7.3932641218763040, 0.4756786092600622
3324, -0.5347250283894801, 5.4746944308945276, 5.5464307739424967, 0.4367582418751675
3325, 6.9523527973413950, 4.7471118550253610, 13.0107169154985538, 0.4610873582639869
3326, 9.7251317193806042, -5.7978872029832562, 1.5127290252156422, 0.4831342838818752
3327, -5.7914071261570559, -9.9994681809728228, -9.3864284932474309, 0.4520844864956868
3328, -0.0676719924268544, 3.5793974594047340, 5.6959315871041438, 0.4297636638804120
3329, 2.2106089251707717, 6.9950043001659230, 11.3246576183623961, 0.4352774568432357
3330, 3.5894540347224146, 0.9866552420612682, -5.9334807519007446, 0.4138679621113826
3331, -3.2981317447317422, 7.2695008637987071, 9.9994565870506609, 0.4287064146211468
3332, 3.1070727212192701, 9.9989692424265328, 5.9007827130650901, 0.4501471225172082
3333, 6.1577514556907502, -5.4942333240586230, -14.0258707541301977, 0.4587745233889956
3334, 3.6883450545034533, 5.3742304444573659, 18.9998804147946956, 0.4368601204357946
3335, 8.6256352198456181, 1.5479628950857338, -14.6491019715059831, 0.4507830543119359
3336, -4.5613166990938945, -2.9373020653501762, 10.6689827755591189, 0.4309323338785100
3337, -1.0358906673441470, -5.6140472000945687, 18.9999056219357918, 0.4514544645047504
3338, 10.4842896987990510, 1.8805800102428338, -5.7242552341071349, 0.4275820268993654
3339, 4.8578792536263640, -2.9900914503176055, 5.2086294723932491, 0.4370045779775254
3340, 7.1577460752505058, 9.9993010666459217, 2.7441324587345686, 0.4625750757113281
3341, 11.7803591546027722, 0.5931374951788677, -9.9994900739969310, 0.4829916074987980
3342, -4.6137489664586724, 2.8141869222499634, -13.0817248239734454, 0.4382524059656637
3343, 5.7440230570293025, 6.6282465392597132, -9.9996391042170032, 0.4327941733778201
3344, -8.1995163615059337, 1.2132534550762599, -8.4440654043538448, 0.4749874343824871
3345, -2.7053921466537076, -5.3558236139689850, 18.9584773706116465, 0.4874718143732691
3346, -1.1020752410492531, -9.9995566240001477, 7.7577254536207443, 0.4424057902349781
3347, 11.7995852122633931, -1.7537460097398272, 8.6452665372285313, 0.4686275256585474
3348, -4.9470137615974856, -1.8808566072390129, 18.3236112016428230, 0.4305135851761552
3349, -8.1995168509036969, 6.4654180800439072, -7.2822648808751902, 0.4890044559852472
3350, 11.0927496908047551, -9.9993783126624045, -4.7650969439163218, 0.4427613006538496
3351, -6.8576810679221127, 9.9995149655017581, 1.8251095993629700, 0.4591445011880662
3352, -4.3388082335406004, 3.3611022211216297, 18.9992446668959012, 0.4344882504053728
3353, 5.2481964874116009, 0.4342513331873600, 5.9972672857510965, 0.4396334824783152
3354, -8.1995741700715890, -9.9695059286831498, 8.7398842760364808, 0.4713890486713050
3355, 3.8660165792922272, 3.7165085496315848, 5.6328530168305369, 0.4405102619201700
3356, 8.3408779227983754, 2.4936339372063654, 12.5750109837584549, 0.4420173014248849
3357, 5.6415327023906858, 8.7352951036207411, 4.6115067620636783, 0.4331238496676895
3358, 5.1961077543036991, -6.1257573862717347, 18.3545598267494903, 0.4290815773566735
3359, 7.4139215480022154, -9.9997052639517499, 4.7958199884067172, 0.4423932677152601
3360, 5.4669614794348416, -5.9722500644942160, 17.6768664660658992, 0.4403724955396078
3361, -0.6876215062752885, -7.5616944086569706, -5.4749264960881980, 0.4590339390985189
3362, 7.0142619059834175, -9.9994867259917992, 9.3354562195815962, 0.4201770515108723
3363, -6.3258993034360929, -1.3360037177058377, 9.9996350375236425, 0.4329190162592571
3364, -2.6747745807763113, 5.4041416123774226, -10.0004196151678784, 0.4324317872382995
3365, 8.6876314040165479, -1.2421885787880593, 14.1498626223779986, 0.4709642047621537
3366, -6.7012675107666686, 2.3486770715381429, -5.5199214308642937, 0.4723541944885715
3367, -7.5481830220811394, -9.9995171225579949, -0.8364302473827550, 0.4379733154843787
3368, -5.1409107232553026, -9.3043497669402857, 9.9994814917029906, 0.4722302908125595
3369, 9.7913696542168989, -9.9995198948996773, -5.6868741483692267, 0.4355094778033594
3370, 11.0204841410108791, 3.7446821083518378, 4.6905091699039936, 0.4705803196528858
3371, -1.6441999946075414, -6.7970320286273820, -9.9997611762817193, 0.4874053822706526
3372, 10.0352981021919341, 5.9359389115019727, 0.9789083470666996, 0.4256437009546992
3373, -1.4710553350857785, -6.1948482874699033, 17.3920580401386609, 0.4473587341686461
3374, 7.5389657668527041, 7.7068405533728530, -1.7476789242318427, 0.4514706064839069
3375, -1.8746681634911624, -5.9540249939006289, -16.0897909966402821, 0.4507234836417802
3376, 9.8584559548271091, -0.7395804843347210, 5.9762579384227976, 0.4327067502914087
3377, 5.3018624595727797, 1.6580149319996276, -5.7676128539545068, 0.4247010232838823
3378, 6.9417571676108070, 8.6196565064374173, -9.9994279509252735, 0.4586755743597966
3379, 5.6980711501675945, -5.3083663439177089, -4.5887251793901429, 0.4797391760476910
3380, -4.9928776497424341, -5.2137210352553431, 2.9998982065786870, 0.4689492092458267
3381, 11.1140370315243349, -5.9504545017283856, 0.8591482047971424, 0.4374677814316860
3382, 5.8855381526253732, 3.2471655492958527, -5.0714975050826592, 0.4262587039343379
3383, 4.9107537879311414, 6.2362560173910655, 18.9997141116679700, 0.4464939139192703
3384, 5.2497333999922668, 9.9995805843356020, 7.3279734337235976, 0.4539051519028286
3385, -3.8364241290368732, 6.5162812931310850, 2.0659799599909072, 0.4760039781962553
3386, -2.7654294152497494, 1.6340741541888866, -5.7731968021292106, 0.4383167807083871
3387, 3.5365901320972726, -3.8432594747475011, -19.0000683598111841, 0.4427741352055645
3388, 8.3366095724138614, 2.4950841134350417, -13.6492889488749345, 0.4402069301228135
3389, 3.9431155242962501, -6.6625296711514341, -11.9796393212811001, 0.4333103687617287
3390, 11.7993621211675954, 9.2512544171304558, -9.4100850726429428, 0.4539811983600545
3391, -3.3394822347683784, -4.7495336080579227, -14.3386318350496893, 0.4793234844799471
3392, 3.0178093079330890, -6.8974704830190277, -15.2630930133000184, 0.4561062288530294
3393, 5.9053994234249938, -3.2987863182252242, 5.0371443492764953, 0.4350122225023512
3394, 3.7251252167602309, -6.7210752689245474, -18.9994144666328211, 0.4266191710558028
3395, -2.3933462078541492, 5.6116229337296000, 17.6779248556211499, 0.4511264125127804
3396, -3.2681952774366216, 4.8277284219849372, 15.7256783830829416, 0.4353311031520714
3397, -2.4779011277784986, -5.5427883327723046, -14.9129372245052192, 0.4395723021262400
3398, 5.7318466612512573, -5.7894831707629839, -16.7772505237152529, 0.4432376489118502
3399, 3.3554523478018234, -6.8477578722447294, -17.1295357897518201, 0.4281131485335803
3400, 3.9797907731109610, 6.6539423141042962, 12.0669908250335975, 0.4484898043589343
3401, -7.5066600338928771, -1.2186968546368573, 5.8820435335318120, 0.4407605908586198
3402, 5.7474318463360694, -5.1497840345537025, 4.5239748073257413, 0.4917608733680660
3403, -5.5724732038115672, -4.1174648792356106, -4.3663790757632475, 0.4351705723862942
3404, 9.5215622327535172, 9.9995827680247427, 4.4285032378040290, 0.4368186322749724
3405, -2.6178312748856087, 9.9995836207914337, 7.4611661076271947, 0.4330454656771976
3406, 11.7995000000000019, -3.0734580885365275, 7.4087288292502613, 0.4322837058805982
3407, 0.4834429430166770, 2.2451649232904902, -19.0000844169429932, 0.4276422061246681
3408, -4.7560621331830299, 9.9994364678210612, 8.5270504281901331, 0.4782092423060191
3409, 6.9824805883671646, -1.2422365793420640, -5.8675462052958318, 0.4514552156787996
3410, 11.7993864466265688, 6.7539742453231115, -3.9883664672240529, 0.4337218118285827
3411, -4.7787770317271221, 2.3990086628165899, 11.2617932397599336, 0.4287482886306667
3412, 7.6373933757614854, -9.9742185496155855, 1.4005704859409318, 0.4611039609947747
3413, 0.5958985059183829, -6.9059759307909179, -12.2788741831094299, 0.4420341536882319
3414, 5.0219584284521321, -0.2448577306984095, -5.9941896566047737, 0.4401671810733871
3415, -7.5756370449012396, 7.7620651189454506, 9.9995794349044154, 0.4289256005881225
3416, -4.7565544177669725, -2.4682850912112255, 11.2169873731136196, 0.4309323338785083
3417, -0.3528526250636859, 3.1375252132918203, 19.0000237977911866, 0.4371156414946135
3418, 11.2680185245390980, -9.9993464640730565, 8.8009532015288539, 0.4774581003624362
3419, 4.3501433563035370, -6.5230656129123181, -10.0237932254770481, 0.4722325622956481
3420, -8.1995385098549232, -4.0346824221981583, 8.6071306436802715, 0.4494706355132802
3421, 6.4679053978071543, -1.6626169864817808, -5.7647511143915011, 0.4281655063262240
3422, -1.8931099990703790, 3.7216574965724267, 4.7227917858599815, 0.4665561478872851
3423, -8.1992892645371533, 8.1666515068786580, -9.3117472576303033, 0.4437380681867337
3424, 7.6553101374696100, 5.8839605089758438, -1.3050532769083636, 0.4359483464491664
3425, 11.7761482866366958, 5.2577948718069543, -2.9446814282062950, 0.4477375540122843
3426, -0.4637204846666624, 6.6382282138707449, -10.0226078531704061, 0.4343756833944735
3427, 11.7995509528503764, 8.6941709722522500, -1.2638992757034613, 0.4512782008617262
3428, -3.3187001681937618, 5.7940171867666326, 3.1336634767616847, 0.4148605415721874
3429, -3.8492801078334349, 9.9995015125169395, -3.4523821758572732, 0.4585524951049060
3430, -8.1996444253585636, -4.0518125814059083, -4.4633593298726870, 0.4410862740735458
3431, 11.0623184788630091, -9.2514634683489145, 9.9995227596038330, 0.4507872130428084
3432, 11.0754277432605761, -9.9992936500746961, -6.5897382616666276, 0.4429141167041276
3433, 7.6914945766388989, 9.9791855710378154, 1.1349335071645108, 0.4413961568488657
3434, 5.0203956828578331, 2.1388873438556923, -18.9998924183636113, 0.4175458496375383
3435, -5.6267599929853391, -9.9738274675568164, 9.9995105139530676, 0.4423879552335425
3436, -8.1995204048716115, 0.5127695000190076, 9.9741556673062828, 0.4427834345543867
3437, 1.1752250383120899, 5.3190110004255722, 18.9999699262639687, 0.4671813669411359
3438, 11.7994505065562230, -7.1203609477223067, 0.9384621237787475, 0.4244778868281196
3439, -3.8999290600587804, 2.6379195371082123, 18.9998393609082612, 0.4533574748823322
3440, 5.2284075392369438, -3.4389860398779706, 4.9497840632270051, 0.4350122225023529
3441, -4.2075047794792368, 3.0008244574619369, -5.2149448733065524, 0.4693525581468682
3442, 7.5884973753761118, -5.0099128276260254, 3.2962145923431914, 0.4507870376847835
3443, -3.6005362529037801, 5.4116660315123664, -2.6450560213518379, 0.4390417864272056
3444, 7.8337570908177252, -9.9997108561347101, -4.6450490978338612, 0.4349030595282075
3445, 4.0098576482053767, -9.3444114396549320, -9.9994474835356630, 0.4582451608383920
3446, 11.7996979514309359, -4.8880883145829284, 9.9750001743207246, 0.4622069623859126
3447, -2.9279601008709553, 5.1712851349725675, 14.5051730242259360, 0.4399467786117218
3448, 6.6566842649886846, 1.4569290819111731, 5.8168128426203998, 0.4426433930096925
3449, -1.3024501734596261, 2.5134307906262907, -18.9999567027652922, 0.4435427997583601
3450, 2.5843650177010637, -6.9777397573187709, 9.9998404565754413, 0.4591111628389664
3451, 0.3783086324529559, 3.3217177246808487, 19.0000764943610072, 0.4460885365395967
3452, 4.4992919589307512, -6.9342469290297748, -5.3848462572387579, 0.4732965470097051
3453, -3.2013506676948480, 1.6559089714125204, 5.7694519589255222, 0.4346285455985212
3454, -0.4504442059592703, -6.6404738621766572, -18.2919186533036893, 0.4567652044645400
3455, -3.4527377738599641, -4.4295928334203909, -4.0467103981778729, 0.4413539266812231
3456, 5.4610276845267753, -6.6198070166082390, 4.7693741588560554, 0.4621221155270464
3457, 11.7995481420769153, -8.1704124432231442, -2.2421220938817155, 0.4468690169550241
3458, -4.9264703510145935, 8.8344675437899394, -9.9993914520420990, 0.4379352217705662
3459, 1.5265856092051397, -3.5121794703337175, -5.9907078622493160, 0.4266960038655628
3460, 3.4248811238700902, 6.8274479891764397, -14.9701784820679826, 0.4226292788375871
3461, 1.4228419904485792, -7.2083696097972449, 5.9847205716891665, 0.4676344064888456
3462, -3.6824639781628519, 1.4932038399604468, 18.9998000000000005, 0.4508955598325152
3463, -3.0143396927856747, -7.0924900114532132, -9.9995983576062262, 0.4441146904912325
3464, 6.4306288324969190, -3.6782563751749806, -4.7424984650672322, 0.4787635979920710
3465, 8.0770288506423960, 3.1389593673137064, -15.5919739145864824, 0.4421040129796069
3466, 5.9120100252470591, 3.8074325934533308, 18.9997395030002245, 0.4534087429939243
3467, -2.6764120845958526, -0.0025444543027327, 18.9998524560307800, 0.4279622209785336
3468, 0.6894269351187217, 6.0605245281427740, 5.9289815851328758, 0.4454109450296277
3469, 11.7995239565993977, 1.8937927887997992, 7.9055531267298589, 0.4472639638661226
3470, -8.1994360585856292, 5.6520330997248314, -9.9736772186987785, 0.4795562590096083
3471, 7.7535196334128704, 7.2941483730029741, 0.7673124152887357, 0.4571300200104711
3472, -5.1940683643194925, -0.5772460748567884, -16.7681641336783720, 0.4629911108626655
3473, -1.7081433873615943, -8.1425771229633632, 9.9995180968952422, 0.4616600872788745
3474, -8.1995342110334164, 6.5822746583505136, -6.5771908015068572, 0.4455989496442948
3475, -4.8751147762962335, -5.8511347950502559, -1.3321865578857257, 0.4625623882033654
3476, 0.9995893469083473, 8.7735163782415082, 9.9995968208404005, 0.4328289477399884
3477, 4.3384764832445617, 2.5168746396087638, -5.4535796607935652, 0.4567705499676679
3478, -0.7669806059017861, -5.8008206395459361, -18.9998442283456512, 0.4629467927031004
3479, -8.1995448687248000, -8.0764184176816780, 5.4354132259114190, 0.4321920051217347
3480, 7.1771799232834361, 9.9995091909647886, 8.3607986233507958, 0.4506765202492669
3481, -1.7603795696442579, 9.9995825752942942, -7.8227855670235575, 0.4446197557857447
3482, -6.2575367021435602, -8.7249872696349353, 9.9994571544673896, 0.4435683177468937
3483, 10.4655903399151953, -1.9687044624726604, 9.9995617520956124, 0.4409303041068431
3484, 8.8703531265416427, 9.9995018544721308, -7.3374220707971807, 0.4418221630946874
3485, -5.0470343355179006, 9.9995491392353362, -3.1142660918732443, 0.4451275755921028
3486, -1.7718243887113794, 1.1011673656243157, -18.9999217621366405, 0.4218268340715712
3487, 7.5705400439231978, 3.9910533830280039, -12.8177607187711509, 0.4605841448679959
3488, -6.3497096096763048, -0.5714371362899354, 9.9995850912381563, 0.4647191896927576
3489, -1.2069269863391199, -6.3262868495937585, 11.9433254565998617, 0.4871880555907791
3490, -4.0227286108460341, -3.9217113236653800, 10.0004001258757107, 0.4418037656521908
3491, -8.1989241315341506, -7.7302824455080925, -9.9674057891916767, 0.4669328148997884
3492, 0.6262631704811864, 2.0424801901861867, 19.0000944473301452, 0.4418909575253712
3493, 11.7995045845604487, -2.2226939329472408, -7.6767987926291870, 0.4320924932896465
3494, 5.3317188717408897, 6.0572604020310976, 17.8252484601526504, 0.4410265192915034
3495, -6.3121531426642150, 9.9995758376058195, -2.3681811796580607, 0.4475413134111330
3496, 6.8114434139379760, -4.9028358014715252, -10.6525880756915825, 0.4165259063877258
3497, -8.1996050345184841, -3.6022619914149736, 5.5556725374540941, 0.4814261814045505
3498, -0.1801438515687741, -8.7050791550833200, 9.9995408937703338, 0.4505416321149084
3499, 9.8513508244841432, 4.6310878984102875, -3.8482046018482161, 0.4297801536277754
3500, 8.8859020801317943, 9.9996179483249712, 1.4912470260489263, 0.4464206034327349
3501, 1.4512602686796612, -6.9874443530529957, -11.1762363754960408, 0.4275007801618622
3502, -7.5144677300642195, -9.9994959045985734, 4.6549263806387700, 0.4383533176669835
3503, -8.1746083824509395, 5.8045087418320236, -1.5844146833769086, 0.4320315066039120
3504, -6.9636373432621150, -7.3162541446337590, 9.9993637465990037, 0.4617351223077842
3505, 0.9679793097734146, -6.9650971273595115, 16.9540751841433597, 0.4344195646292167
3506, -0.0326551510643100, -6.7540679490437912, -13.5257626711753431, 0.4418901277432683
3507, 6.0791636754278322, 5.5498133082670700, -15.6793190090649173, 0.4232168740449504
3508, 8.1837061561534661, 2.8810340091034319, -14.2529606618266911, 0.4497937420539132
3509, -5.2325633713320139, -8.1268481202463168, -9.9994437499264421, 0.4270410707654209
3510, -6.2169883360139888, -0.8885065301957499, 5.9606621910616706, 0.4418924682048585
3511, 10.3029777495844588, -9.3273082551035476, -9.9995865086887026, 0.4448321949595843
3512, 1.9146088390064173, -7.0184987986616330, -16.9561609183227340, 0.4422765416757770
3513, 3.8478465559202149, 0.0063635825055920, 5.9939895335195574, 0.4355723883383429
3514, 3.3133671158947813, -3.5054159283881545, 5.8249716875332052, 0.4502005954117216
3515, 8.4656713158679846, -2.1917915149211624, -11.4164973939723442, 0.4495100352193501
3516, -0.6352681005279726, -4.8285636571614532, 5.5143310070317346, 0.4707085658272358
3517, 10.4994133167188792, -0.3986663780197843, 5.9986250171673836, 0.4359181382619907
3518, -8.1994042628708570, -9.3230020597031906, -6.7633230702629863, 0.4583983757982901
3519, 6.5277349833287897, 8.8516417610203444, 9.9993741712749600, 0.4346823166935648
3520, -7.5396493417735284, 9.9994070142474012, -3.8564461660095097, 0.4459609981084248
3521, 4.5943140942329288, 6.4230384649539332, 10.6651819005787249, 0.4301346328385156
3522, -5.2391440211279789, -9.9995895683596725, 5.7219763530368262, 0.4393944826325758
3523, 8.3034584119877177, -9.9995000725715109, 7.3886289126148537, 0.4412573306049853
3524, -7.4815467895874432, 5.8877846078078031, -1.2102792436924388, 0.4332936791689936
3525, 7.6689102273417058, 6.6208098849782262, 1.2716447817161813, 0.4753985108871709
3526, -5.2021474480096304, 0.1145202806290191, -18.3168687887136983, 0.4586237586029675
3527, -1.2338160382296195, -7.0224959398088558, 9.9997027387998347, 0.4514271771928127
3528, 0.2827916225934731, 9.9994840721925478, 8.5409190337074836, 0.4586947970401678
3529, 3.2931875264785821, -2.3796005272058411, 5.8288102284470495, 0.4365766643837022
3530, 11.7994000000000003, -7.3360226690554766, -8.4321092894796053, 0.4619321889885704
3531, 6.6045817010984695, -0.2758943527618662, -18.9999481542763675, 0.4723507009711130
3532, 6.2158833091356218, -9.9996444146705059, 4.9822627408331313, 0.4626115061617420
3533, 11.7788315009616245, -5.8660748500375828, -1.2439370114795933, 0.4588272138431507
3534, -7.5370606963624107, 3.5191930227022605, 4.8603519415918148, 0.4271707458347466
3535, 2.0411012786229832, -5.0121978238879219, 6.0265632422378825, 0.4275073948241873
3536, 11.0573690981200237, 3.1232526283124860, -9.9994526456440092, 0.4912452344593844
3537, 11.1094050409062728, 2.0494082956049420, 5.6554183514220373, 0.4295048096292866
3538, -3.5613724705819885, -8.0091362083073143, -2.7316824711172516, 0.4625588987760237
3539, 3.6238638972232509, 9.9995474924108869, -9.3739366672189544, 0.4278393770141930
3540, 11.7994160179253313, 6.6015946090083792, -8.7123044381212082, 0.4473120087934597
3541, 4.2774250203182138, 6.5695401128618354, 11.3650925159997715, 0.4418078644350025
3542, 11.1199962350676014, 6.4624558490613699, 9.9993376840137138, 0.4667902095624408
3543, -2.2925076098922221, -4.8684842939558974, 18.9997635330948498, 0.4551765119817174
3544, -4.3820817188702499, -3.2869247310287713, 12.8207674752901148, 0.4488932280907539
3545, 0.2054377668628037, -6.7260643070513328, 5.7831933099711659, 0.4388244535494265
3546, 3.8604764194979406, 9.2527007413978168, -5.6372006229683933, 0.4577334624229200
3547, 4.8736940973929679, 4.6130444441351210, 18.9997807138105443, 0.4595425258218562
3548, -3.1372517271379148, 4.9717479828802587, 16.4430120702413340, 0.4964723911807598
3549, 4.3048611376235524, 5.0797869664360533, 18.9998320832745016, 0.4368601204357935
3550, 0.8340301193916437, -3.7275386905053876, -5.9434176229591325, 0.4266960038655632
3551, -0.5949441411718502, 9.9996612645199523, -6.8963462469387151, 0.4332794240958568
3552, 9.5705692669929618, 3.1111531655787323, 9.9996213944723902, 0.4453822732769864
3553, -8.1996239410022298, 7.5387078597012076, -2.0634550947097696, 0.4770309269646804
3554, -3.5344223053422548, 1.5276341897956593, -5.8017301451716090, 0.4450797208863223
3555, -8.1996274588536497, 4.9171791189612826, -4.4954485395342738, 0.4308056303142489
3556, 7.3793170637682959, 9.9997238084536679, 4.9852790058026226, 0.4336309987464909
3557, 4.4962206250950025, -6.4757435535227472, 16.4898485114412843, 0.4618859660949986
3558, 5.9247157519942268, 9.9995325369795278, -9.3590528943786975, 0.4581006116414073
3559, 6.1909478176557933, -5.0659125920639889, 4.1006894154052933, 0.4917608733680656
3560, -5.1404627599328911, -9.9994838144571077, -9.3184533441313686, 0.4375948643772601
3561, -4.0360975634445415, 6.5377729563446323, -1.3993246268801811, 0.4530856019973605
3562, 5.3617252407463543, 9.9995078207691446, 8.6783001030055757, 0.4899926824241509
3563, -8.1994792449680833, 5.3456036872798416, 9.9736331210322238, 0.4722344163453925
3564, -2.9863598290901563, -5.1266278037123820, -16.3066701366006868, 0.4326648803106861
3565, -8.1995769796041671, -8.1355845516562226, 1.7606802346344166, 0.4487997236044681
3566, -8.1796438174867543, -9.9994424063198171, -1.0334839692261117, 0.4828702719065208
3567, -6.8291211712190965, -9.9995882312896818, 0.9359775285142257, 0.4385943662268132
3568, 8.4300676624839568, 9.9768186139915311, -9.9996625050850731, 0.4485770147906080
3569, 3.7514286376163484, 8.7141151537465511, 5.6792809094758763, 0.4207582453058212
3570, -2.4164946921720212, -9.9998248186127121, -5.1956444853529895, 0.4596205129393266
3571, -3.7586523794899604, 4.2780850311033580, -17.7802533137771022, 0.4461420127273841
3572, 11.7995140269751957, -3.7081884985170319, 6.2194725238730406, 0.4247982949301983
3573, 2.4552234018484751, 4.7709757774934589, 18.9999723152521476, 0.4591060844693828
3574, 11.7994886138866377, -0.7212239103641254, -7.4336457025585823, 0.4701092470209546
3575, -7.5332121770663178, -4.3532352480200389, 9.9995736854848012, 0.4470507194751954
3576, -2.0181761361515735, 5.8675626850502214, 14.4522153486177345, 0.4403565672585966
3577, -6.5566875365756827, -5.9950394724128167, -0.0843265622143295, 0.4732359837492351
3578, 0.1257301029750383, -9.9995351869819640, 8.5781100781729602, 0.4390789022991983
3579, -7.5300650118123427, -9.9994967105735029, -2.3281035182441254, 0.4454442537969897
3580, 3.3871758157132410, -9.2446745788847693, 5.7947984000133976, 0.4459530150073418
3581, -4.9195666974446688, -3.8948828424850652, -4.5830651398210369, 0.4618333244482808
3582, 5.5102059245970869, -5.9158596656727864, 18.9998389342334839, 0.4290815773566709
3583, -4.2966621766577680, -3.4698453017417727, -13.6058691060142518, 0.4645938711671400
3584, 11.7996196818300305, 5.2399426129204540, -4.1041840116677397, 0.4557026001175594
3585, -4.2774658801052832, 3.5044266511608959, 13.6073138166289382, 0.4442922668839900
3586, 2.8209631933205457, -5.6547355544837066, -5.9067444198573655, 0.4402339786440392
3587, 6.2145242144315818, -7.1607118578634505, 9.9995145547291227, 0.4573453462535552
3588, 11.7996393299608826, 5.2744031085587997, 9.9734860071748237, 0.4500547403087012
3589, 2.6841165392399824, -2.1465098164756466, 5.9309998161345057, 0.4432207311857196
3590, -8.1995080354950911, -7.3935644175509436, -4.7772420459507119, 0.4648380033335717
3591, -3.2965298179364098, 5.6402612093792071, -9.9998275167180388, 0.4269067655070108
3592, -8.1996456322914035, -2.2591064000020782, -5.5712876685913004, 0.4335242193546971
3593, -2.5522334196513796, -6.6635309885626404, 4.1421151630844530, 0.4590004429976806
3594, -8.1995124593951072, 2.3809616153575868, -9.2351532728057535, 0.4501437326881291
3595, 11.7995510949426201, -8.1870324167842750, -4.0695923070986657, 0.4703976346770220
3596, -5.2024361228992664, 9.9994372456982656, 7.9350407628184856, 0.4420497681268539
3597, -3.1247200990663129, 3.2343977220063032, -5.0698929457791069, 0.4410920459512835
3598, -6.8703501665885671, -9.9995863695381910, 0.2126535740392851, 0.4390411962922278
3599, -2.6633165406994919, -5.3904943012341446, -12.5089134271209854, 0.4354426539104779
3600, -4.2989400848587156, -3.7141310854934901, -4.7113433746264954, 0.4618333244482796
3601, -7.5585145259622886, -4.7630955089637572, 3.6611434343504863, 0.4389731190371218
3602, 6.5621906189077226, -9.9996204470853947, -6.6116375254355439, 0.4982128170709807
3603, -6.1366244815535227, -9.9996045221597711, 1.2850939395179983, 0.4383419597350718
3604, -0.3052329898637043, -7.3779913918726923, -9.9997239216804008, 0.4742936394176870
3605, 11.0130175327721265, 5.8975872094705410, -1.0925982437737245, 0.4637525207296933
3606, -3.0741859512651755, 5.0365276653518078, -13.0121029833455299, 0.4420399040434203
3607, -8.1993498961260585, -4.1977604975844383, 4.3260200803848123, 0.4721570041395609
3608, 3.3424372553801471, -8.1434101726592871, 9.9995809136494334, 0.4521147571861801
3609, -4.1274084202158967, -2.2853866493914956, -18.9998490935237072, 0.4307351632898575
3610, -6.5600342646162471, 3.6632804912765642, -9.9995472764911639, 0.4516378382216649
3611, 8.5334170417805044, 4.9774300487026339, -3.3396920599958575, 0.4399894592332469
3612, -8.1995447778660822, -5.3145419342678748, 4.0322639512319416, 0.4369123169440711
3613, -6.1676956949444000, 7.9919154380043009, -9.9993187210287697, 0.4356783049306526
3614, -5.3998297715108654, 5.4909990132053066, -9.9994903361190861, 0.4386895561954828
3615, -8.1991454114895692, 9.9752072167648134, -6.5738383280018917, 0.4414647868745857
3616, -0.0878157290157664, -0.2115685603440862, -5.9946755300304995, 0.4396826629150676
3617, -1.4586421471101636, 6.2395641080443225, 10.0011457742557699, 0.4330456709308814
3618, -2.3267554302633044, 8.1571236181343068, -9.9994214138082800, 0.4387440082178049
3619, 6.4782784855473459, -5.2043558575058002, -11.2275036703738156, 0.4680943721468905
3620, -8.1726755343760189, 4.0501991136689677, 9.9995980206925896, 0.5013530142487085
3621, 8.0308719877523860, 1.0885302699071024, -5.9028449814383421, 0.4290367347027935
3622, -6.9785914910926241, 6.6230779196231397, 9.9995187550822795, 0.4271209455182997
3623, 8.7169688693435159, -1.0402235280892542, 18.9731175771386624, 0.4842439296174859
3624, -7.4605450204082873, 9.2999541546680078, 9.9996501264063991, 0.4606387737222366
3625, 9.2835977953968296, 4.5790172947925987, 3.8924032489096185, 0.4722009810719479
3626, 4.3220900279855883, 9.9995258064514871, 8.0425721827302112, 0.4346635040021201
3627, 7.6424297477535266, 9.2066193772657652, 9.9993653475704605, 0.4625531654814674
3628, 0.0142349656032792, 6.8056105439620582, -10.0000396508121590, 0.4331297592869718
3629, 5.5771821918118123, 7.4924610703118502, 4.6867515181637831, 0.4360402767373480
3630, 8.4595240878889388, 2.2089999027123008, 11.9574124524314112, 0.4420173014248874
3631, 6.8745418351041838, 4.8399675429120039, 11.8361427048544865, 0.4387525057224815
3632, 3.5001602221416355, -3.5575262879993157, 19.0000901137349558, 0.4310273218629353
3633, 7.8052340690165192, -9.9996172608506164, -6.0885048985542980, 0.4413741933638834
3634, -1.6204853537354174, 2.8255225652349116, 18.9999305943403485, 0.4231795591149283
3635, 11.7994000000000003, -7.9863662166199632, 7.0052060218634731, 0.4593084513350063
3636, -5.0859264093063770, -1.2075703971599960, 10.0224377680973564, 0.4598453490474569
3637, 10.5303344999779966, 0.2318965719926034, -9.9996345573873420, 0.4412256457529052
3638, 3.6407768956606099, 6.7518313299435286, 11.3101327040428874, 0.4418078644350055
3639, 0.8855930934478152, -2.7133554395895900, 19.0000502717983402, 0.4812166218950031
3640, 9.0871939110066862, 8.6010390303040349, 9.9994599355431752, 0.4638612651501134
3641, -6.9130759698143560, 5.4760065509005864, 2.4494096185939567, 0.4319966088696339
3642, 1.6381903812723844, 5.3797960603210928, -5.9991559277995927, 0.4369643866827834
3643, -3.5868125413878702, -9.9996694690116730, 4.7996793041689862, 0.4365298237718023
3644, 4.4644446993836864, -7.9572842113238043, -9.9995689205402982, 0.4303797148418592
3645, 5.8414659164311979, 8.7458419704429335, 9.9994251917178918, 0.4422297444822856
3646, 11.7995419028563191, -4.6834217100879858, -8.1395124849683622, 0.4664843222890760
3647, 7.7996766130736264, 5.9695333251800520, -0.6563665637224431, 0.4381758089030710
3648, 11.7994245804551134, 3.5108198194081237, -7.2950383253104469, 0.4754801071221607
3649, -6.7917300404232392, -2.8682903451210944, -9.9996965521026144, 0.4593078869583130
3650, 8.6263927537599780, -3.0906682959566143, 5.1673854316505414, 0.4732658610242126
3651, 4.7764467473665988, -9.9996630027444944, -5.9644536520707936, 0.4568266001557205
3652, 11.1386570198243273, 8.5789058310265354, 9.9993321293381925, 0.4479011356300965
3653, -6.1961311265637979, -4.3716838390062307, -4.1152471953165772, 0.4351705723862926
3654, 8.8575965085497206, -4.4424792589271584, 9.9996297389701176, 0.4423984714748231
3655, -6.9650206969684199, 1.7719671001006787, -5.7411028809823259, 0.4658017754754905
3656, 11.7995000000000001, 6.2223706628445647, 6.6345277443467383, 0.4284206179733303
3657, -2.4993720813908280, -4.6086458912402417, -18.9997113048302353, 0.4407989413419743
3658, -1.5148337281623176, 4.1772357650528997, -4.9851039359847142, 0.4299418557590291
3659, -6.8586009813311160, 9.9995168198574813, -8.6976232531435507, 0.4360224972751832
3660, -3.0974887175287447, 1.4776873917234197, -18.9997917480820888, 0.4416535068420204
3661, 8.0309014411471757, -3.2401693747298044, 10.0000821337261119, 0.4471330616662849
3662, 2.8241117336855912, 5.4912343943087771, -5.9075875721310709, 0.4376320429643614
3663, -3.4200353697821892, -2.3956554990295826, -18.9998213946732761, 0.4184540554703921
3664, -0.0436233327805772, -6.7527773855870850, 12.5631835044361324, 0.4433300246712474
3665, -3.1502638902920737, -4.9508534715921577, 18.9762347045816036, 0.4709141561256048
3666, 7.1795504929887777, -2.6251981828791724, -5.3897160880790249, 0.4385836213096796
3667, -5.3824647031640929, 5.6472222820380091, -2.0642297349000720, 0.4476790889136839
3668, -2.8735741564474466, 9.9995537981461613, -5.3992317987184819, 0.4590953278109407
3669, 11.7995000000000001, -5.9558696176981378, -8.1278146942463643, 0.4733568990562368
3670, 0.0012780780858570, -6.4472396393154288, -5.7198696380039067, 0.4552199587280715
3671, -8.1995203765474773, 3.9447786234499556, 8.6559971596906866, 0.4294878027630265
3672, -0.5930200174125402, 4.7728934168287296, 5.5256865652559162, 0.4367582418751660
3673, -8.1995856336670521, -4.3350082511887695, 6.5884708665019422, 0.4335389959505191
3674, 6.3743617732277409, -5.3011316037927045, 14.2004497036380162, 0.4666146679971687
3675, 2.0184615881499361, 7.0177845440818816, 15.2777067425110058, 0.4309099079018820
3676, 8.8053634645319185, -0.3609776772465662, -17.0679594873644511, 0.4710813421019044
3677, -4.5563166101061565, 2.9300845798269832, 14.0331875434184568, 0.4412602996912665
3678, -8.1996013552510263, 8.2158818101377626, -2.1365593734026875, 0.4420845848336720
3679, 11.2545108080870069, 3.2476159610779143, 5.0594668589282472, 0.4206473234283568
3680, -3.7573227315293942, 3.0227079967244093, -18.9999010000000013, 0.4457366107370110
3681, 11.7995390830825730, -1.0784096009991406, 8.0884969295248563, 0.4686275256585473
3682, -6.8828867618849507, -4.3434581856747334, -9.9995947657299666, 0.4481628780640451
3683, -1.1252297633157755, 1.2004982989026283, 5.8793743781189951, 0.4439319502267787
3684, -3.9976318323176461, -9.9995153874715168, -1.6210618642855441, 0.4618048972710126
3685, 7.5888270860856313, -3.9663844550781087, 11.3242297939493941, 0.4460333713262729
3686, -6.6944808461857335, -9.9994195256289906, 9.3267738922962842, 0.4546622525495961
3687, 7.1124068335757933, 4.5608964321776231, -12.0236172843625280, 0.4417351194579778
3688, -3.5964918415692684, -6.1305246050929592, -2.6442638069253110, 0.4277524705298176
3689, -1.5706630650668310, 9.9994335550265934, -9.9740826652681616, 0.4296348899235118
3690, 0.5226991436816495, 9.9994570017540383, 7.8034158124867190, 0.4593751026463723
3691, 6.7802710709379799, -7.0918936589274901, -3.3226511539928887, 0.4566020153144241
3692, 7.6817016072975033, -2.4016567119914312, 18.9999856510162886, 0.4278878763516470
3693, -1.2593037001654006, 6.3025203078144036, 13.8677910589719442, 0.4420630465261401
3694, -2.4428124101867792, 6.7264321395581534, 4.2654480485328863, 0.4562770652812210
3695, -1.3194786484331675, 5.6204183618818639, -5.1177338681344846, 0.4453699891192192
3696, 9.7536283383162452, -8.8108507013888016, 9.9993459661134612, 0.4485292073972935
3697, 11.7995000000000001, -0.1544496015011276, 9.9726131155592697, 0.4447613637429834
3698, 2.6349131387482689, -6.9495259092691040, 15.6420628659166479, 0.4368494472491780
3699, 9.1927143950034633, 1.0194697050385597, 5.9197610764737210, 0.4428936222195634
3700, 11.7993585137181025, -8.5933162575198292, 7.9771546147624601, 0.4525705741731880
3701, -4.6914073270085197, 2.6436039729643013, -11.2795808989521333, 0.4202155194194125
3702, 1.1344547166605374, -9.9995154374911817, 9.3605971676381934, 0.4230102058405417
3703, -0.2691371788441087, -9.9995692631745960, -7.9981862266199908, 0.4679311359871231
3704, 11.7994185577838060, 8.7237944329393429, 7.2358593509730609, 0.4353136752874737
3705, 11.1814362044142772, 3.8535812104293257, -4.6243843047202811, 0.4355131684928750
3706, 7.7728639464998279, -9.9995613239991989, -6.8060328347922994, 0.4439714875450841
3707, -6.6848700044305804, -9.9994684689640607, 7.3533615334608662, 0.4536985375413459
3708, 9.8829661088684535, 8.6423283962043893, -9.9995378478925314, 0.4414717923780812
3709, -5.8052085739472519, -5.9925882285903800, -0.0226425224039936, 0.4639641478124298
3710, 8.5841681982550000, -9.9995683270597713, 6.7482739030112899, 0.4295964291475843
3711, 11.1766012899928686, 4.7608183022968706, 3.6692545823922305, 0.4228578649258146
3712, 9.2171564947680462, -9.9995454840763927, 2.1838843359148390, 0.4319950005516344
3713, -4.1939190661555141, -8.0732344254146913, 0.4498549989275853, 0.4347854467585482
3714, -3.7860758631476070, 9.9995315189276717, -8.5905472661122619, 0.4720485305095056
3715, 11.0964364810375926, -3.4379023947344391, 4.9139872252471930, 0.4566243308103375
3716, 2.5577218802785779, -6.9580626024784697, -14.8005663339561142, 0.4561062288530282
3717, -3.6407081277182463, -1.7283462836506585, -18.9998875758079144, 0.4248015288962339
3718, -0.8109446446536087, 6.4941430480280324, 17.0395602310543488, 0.4287795424354636
3719, -8.1681480324414384, -9.9995855988587863, 9.3182313626432194, 0.4688929355575703
3720, 8.3247984708104070, -9.9995853091096905, 3.0819715765191065, 0.4334987147918647
3721, 8.5535492081532229, 9.9996651372480319, -4.8475157815835095, 0.4420586454393359
3722, 11.7993606347573117, 8.3279510132480148, -5.0571603493227011, 0.4608518845392761
3723, -8.1995856215551193, -4.7669532320907617, -4.7596912677485665, 0.4527957818715561
3724, 1.7774174328118648, -7.0129463163452224, -16.1890010378900833, 0.4512115079180956
3725, 11.0888686942033203, -9.9993521357549540, -5.4003998992643778, 0.4546966762727602
3726, 11.7735860631420906, -0.7097549139188412, 9.9994870861303102, 0.4273427131334926
3727, 0.3182651097056720, -4.9357633599483757, 18.9999507367355882, 0.4349133540925371
3728, 11.7995180971997460, 3.6135745758885616, -8.6493798826531361, 0.4430073341507891
3729, 4.3404385249921305, 9.9995418879125761, 6.1408003725014018, 0.4551719640303628
3730, 11.7996443936777116, -9.3402679055879538, 1.6716585760569529, 0.4573764139513621
3731, -3.1332373688388775, 9.9996112973007136, -7.2810107638505315, 0.4354510873462761
3732, 9.9108911872668060, 9.9994873127766368, -8.9293869249320377, 0.4425068802716622
3733, 5.9809568893698088, 2.8852684912677424, -18.9998491664057241, 0.4204659098241094
3734, -3.7235316205620723, -4.3278177558339568, -12.8003621546165895, 0.4334627064367089
3735, -0.3787845105629213, -8.0128739034977237, 5.6188167329320819, 0.4172645328663023
3736, -4.2025088461052462, -9.3296000447434579, 0.4340825292149038, 0.4537051909943567
3737, -6.8091314753867085, -5.3640838231097563, -2.6788065637123446, 0.4418047479186036
3738, 5.9830831640011244, -2.9550783791112449, -18.9999495667412361, 0.4290435842407576
3739, -8.1995534050908052, -7.2601662776095077, 3.0586423065320654, 0.4407929549558804
3740, -3.7561011250720027, 4.2778607687106556, 14.6216443025874767, 0.4623533450576659
3741, 11.7995000000000001, 8.0339913105021061, 5.3384517079501013, 0.4455071562790477
3742, 11.1091445716376285, -2.3688723899629163, -5.5104134257938657, 0.4410284606723768
3743, 7.2991817232115714, -7.5953087465180280, -2.4230862251867102, 0.4443378885532946
3744, 7.7155043159704180, -9.1999829857130013, 0.9861037478586460, 0.4628702332973727
3745, 8.4703268766788362, -9.9996602820233811, -5.0089845625051899, 0.4323984963364876
3746, 11.7995332040431009, 1.3926645465124561, 7.2615587615352455, 0.4376483457062713
3747, 0.6651858048034385, -2.7700865878818557, 5.9282540457353941, 0.4567914016436233
3748, -3.2577320125274412, 6.5170473232911261, 9.9996528968580680, 0.4233212186616222
3749, 11.1886638547593549, -9.9993720563423789, 1.5831730671820550, 0.4229794058676615
3750, -1.6525062585719823, 4.5446570533079873, 18.9997739678188537, 0.4382312594951980
3751, -5.7831143112087080, -1.1650051247615423, -9.9997736225768818, 0.4272178051093219
3752, 7.2786692543340719, -4.3583259374878560, -17.7632973875929139, 0.4436147355639400
3753, -7.5321586158485685, -9.9995096123197786, 3.3239294120003300, 0.4286543650259951
3754, -8.1995077664213216, -9.9759211875682858, -2.1615332085878820, 0.4454442537969920
3755, 11.1724404949586802, 9.9993407208382106, 4.9466239121871993, 0.4505602640031674
3756, -8.1994952824222587, 7.1755686975862956, 5.6047408473268394, 0.4527047585168711
3757, -8.1995415124708924, 5.1694364469446938, -7.2224846867544494, 0.4417553076230170
3758, 11.7995000000000001, -5.6874241664446155, -6.9171033612883051, 0.4554078393154051
3759, 7.2059515192662200, 6.6499617800179074, 2.6011943040396370, 0.4337951320090837
3760, 5.3669167953004546, -6.0369106061085507, -11.2566672499770544, 0.4728704690870908
3761, -6.8390169189077348, -5.4303042791692135, 9.9994548110581434, 0.4386954386365770
3762, -5.0886932170314445, -1.2458831200753104, -16.5373592406837098, 0.4629911108626617
3763, 1.8064436019292855, 1.7208131802379039, 19.0000000000000000, 0.4258308262380116
3764, 10.4962878056437656, 5.2052390076849901, 9.9993754064259015, 0.4854852147198132
3765, 5.2526722521386615, -9.9757772566581497, 9.9994105579548993, 0.4615540149554692
3766, 11.7994256201205285, 9.3092643033457083, -8.1272606740656208, 0.4420668046464136
3767, -8.1995045633760650, -6.7560178961021302, -5.3788397198435902, 0.4512811216748445
3768, 0.1340281589511948, 6.3234896637916389, 5.7625533739729029, 0.4252202847649926
3769, -3.8505342717260116, -2.9658727252392376, -18.9997347706775592, 0.4583346864661677
3770, -6.6495867212893716, 5.8767632522598792, 1.1823638181700884, 0.4599983542694982
3771, -8.1995075277595859, 0.2790199715838988, -9.2875145440428266, 0.4574032272425542
3772, -3.8737451895967592, -1.9792006384635936, 5.6955824555948622, 0.4419114165391654
3773, 5.1612088727948908, 3.9640881365804472, -18.9998438900832909, 0.4439579121992347
3774, 8.2423938782733668, 2.7355069264069893, 13.2328261556470537, 0.4456256607418985
3775, 5.2545247740332615, 6.1066519575425620, 11.8938393664407158, 0.4508415078341756
3776, -1.1675581566742390, -0.0785935076373068, 5.9957050995379522, 0.4527129416075274
3777, -8.1789003481151905, 9.9996134677890165, -7.2670813321930163, 0.4414647868745908
3778, 4.4013690744813339, 6.5135139653187943, 13.2405117316980494, 0.4565602413417364
3779, 7.1315258915575424, 4.5343345100497388, 11.2611963697432191, 0.4387525057224802
3780, -1.0132158584599180, 7.0245477200622597, -5.2974204568501806, 0.4359902536488493
3781, 11.7995000000000001, -6.9874767282292334, -5.4690395869073587, 0.4592738144384876
3782, 2.0011814169823072, -1.4268086122581105, -6.0250562796261304, 0.4307324963796381
3783, 6.4360704925999812, -4.6666036386451548, -3.8246685678255270, 0.4319737226269021
3784, 11.7993595290579023, 7.8857250142287096, -4.4874757830700069, 0.4437037153551154
3785, 10.6441947439840536, 0.1968774611554266, 9.9995940183820267, 0.4523438506976463
3786, 0.0733124776102200, 4.9592661973041894, 5.7431784621608921, 0.4368752231086360
3787, 1.1804483354179691, 7.5987783968543212, 9.9997235349658062, 0.4433287624494964
3788, 4.0793272612660854, 3.2261297358098924, -18.9998594976066428, 0.4789818202590423
3789, 6.3663597591784189, 6.9290917397997296, 9.9995994089835829, 0.4337420776290752
3790, 8.1449643829099934, 4.3265437542096787, -9.9998498118788515, 0.4303503728057378
3791, 2.2272213378695662, 2.7526839725510328, 6.0072909707675031, 0.4275327942511606
3792, 11.1679481695053262, -5.3703069385186977, -2.7024393857194045, 0.4319061127840826
3793, -1.3243113091376000, -2.6888013631274945, -19.0000304797553810, 0.4299302724207306
3794, 8.1751795286461171, 9.9995215906006898, -7.6162010833209521, 0.4449954599671054
3795, 5.0051172687875738, -6.2148295762293486, 10.0257460384676929, 0.4597303868147501
3796, -4.1957921750467104, 7.9447189694849456, -0.0584350930170299, 0.4360543512871269
3797, -4.0248877855007947, 2.3851835268962640, -18.9998263024644096, 0.4457366107370115
3798, 11.7995698199081751, 1.7895935379741266, 5.7722378903718514, 0.4377421384195683
3799, 11.7994131208051876, -6.7709032145828276, 8.6140757487820707, 0.4362304667173483
3800, 5.8509430956598045, -7.1351905097558888, 4.4208819683142471, 0.4621221155270490
3801, 1.4123819120220595, -4.2260702860197679, -5.9824598547776224, 0.4396706791191521
3802, -8.1766349165357592, 4.7035497466993723, 9.9995934348642717, 0.4787443945429466
3803, 10.5568690541212824, 5.0968173105428365, -9.9993694677956579, 0.4491949944128712
3804, -4.5271958801150722, 2.9901153677523178, 14.8469493455509163, 0.4658292978442867
3805, -3.9557085846277320, 3.4536656263481746, 4.9062902561623680, 0.4342182505964148
3806, 11.7780925405966386, -9.9991516310722215, 5.8007712708570773, 0.4308751536882129
3807, 1.2127621509510758, -6.9760205575478826, 16.2198803630883681, 0.4495644497027375
3808, 7.1558030158636088, -9.9996163411915902, 6.7655626203726129, 0.4368484684716319
3809, -4.7984614704230637, 2.3352662147835348, -12.6031120973326161, 0.4291259888041509
3810, 9.0212649171118802, -9.9995460844440291, 2.9087913500646239, 0.4205124355920657
3811, 0.4660430773820321, -6.8881031043781151, 18.9802270271253448, 0.4303301529485515
3812, -4.2534798958703997, 3.5457804156946060, -12.8646545762095013, 0.4593625671670866
3813, 11.7993999999999986, 8.6777758658104531, -6.2830522216360318, 0.4352153540483708
3814, 5.9378866373666810, 5.6290851749067627, -18.9997311687684061, 0.4439583660117207
3815, -1.9216073919901826, 6.9256513355219607, 4.7007149820659038, 0.4203138470648962
3816, 11.7996826809912481, -1.9176415444279487, 9.9764729458102668, 0.4249843415092876
3817, 7.8658252456785203, 7.5749635532852286, 9.9995398891787008, 0.4541189613025643
3818, -8.1995330177413344, 3.9816392755571162, 6.7938365211786467, 0.4798438841286696
3819, -6.9674858451218427, -1.2848212585652063, -9.9997233807611643, 0.4785774678770622
3820, 4.4056165991492966, 2.0845331235173696, 18.9999235308211674, 0.4468575007791974
3821, 11.1307863901968371, 8.4354647097925319, -9.9994792055076314, 0.4628260265344600
3822, -2.4071712870905637, 9.9995178911305871, 9.2928756902760110, 0.4354984474554828
3823, 8.3771333234529131, -5.8629039640685781, -1.2583883866744878, 0.4644270586565726
3824, 11.7995000000000001, 7.5856873938800895, -1.7860378336496767, 0.4586175900435616
3825, 8.4245617507424129, 9.9994124953337185, 8.9873850563579509, 0.4718158309325559
3826, 11.7997951649478310, -9.9711793829689110, -1.1960274015689469, 0.4556750740051195
3827, 10.5063770395615794, -9.9994677080178374, 6.4434403796480568, 0.4463490614904817
3828, 3.9311512733581822, -6.6642906924112539, 16.1182685347971457, 0.4582661335660421
3829, 8.7827577713843041, 0.8387321533701831, -16.7470840785109090, 0.4754316326131091
3830, -7.3943003102642040, 9.9995502828721712, 9.3153759068539568, 0.4756144369241513
3831, 4.1601658996206670, -6.5914089603608641, 13.7798656914982676, 0.4509016297332859
3832, -4.9997296152991790, 1.7114003619318490, -16.2855783377383645, 0.4608407829804742
3833, -8.1995403335140118, 3.8627274717011222, 5.4252077039865805, 0.4221814987804242
3834, 10.6346685870236044, -5.9445236068287848, -9.9993478169569663, 0.4458147773032600
3835, -4.0905090786359777, 9.9996219337717651, 5.3894554300334496, 0.4410651498360968
3836, -8.1995423808313390, 5.8701252021515291, -6.8268533305758679, 0.4316017811046009
3837, 7.7562478181248036, -6.7095688778482998, 0.7738801871092267, 0.4578204247735334
3838, -2.6225388166031034, -5.4229462015188963, 15.3851286013238155, 0.4337378761341069
3839, 8.5709029631051319, 1.8290273361899010, -13.6447989774173095, 0.4835868546462245
3840, -6.6381327910635388, 9.3817491966132227, 9.9995507305355797, 0.4570786586297763
3841, -4.5163998572679613, 9.3468192902268878, 9.9994454654030385, 0.4473707743577195
3842, 11.1620523155552576, -8.6514830906286448, -9.9998858846114551, 0.4450446164809106
3843, 3.8027110034578322, 7.4525949265394233, -9.9997904978919756, 0.4381401834609215
3844, 9.7243022530610190, 6.4807794933122063, 9.9994628947845428, 0.4483046416558242
3845, 8.7661968287328733, 9.9995592757234508, 7.0600877023361068, 0.4363356716397434
3846, 11.7996433540111347, 9.3268299680975630, -0.8324874190450416, 0.4671827236522129
3847, -2.2298112284973155, -9.9996127696035995, 6.8629690368389005, 0.4374749556393186
3848, -2.8202179799112956, 5.4558764625724621, -3.8217336129734911, 0.4469911902898143
3849, 0.7644012207639391, -6.9448559135777925, 9.9997477209517598, 0.4575334100812972
3850, -8.1995113280269312, 4.9136818003152216, 7.9571046837886268, 0.4446462291961721
3851, 11.7780354987616374, -5.1735850739218501, -3.0570614649153467, 0.4229149933264497
3852, -8.1995074678918627, -2.2337410128465551, -8.8115000430849815, 0.4229207141607217
3853, -8.1995400000000007, -6.8208132566324844, 6.1660494958998173, 0.4378813053566928
3854, -4.1563077998549653, -3.6883134434497187, 13.2909085225293193, 0.4317100491920781
3855, -8.1993790827820821, -5.6300195114401728, 2.1904414818569071, 0.4884914923876272
3856, -3.1067589795378510, 6.8474934604823936, -9.9995821568913144, 0.4554922959413412
3857, 11.7994000000000003, 6.7049735381827853, -6.3328300253993195, 0.4493629645525025
3858, 0.6514805744919048, 4.1054056966500951, 19.0000463931086969, 0.4523780913211270
3859, -3.1656415633914663, -4.9412376420750963, -17.0642532124129325, 0.4436392384719559
3860, -4.0382763705500206, -6.5865811175308959, 1.3930830391488049, 0.4621486522341171
3861, 11.7995833356336401, 6.1427388624388657, 2.5697072913407428, 0.4909778267458476
3862, 1.4488626044996804, 8.1903097793605042, 9.9996727050062084, 0.4851329028937493
3863, -0.9286232874913680, 8.4969465832810958, -5.3417363440403722, 0.4524936322399971
3864, -2.8545206140591999, 6.1904267730067106, -3.8024336786040118, 0.4602601052825723
3865, -8.1994913465032635, 7.5278692665539086, 6.1926494618018539, 0.4640326870630019
3866, -4.8476293428721124, 2.2007745884628616, 18.9720779428333159, 0.4399577002468158
3867, 7.8161038462038892, -9.3892289868962600, 0.2565326981786515, 0.5057559133172363
3868, -2.2681457798450979, 5.7116421145992780, -14.6319773923013212, 0.4286753378452334
3869, 4.0233532593631640, 8.6946307406714460, -9.9995747335787328, 0.4473343698230879
3870, 0.7432737467619192, 6.9443000284785601, 15.3368932688382067, 0.4559628402000401
3871, 5.6055848296350366, 5.8776141140588081, -16.7899376307823118, 0.4320618647525467
3872, 6.6536738439669127, 4.9092093770833118, -3.5351080202064096, 0.4498950281611757
3873, 6.0334418005706283, -7.1810595611845658, -4.2618439288174148, 0.4379227098070357
3874, 2.7537831685083054, 1.0346214706941723, -19.0000000000000000, 0.4426744572736387
3875, -0.2855177587887261, -9.9997201359075270, 5.6884536076406125, 0.4346978588646376
3876, -6.9314347573603037, 1.6998564086898826, -9.9996273872793466, 0.4384989111165604
3877, 2.6287100468769014, 6.9476647422101889, 13.5034642053699976, 0.4319364928311020
3878, -6.8374762441725574, 4.3477200669279163, 4.1356902205286508, 0.4420384034391184
3879, 11.7994977090247346, 9.9739678829142644, 7.3688994995596175, 0.4451356713255593
3880, -6.2302827382408603, -9.9995123436041506, 6.6750101281086591, 0.4523941938512493
3881, 11.7995097223592058, -0.7368982196840422, 9.3474372237658887, 0.4424184780535805
3882, 9.7822018268913968, 5.1080326416274424, 9.9994778679480021, 0.4379018512020015
3883, 9.9560509896849805, 5.2148046024704602, 3.0036302994890871, 0.4289127192065663
3884, -0.1066728987526578, -6.7379035368549109, 13.3066836059851941, 0.4409319443701887
3885, -4.1289768161263831, -9.9995100000000008, -8.7184660532971137, 0.4274693656760000
3886, -1.8037140757641845, -7.3976711587713035, 9.9996002457134878, 0.4350176981618001
3887, 0.7685795858973345, -6.3326313154467408, -5.9381799677491554, 0.4584100503494143
3888, 0.9327379676840358, 0.4078492562431649, 5.9952272036686960, 0.4401310289474403
3889, 5.2298503824226064, -5.2722009359774749, 4.9297779251878397, 0.4483342688149673
3890, 10.3474190357777278, -9.9994742546848467, 2.5225245137473573, 0.4352376075738429
3891, -8.1994989204881890, -3.2393479037560584, -9.2894855685238760, 0.4472918606121349
3892, 11.7995377597298550, -0.2642114891839455, -8.0620850423937451, 0.4366927818115967
3893, -6.9191931513610552, 9.9995125810237866, -7.9611126133932455, 0.4278271080824341
3894, -6.8440316451973162, -9.9995705275239750, 4.3915296594568796, 0.4481953947002753
3895, -1.2156560068248210, -6.2952446552376564, 18.9999798038063581, 0.4610674850110980
3896, 9.7026815328388878, 9.9995714670855431, 6.2015947912414999, 0.4223337773299610
3897, 4.8850988286054955, 7.3414600913867636, -5.1461688510139707, 0.4730270921657144
3898, -6.8611384579247012, 8.0366635145964587, -9.9993612165389294, 0.4379626228948377
3899, -8.1994751929772622, -5.9336234128117828, -7.9451327394576676, 0.4287180455462976
3900, 7.8007848594497311, 8.6288272883910633, 0.0375486646325648, 0.4369747353772731
3901, 7.0680192935905337, -9.9995528596605592, -7.2408379371907818, 0.4508402739584662
3902, -7.3998505378807149, -9.9994947987663103, 5.8838752798982572, 0.4731047833161507
3903, 5.9743240815142231, 9.9995140461519370, 8.4684024219056244, 0.4891582588814569
3904, 8.8203558892032472, 0.0398816895860667, -5.9959341856504542, 0.4346477219523200
3905, 2.6871560981869727, -6.9447150463024183, -18.3109247819522558, 0.4543488948741197
3906, 6.8095589615580430, -9.9995607808820228, 7.4409197922813917, 0.4536392718385448
3907, -4.0874714113955450, -8.0099996499480621, 1.1577351990220153, 0.4427411628644774
3908, 11.7995765884568353, 2.4397345614222772, 8.5346993837058012, 0.4547072994817971
3909, 11.7994373046862844, -6.5134002256089660, 1.0855936605490897, 0.4430770691451359
3910, -5.0743267467232398, -1.3171504223559225, -15.3318776125639822, 0.4527713111463867
3911, 7.4644130659350996, -9.9996649486181859, 6.0640094502928950, 0.4515476883649023
3912, -0.7805273557767287, -9.9994811798530829, -9.9736661085324236, 0.4600723082150439
3913, -2.7074588089093568, 9.9994089472839800, 4.8957451128928611, 0.4355322141986082
3914, -3.5920116935420574, 0.4220545736033134, -5.9947258926049427, 0.4307230435853866
3915, 2.2221983476472449, 6.2727953428568393, 18.9998656947855764, 0.4562599551580802
3916, 2.3862564159081399, -9.9995177112119880, 9.4468218135671638, 0.4114312114116229
3917, 0.0530432694516204, 3.4705895669224334, -5.7362365351979729, 0.4365375015814961
3918, 7.7327180822296206, -5.9538384751303832, -0.8749110193624996, 0.4340217912414077
3919, 5.5957133401782349, 9.9788218696932081, 9.9993968345714439, 0.4594457619373814
3920, -8.1994749904722006, 7.7900484008963975, -7.4769123173369776, 0.4528135560990537
3921, -3.3623439214881392, 9.3503018251414360, -3.0688385970550849, 0.4686368461721753
3922, 7.7813985724225558, -8.7643955233256960, 9.9995205132679974, 0.4637292356865937
3923, 11.7994300175034716, 7.4193845643812235, 8.0430268860330063, 0.4707029891678347
3924, 1.6864585610060059, -6.9891473259185668, -18.9719674657516997, 0.4584180875093263
3925, -5.5572992130972887, 9.9996477195716391, -0.3626952951921825, 0.4432180819737904
3926, 8.4835327242309884, -5.9746433954258995, 0.7999231590090463, 0.4514303940438369
3927, 7.9076494768302528, -3.4203816565956382, 13.8370023622667784, 0.4394194168124547
3928, -8.1995598036372357, 9.4015765787105572, -0.4283563112561222, 0.4736239165308066
3929, -1.3891491240245391, -9.9994756713824486, 9.2385606183123059, 0.4623119576087767
3930, -8.1995280611898398, -1.4551539888650564, 9.2829270271900359, 0.4613761363192042
3931, -2.2951449455349566, 9.9995865583371177, 6.0506114506732418, 0.4345791201842272
3932, 3.3294096331861915, 4.7552452838995176, -18.9999027616786194, 0.4330959472232588
3933, 11.7805037233006971, 1.0420156955015067, 9.9994852864385635, 0.4390037416812964
3934, 3.6102528776496796, -2.6348758667234331, -5.7456499426812950, 0.4609320671618604
3935, 1.8335020669943149, 5.0236338007700674, 19.0000000000000000, 0.4535144816242668
3936, 7.0675321197679066, -9.3865897716504403, -2.8768928204269448, 0.4217157810061153
3937, -0.6196444310040939, -5.0824728396275418, -5.5233995544901413, 0.4415182615712023
3938, -6.1342531637938817, -2.2699874330301983, 5.5584357861369984, 0.4441209276016762
3939, -4.8452922431837946, 5.9955024759904223, 0.4048323336099188, 0.4509799753752122
3940, -6.6349294112734398, 9.9995042808905534, 9.3421641756426350, 0.4452171944672142
3941, 1.3692592736247537, 9.3350676132728161, 5.9923788366912829, 0.4299324341792534
3942, 1.0460909951518333, 5.0658707010768511, -5.9546621945654135, 0.4551200410490570
3943, 11.7995029170470502, 7.8932769374642815, 1.3220281495516901, 0.4474113053531007
3944, -4.6057827235109725, -9.9994890426401977, -7.3585094132894753, 0.4378981982934643
3945, 7.9037580258688820, -3.4377249317133058, -18.2507507136783218, 0.4517789011271500
3946, -8.1995490180454578, -9.3419653776074441, 3.2462314124715279, 0.4426252348308273
3947, 9.6111080410163030, -6.9123890724781489, 9.9993922967061248, 0.4484743618191946
3948, -1.3700594196859737, -6.2572517035740587, 11.2988343578921313, 0.4714163443498071
3949, 2.6570595302099673, 4.9553680803035434, -18.9999663745913132, 0.4288101389894432
3950, 10.5522745035265633, 9.9994949476559984, 5.2743250652930564, 0.4232269090266159
3951, -7.5152821461519563, 9.9994171307372692, -1.6669182138865815, 0.4356452770856761
3952, 9.2384397485508227, 1.8766145929917368, 9.9997622350744404, 0.4288410502112400
3953, -3.6797480339022943, 7.4519883548611627, -2.4559143488179473, 0.4335112340815122
3954, 9.1937315500978976, 5.2244641087448063, -2.9806987050062004, 0.4395931785058987
3955, 11.7994891435811482, -4.2644988787129945, 7.9336662767103485, 0.4474170401199526
3956, 4.1296223144009039, 5.6539906943980442, 5.5282454123043445, 0.4223438511354560
3957, 6.3087857331886292, 5.3627200525925742, 18.3986230385903617, 0.4697705258330213
3958, 8.5664994466842774, -1.8433596098934388, 13.9368048786076351, 0.4412901787562336
3959, 5.7051958983046349, 8.0254713103563180, -4.5641693427253314, 0.4579707375265581
3960, 1.4101434993164697, -7.9536124475461385, 5.9811700030286143, 0.4676344064888461
3961, -8.1789479672026904, 8.1215470465160973, 9.9996321945625954, 0.4246733736487148
3962, -4.7610348170864798, -3.9918607077703352, 9.9997482777748559, 0.4624770991657288
3963, 7.6975858957309189, -6.7259726486377351, -9.9994871489496084, 0.4501073514874266
3964, -6.0787897063251997, -9.9996514106481609, -0.7466657589748792, 0.4759471139160590
3965, 1.1536879815051804, -0.4464552763599632, -19.0000657858140940, 0.4667444971507468
3966, -8.1995080390503396, -2.5409187083224167, -7.1983786666570886, 0.4769990226803362
3967, -2.0545897167584828, -6.1634267353659755, 4.5845800243764865, 0.4475827625890396
3968, -5.5393399144811220, 4.5938677074265764, -3.8832895038378057, 0.4801507252970835
3969, 0.2146548980614502, 6.8209353588367536, 17.7765426218925775, 0.4358000796513946
3970, -5.5629805235709622, -8.7465408450193767, -9.9994428985679953, 0.4203612095186400
3971, -2.0404350059546932, -9.9995376486532699, -7.3292404228919183, 0.4371016784681246
3972, 3.6994022610952682, -6.7605375244764003, -10.0000586063422521, 0.4680219345905420
3973, 3.9703834500291899, -5.3910705384843967, 5.5907456493729724, 0.4379325384959862
3974, 9.2234027554590607, 3.1701378594640288, -5.1047481947153921, 0.4362778060058118
3975, -2.9613462977518279, -9.9995198421203160, 7.8685425840815109, 0.4512673800820759
3976, 5.9147369928546780, 8.6630783301896894, -4.3667137051371778, 0.4533207187797981
3977, 3.4283208258569178, 9.3503066191033213, 5.7752368917482517, 0.4196236069851091
3978, 0.3423326818094006, -9.9997265639692881, -6.5074110734490898, 0.4511641325262286
3979, -1.8018939479584311, 1.3582457411664064, 5.8406115366940616, 0.4580416359464878
3980, 5.2390619532110403, -4.4877989554293070, 18.9999010000000013, 0.4344508148623794
3981, -2.9234256985416303, 5.1769352796558463, 11.9524066694173658, 0.4356164367844453
3982, -5.9653818283375184, 0.3570316738361416, -9.9995950611643600, 0.4698659071228145
3983, 11.7994000000000003, -6.7261943086454909, 5.3402323390807016, 0.4632189335238074
3984, -0.2347607727205429, -9.9739456806542410, -9.9994525491867883, 0.4464132482692990
3985, -5.7241969246847608, -9.9996061772359610, -3.2572708611801997, 0.4484181316088986
3986, 2.8479345763214585, 9.9997023263509437, -6.5234570923336186, 0.4740288580030470
3987, -2.5758502013732754, 5.4607059348880149, -15.7748452202094871, 0.4433866398965338
3988, 7.1749501869419872, -9.9996110091713675, -6.4739514869068264, 0.4894703100566188
3989, 5.7701884093379316, 7.3412862941005752, 9.9995556836886017, 0.4470990282899028
3990, -8.1996087342788258, -2.8266896356833766, 5.3354000805908433, 0.4566353992145789
3991, 6.9097776345343886, -4.1492030872826966, 4.3485066865175437, 0.4751187085973003
3992, 3.5551932684845422, -8.7349071558717988, -9.9995608909836395, 0.4247021952795216
3993, 6.2926691763717297, -2.2916773807073372, -18.9999710133024351, 0.4267368239751494
3994, -0.7377660696809327, -6.3307709310890417, -5.4465201415933722, 0.4438628103025471
3995, 11.7994000000000003, -7.2098944574010169, 5.8909921675294221, 0.4639015616607621
3996, 5.3735846784896655, 8.1739599518144086, 4.8406927272674229, 0.4310891379359703
3997, -1.4091469197118318, -6.2332253098671710, -16.5134809309262849, 0.4507234836417786
3998, 4.2379190103503852, 9.9996804549515588, -6.8769984472565877, 0.4589346417179112
3999, 7.7469524914389307, 3.6921176749588467, -11.4131697446234170, 0.4357699899677340
4000, -0.0241035223282249, -7.9733932329903157, -5.7150451171531893, 0.4616538493575283
4001, 3.8863968751565441, -6.6814058553571405, 12.5261331603545205, 0.4305732597124542
4002, -5.6876531324151314, 6.0536797630026200, 9.9994740089203766, 0.4276869666372761
4003, -1.2650625084145328, 9.3111971247386531, -9.9993559855436214, 0.4651513998453602
4004, -8.1994438773966980, -8.2010670569824189, -7.0498106974726031, 0.4476598617348562
4005, 2.0170804067116670, 7.0204488036459853, -13.4287160773855092, 0.4515279599189847
4006, 5.0432720151862966, -1.6063247806711214, 19.0000816702986519, 0.4334666960489623
4007, -0.5455977198274938, -9.3068645051882175, 9.9995029844893715, 0.4786809765520978
4008, 11.7994383633175381, 5.4815497677630409, -8.0426339118463197, 0.4384906668784038
4009, -8.1995831925114278, -5.0030423061154901, 3.3454937480755511, 0.4389731190371213
4010, 9.6027111299223744, 9.9994538094879584, -7.1384614850016481, 0.4632582461664512
4011, -1.1219774203850366, -6.3634269099450069, 15.0832937601522552, 0.4413409820589508
4012, 5.0342624467675670, 6.2076964673041930, 15.7074711611282467, 0.4348762661855426
4013, -3.4318382569893111, 4.6495037063991447, 10.6658309030482759, 0.4775321873652596
4014, -0.0192675594501275, 2.0900835645985931, -5.7228127544925149, 0.4551165647168650
4015, 4.4582626562554761, -2.5284821072172874, 19.0000989999999987, 0.4321621044248244
4016, 1.4475850412366349, -1.0827735735992094, -5.9870917528538659, 0.4160701892677729
4017, -0.3871726774208744, 0.0079194280864754, 5.9948279728555205, 0.4481787197407877
4018, 7.5896200468053250, -3.9547817745566345, 13.5816877322238891, 0.4434687700381341
4019, -8.1994887206881160, 7.0709610235578584, -7.5819647056449453, 0.4241061492009384
4020, -0.3096912814228313, 6.6869042235341123, -17.0985409147413989, 0.4266809631277948
4021, 8.8072990685672643, 9.9995715186299901, 3.6415209264064532, 0.4563430881751430
4022, 11.7994983486071234, -9.9789965284856414, 8.3986772846735125, 0.4774581003624433
4023, 6.7839715484445202, 1.3564676993515601, 18.9999263593877288, 0.4411698042336910
4024, 8.2498886769128301, 2.7174314860681785, -18.2969606170028420, 0.4505783830914714
4025, 11.7994628311541288, -3.8068902292930291, -6.4702456132934341, 0.4463417406734150
4026, -4.8819904305868276, -1.3803413689697983, 5.8409329601283444, 0.4330288937333797
4027, -4.1859606382821450, -3.6440985940365249, 16.1788887942998230, 0.4337246478639454
4028, -0.6380786242938250, 2.7859752363599686, -19.0000044937516073, 0.4540769586653935
4029, -8.1995917944203285, 5.0837188880568362, 5.2367256320890121, 0.4284857650066664
4030, 6.3507327838972287, -5.3231892968175130, 17.0300166253760956, 0.4358172385288443
4031, -5.6511056813012530, 9.9995406188691813, -3.5121972927356002, 0.4282210795396104
4032, -8.1995616129360283, -7.5887994924574222, -0.8766421295128580, 0.4638764000458621
4033, 11.7771967886404791, -9.9991649024261804, -5.0300884519720874, 0.4352036035197251
4034, 11.7995483058559092, -8.1946480371029402, 1.7394898514661901, 0.4550769780624285
4035, 3.3703307201210477, -9.9994649350259923, 9.9723117095671832, 0.4483199630802459
4036, 5.0388376562766393, 8.7489195124664221, 5.0506025869217401, 0.4310891379359740
4037, -8.1710274524179205, -9.9996240264009320, -7.9097049718422996, 0.4562273470633874
4038, -2.6944709460902501, 5.3622063204342094, 18.3319804275471085, 0.4638279904237386
4039, 1.0632241896899559, 6.2898604664034297, -18.9999110219916290, 0.4531858717482760
4040, 4.1564266835959431, 6.5876450931215738, -18.3942951910324872, 0.4603281236816696
4041, -0.5386217894310333, 9.9995372182601709, 7.4872703210197313, 0.4350635938734026
4042, 2.5682094735815371, 6.9557742873691630, 10.6785695016383766, 0.4456450639957854
4043, 5.7015255181141429, -9.2707307527014322, 4.5688985706078107, 0.4618975157087802
4044, 8.6202287543547271, -8.7261009574206110, -9.9993965582147162, 0.4347583774081415
4045, 7.7455848633301256, 6.8021047465790385, -9.9995459780798228, 0.4627882352954942
4046, 5.3493249922732629, 6.0482662652874417, -13.6496665102810315, 0.4327510992280063
4047, -6.7698532706930559, 5.3281043988590122, -2.7503536128139232, 0.4371757124283107
4048, -5.7627382367439113, 9.9995878052378409, 4.0400059670557198, 0.4338386422991881
4049, 6.5658167710695192, 5.1257283865246865, 14.5228641680921715, 0.4351492734716890
4050, 2.5404584315082674, -6.9612260207886933, 12.5721432600263441, 0.4582599654438775
4051, -2.9382402413595354, -6.2568079624298365, 3.6964319819205880, 0.4483915834504751
4052, 5.6239388694597645, -5.8634682242324558, 12.6276158364214286, 0.4528931962242692
4053, 2.7116239305571348, -8.7905935233577228, 5.9333654804217328, 0.4551699362445607
4054, -8.1995824653197733, 8.5385671930996665, -2.9063049250515949, 0.4815270900248492
4055, -3.5966028713598908, 5.3828966923163346, 2.6978959598111998, 0.4337910494074003
4056, -0.9696320612578635, -0.7568094358093055, 18.9999859181437856, 0.4440833780633058
4057, -3.6957783272517832, 4.3587853224354758, -11.2479911848714984, 0.4284992900720899
4058, 9.3291106417154452, -1.0952230294530481, 9.9998036849955376, 0.4346896342879347
4059, 8.5279969683798829, -1.9873319169754282, 17.5432747670269187, 0.4710174464272230
4060, -4.9942592392016563, 1.6094134168642171, 18.9998926491171716, 0.4531800385813605
4061, 7.9312347465568829, 1.8149264110592300, -5.7350046820226286, 0.4319467341144121
4062, -2.9531936142862634, -5.1566395053649625, 16.7394200551112924, 0.4418109249822819
4063, 8.2632420871497612, -2.6755766220062180, -11.9785515730620347, 0.4368773255888104
4064, 7.4639850401622443, -6.3896931960556493, -2.0058205227472188, 0.4688080360934120
4065, 11.7995042129562044, 4.9355963145220318, 6.1033383142622979, 0.4237143746322329
4066, 8.8753388784499965, 9.9993728666309316, 9.4294961011909368, 0.4841703347248029
4067, 3.6908082430040610, -5.9915628087039536, 5.7081828313216656, 0.4379325384959877
4068, -2.2648109141729975, 5.7170732808180684, 13.2498497811830713, 0.4455610683062879
4069, -2.5078016779708721, -5.5183335308065242, -13.6703512088736598, 0.4271782866869333
4070, -3.2280148916693370, 9.9993652010258920, 4.3660739001248841, 0.4473845686274041
4071, 0.8074323707963007, -1.4416780854223454, 5.9546465985134640, 0.4220308765969316
4072, 11.7994000000000003, 8.0502916155024486, -8.6982170075390286, 0.4483525111324614
4073, -2.1279405688663888, 5.5129708744084400, 4.5362122427605920, 0.4293428780596372
4074, -6.0279756648735727, -8.1311810589524587, 9.9994248453520935, 0.4505120979257698
4075, 8.3757616084058117, 6.9130699846759782, 9.9995353303691115, 0.4497058731564941
4076, -3.2535885676833418, -0.5028727955460831, 18.9998072862189531, 0.4524545657519527
4077, 8.1638812489157573, 2.9234969438303557, -16.2975346564188150, 0.4353574548740641
4078, 4.3683234260684447, -4.1325432320388424, 5.4233621086386314, 0.4418193140152001
4079, 7.7908698898992750, 9.3125748060097511, 0.3683496234063412, 0.4473503377673987
4080, 8.6317290572491565, -1.5363871219133480, 5.7984113417617369, 0.4331278564784292
4081, -2.9193642710013865, -5.1814855649474607, 15.9718141177973987, 0.4586051797986860
4082, 3.3446654625734982, -4.8346300020924140, 18.9999881887482580, 0.4320017042772316
4083, 6.5792996662846068, -5.1110797977051572, 16.3592519692871754, 0.4383780209964905
4084, 5.8567927327909750, -5.7046370862164943, -15.2447684253641693, 0.4292640846273488
4085, 6.8204229186577283, 5.7124573520820547, 3.3041890271888139, 0.4148147863421747
4086, 6.9867604881981427, -9.9997203631814866, 5.3623847178616968, 0.4626115061617380
4087, 7.8002352617093687, -8.9144589589333965, -0.2335648806408671, 0.4676380347743582
4088, 7.8049847255445597, 7.9617365786394725, -0.3770681354396960, 0.4420900154170197
4089, -4.1716875701858793, -3.6566049050513283, -11.6411382592040500, 0.4591245339387381
4090, -1.8912601179904123, 9.4309137209639502, -9.9993024069709282, 0.4242406861358241
4091, 6.5727874684372756, 7.4939791174112758, 3.6263621290924313, 0.4401031945277771
4092, -8.1995108373896048, 9.3397528933310348, -7.6204240095268316, 0.4545518405967124
4093, -4.3300823464736320, 3.4104119646439091, 10.6619316528950012, 0.4597858129387918
4094, 5.2193677211144660, -3.4027903457374151, -4.9621616698658926, 0.4294166745914248
4095, 2.3695842638489122, -6.9798405078455774, -16.3779923544859223, 0.4332802357059151
4096, -8.1994926299636912, -7.4836362227712119, -5.4130247187037241, 0.4462221169807085
4097, 1.1260352787809274, -6.9715319180198740, 10.7071880460544833, 0.4577313859888703
4098, -5.4944597066666354, 9.9995600865352134, 5.9080420659318218, 0.4431616965650275
4099, 10.4684435896648065, 5.2791089899262298, -2.8957819615216240, 0.4377530190674800
4100, 11.7994205872483473, 8.7090803174764968, 7.9862320488995842, 0.4314460520966670
4101, -1.7337446678207620, 6.0416183270609594, 18.9758200287956278, 0.4393289807671320
4102, 9.3026119778137843, -1.3202802630935202, -9.9998094559100146, 0.4397786610731194
4103, 5.6643760241164038, -0.4009389927596574, 19.0000330788136154, 0.4421748872393177
4104, 2.4576317648119663, 9.9995101088493854, 9.9729610719655000, 0.4344165527208503
4105, 1.1035969284687079, -9.9997336929672009, -6.5737978182864829, 0.4584952077232196
4106, 3.9001131989970141, 6.6743847694017209, 15.0891722673512074, 0.4630247368529493
4107, 0.3466341783250155, -6.1858840223549052, 18.9998000000000005, 0.4464305284968161
4108, 7.1705280862119185, -5.3549381001949197, 2.7524325674809411, 0.4438881694327321
4109, 11.2045430330052653, 9.9993099588635204, 4.1563868698635851, 0.4650729814256556
4110, 8.3781753442117797, -2.3925806734494248, 12.6176684501214496, 0.4653148012785493
4111, -8.1995226301353465, 5.8041762246116235, -7.5109562273841552, 0.4885088275918271
4112, 4.4042604689979417, -6.4844710212498597, -18.9999043590323815, 0.4332767541864009
4113, 7.4515903935934311, -0.5668830879737344, 18.9999010000000013, 0.4325370441328482
4114, -7.3752697480167111, 6.1309720868992734, -9.9994052831262934, 0.4795562590096094
4115, -4.6150985026994613, -5.7098667498651361, -1.9388056267413072, 0.4625623882033658
4116, 4.1739019139078462, 6.5852902034969922, -10.6416346596981395, 0.4318565725874342
4117, 0.5399713254853343, -9.9997595353024664, 6.5014402266284170, 0.4636597613908115
4118, 2.1276867288537251, -0.1353421681092081, 19.0000000000000000, 0.4500319624708928
4119, 11.7995000000000001, -6.7206000691699073, 3.1527543532035245, 0.4489149979380833
4120, 5.6365754469441143, 5.3448764846038319, 4.6393441915274005, 0.4187572380742948
4121, -4.1986211342456992, -6.0239724372051615, 0.3160051388572907, 0.4660526028902155
4122, 4.6052755809810746, 4.2984915489427058, -18.9998150053730512, 0.4511974891653682
4123, -8.1994976172323835, 5.9425890164758046, -8.1012887168348957, 0.4890044559852445
4124, -8.1995411310590089, -8.7186394086431722, -1.3682016330515943, 0.4503273295908220
4125, 2.8884354034573776, -6.9113594217290579, 17.0843533738048912, 0.4677619989518401
4126, 11.7994240927403133, -7.5952716653689283, -9.9754049584339590, 0.4385771474181360
4127, -6.3060343306157893, -9.9994465876723329, -9.0761475507945999, 0.4708545928106773
4128, -4.9096704605731967, -1.9936928078306462, 15.7278205207067039, 0.4414058022430907
4129, -2.5106657147142326, -5.5161965039095682, 17.2504396336360060, 0.4573644955098424
4130, -4.5845195289672906, -2.8728875777640694, -17.6095156506643704, 0.4454864927581864
4131, 1.5921246091119068, 7.3146908998985340, 5.9984668913227015, 0.4558874653050861
4132, 11.7995171620186401, -9.3195939351248018, -6.7986641254376732, 0.4741189839509608
4133, 5.6523378271724827, -5.8456269357559627, -17.5972852225982770, 0.4469162612017769
4134, 2.1599113766574485, -5.2775460699820309, -6.0178194359139061, 0.4523738947205828
4135, 7.8224850287762857, -9.9997302450169769, -3.9136046505067221, 0.4429454606602631
4136, 4.5733986671826248, -3.0341670686403286, -19.0000482637336248, 0.4223623594049858
4137, -4.4854206950480018, -3.0766860426863856, 13.5391280783840013, 0.4369567509804380
4138, 1.9757755015302032, 3.8304606464371806, -6.0270556356678586, 0.4478440887241402
4139, -1.5796421339083122, 6.1616960304189963, -10.0000871608424458, 0.4254144652373818
4140, -7.5537093734699043, 3.1039452219777757, -5.1535992866627467, 0.4894651049333509
4141, -8.1995657788271537, 8.7204821788641702, -3.5922282015250420, 0.4406822115348791
4142, -8.1995706512274928, 9.9795243302241232, -2.7627456661661691, 0.4324310583511027
4143, 0.6720767722502072, 3.0492699403096943, -5.9254550598005631, 0.4446847740498796
4144, 1.5525654218421869, 9.9998164079286802, -6.0151801518579138, 0.4741240249304771
4145, 3.2400667220913788, 6.1889855820353654, 5.8430359732327268, 0.4302442564870716
4146, 6.7761405201718086, -4.9293691271418760, 12.2371328184603865, 0.4351335142660497
4147, 8.1481365013341289, 2.9522505912665604, 11.9655468793937416, 0.4778388031125296
4148, -8.1993931529872075, 0.1822573573992733, 6.0120955947140899, 0.4598131293780338
4149, 7.1546457395407543, -4.5058171362307702, -15.8526135407471589, 0.4320494605150478
4150, 7.9583095733142226, 5.5724542496188549, 9.9996650373004385, 0.4198373016748305
4151, -7.5064034434485523, 4.7868964663615827, -3.6321773186928676, 0.4384233613334180
4152, -4.1292360523742708, -3.7243076260362002, -14.3039219567033271, 0.4645938711671408
4153, 3.2477022114354335, -6.8539081788275587, 18.2997999197684535, 0.4575415686693287
4154, -5.5604289193993157, -9.9996135324233624, -5.4366188957235586, 0.4532519413268626
4155, 4.5715943167131083, 6.7068350020333751, 5.3493321954322619, 0.4382162847651354
4156, 5.5849804714048545, 1.3803021323244902, 18.9999430544503269, 0.4461301347662045
4157, 7.0535361098200520, -9.9994521373455942, -8.6189802970426506, 0.4414356304239849
4158, 9.0068832685503448, -9.9993941839059222, 9.3125648107910202, 0.4271359590959385
4159, -1.3987074221715439, -3.2736096323187178, 5.0823977740830486, 0.5088875146681194
4160, 2.9488244171477374, 4.7848552687284602, -5.8868742577455757, 0.4338155802795505
4161, 2.9567100029200231, -6.9056694522652391, -11.2152772755450130, 0.4354421461194549
4162, 11.7994904331421360, 5.0855602800811601, -8.6871553155300525, 0.4333154905336243
4163, -8.1994574201425099, -6.9699965192114393, 8.6608620486227288, 0.4420873341502158
4164, 8.7975011417488638, -0.6070172738993205, 13.7594095692615088, 0.4856876638345127
4165, 6.7266697870950320, -8.1171304648809119, -3.4291663545209587, 0.4667655343541995
4166, 8.6821360565550609, -1.3510035477008262, 10.0001484546919777, 0.4308403662639254
4167, -0.1088939071922586, -3.0348856491114047, 5.6923415503163177, 0.4802710102198070
4168, -5.7693936099473140, 9.9995259987847493, -6.4621916473309327, 0.4215918719312814
4169, -2.6223860976173432, -6.2635587168534173, 9.9997582689721352, 0.4535337024224647
4170, 2.6144341554435955, 6.9480611698943937, 11.9958770715890743, 0.4440580802369510
4171, 0.9668321248232250, -6.9670754889918305, -11.7719029730841225, 0.4420341536882279
4172, -5.7975320459823143, 3.7127002350765403, -4.7175755853514767, 0.4492136770237737
4173, 11.7995561011287649, -2.5729934708725639, -8.2876534262986361, 0.4607098448656991
4174, 4.8380632254934062, 1.4379420713932296, -18.9999449518521928, 0.4378704325650806
4175, -5.1977363790402631, -0.2678811590629120, 14.0020180945165222, 0.4465080818042975
4176, 5.0547650682409939, 7.0554781982716257, 5.0337093671161259, 0.4376669296491860
4177, -8.1981001726637412, -9.9764540613983357, -9.3702603901601371, 0.4693111056895283
4178, 2.7480149994593885, 9.3485872635357499, 5.9361033990797827, 0.4235252337831630
4179, -5.0835386808749607, -1.2660094467164928, -11.3726837636923985, 0.4329899486919445
4180, -8.1994216940433713, 9.3375836415618441, -8.3948149671679015, 0.4510763764400334
4181, 9.4296666071539139, 9.9995667906472754, 1.1244020621466186, 0.4348250611617568
4182, -3.1044889404722449, -5.0343024278505135, 10.0002034694386310, 0.4524671401378232
4183, 0.2450870936485636, -6.8231378011915291, -14.7936942395327922, 0.4699887251443066
4184, -2.0252665776990040, -5.8657111520559484, 10.0236391849844040, 0.4433598781271322
4185, -2.0665603269765138, 2.3490544354915097, 18.9998985392118733, 0.4261501969601035
4186, 8.1141397560868569, 3.7193725277804868, 4.7088838661726529, 0.4581077642896065
4187, -4.6387491619576453, 9.9996282017441409, 4.9429287527757904, 0.4410651498360975
4188, 11.7996577472031010, -4.2282714497213520, 5.2796932649319226, 0.4527236172810730
4189, -7.5495361581911586, -1.3358941971503582, 9.9994767603521346, 0.4654216080863497
4190, 1.9000844015023290, 9.9995747640551933, 7.2935860844489833, 0.4362243359238595
4191, -3.6397290464500602, 6.7583103495663037, -2.5581145571559425, 0.4335112340815106
4192, -2.4342443691516649, -5.5754599413451684, 16.4743031130821436, 0.4586051797986864
4193, -6.3651439053507772, 1.0905413021425470, -9.9996204768245214, 0.4698659071228145
4194, 5.9929126513873232, -4.7149380245016372, 18.9999010000000013, 0.4431563811001241
4195, 7.8726013737322775, -9.9995926396998573, 6.7175281683508405, 0.4347459164455523
4196, 0.7509278221683519, -2.7281585639925439, -19.0000495753464165, 0.4404539458117525
4197, -5.5194638848800066, 5.9647293831530863, -0.6284641452617793, 0.4371592961142741
4198, -5.0217407516309605, 1.5989023685446206, -10.7948738763374212, 0.4817900397752289
4199, 0.5475240272172868, 1.6810374935948786, -5.8797610532925590, 0.4233197836808130
4200, -5.1360799541048623, 9.9995643998675323, -6.0904897999930876, 0.4496402920031465
4201, 0.1695645447743491, 6.8078414813255819, -18.9720745842363030, 0.4439047866905667
4202, 9.0275709990089492, 9.9996163931315110, -5.4129218268630908, 0.4352062226253288
4203, 3.9114808447687386, 6.6766775194829311, -17.7783323601073882, 0.4452471997906799
4204, -6.3644112335814436, 1.1360377442228500, 9.9997353676200227, 0.4420665569215286
4205, 10.5011749175182612, -4.3456926843262318, -4.1338444135456811, 0.4236493496827109
4206, 7.1873868374250014, -5.4118722918381135, -2.6551870513193094, 0.4287703227871781
4207, 8.7238687453482520, 3.6218687510412764, 4.7804155695209305, 0.4617044486485185
4208, -8.1995416906514880, -5.3787414891169165, -5.2907285036523737, 0.4502648461266541
4209, -8.1995436048437700, -1.5228491758668272, 8.4641614732620489, 0.4505695645212808
4210, -3.7280547756102469, -9.9763079049940160, 9.9993159975176695, 0.4581923470086771
4211, -0.7205533538498486, -6.5778281759603914, -10.0006445123015570, 0.4874053822706528
4212, -1.9758906089718837, -5.8976825183914583, -10.6727515455733002, 0.4736175333358281
4213, 10.4399870948153701, 9.9994983452808590, -4.1836882967626101, 0.4610237701607297
4214, -3.3157007872139790, 8.4308549876298819, 3.1293590849787267, 0.4656040710765528
4215, -5.1926659893610898, 0.3707837926052552, -17.7109613497939122, 0.4515187854589697
4216, 4.8184012315950779, -7.7172386276514695, 9.9994775917910648, 0.4470280749036272
4217, 2.1079106804935881, 2.9377582429939952, -18.9999959960558513, 0.4309082082762168
4218, -4.4855327901906401, -3.0797602095808152, 17.1413992841839935, 0.4318101774056374
4219, 4.7672731988944879, 9.2256953449178951, 9.9994846118945677, 0.4448484512566734
4220, -7.4605671173426265, -9.9994734021132672, -5.2726737770792154, 0.4528185196317679
4221, 2.3364817132972431, -9.9998156885156266, 6.8850838314340139, 0.4581002567058625
4222, -5.1914075926043477, 0.6157124178462747, 14.6545789783820002, 0.4292853739936607
4223, -6.3466942484902793, -1.6392524701645783, -9.9997824720611241, 0.4396518412024761
4224, -1.8491478126041858, -3.6027652747049537, 4.7986639574508843, 0.4572114369931866
4225, -1.6552834192972103, -5.1206414028065597, 4.9280131576118720, 0.4371972633373352
4226, -7.4950889643699430, 9.9994237014730558, -0.9764068859268427, 0.4431564727741330
4227, 1.4714715073680129, -5.7998065430076657, 18.9998606087645925, 0.4181931061668682
4228, -7.5270791721963457, -3.8162761462540469, -4.6572377607996751, 0.4282338576772887
4229, -3.5265305744876323, 9.9994901033982195, -9.9769168992075770, 0.4618788613066447
4230, -3.6177497867759913, -4.4896312708951864, 10.0008767481201666, 0.4272060074337256
4231, 8.7765674119671804, 0.5700921030442893, -10.0223908651102231, 0.4534674704413921
4232, -2.0343589890082292, -2.6859841413184742, -18.9999299497322625, 0.4505240116824348
4233, -5.9131262555171338, -3.4629221393733092, 4.8958985383794911, 0.4614941556009688
4234, -3.2677693179310783, -5.0424751034709638, 3.2492425011680734, 0.4452116662387224
4235, 11.7747328158171261, 4.0470774353207331, 4.4294751035124014, 0.4529654404170594
4236, -2.0848450279222082, -5.4489032327632261, 4.5655902377875845, 0.4618765035156728
4237, -1.5521053097114395, 6.1494142421748776, -15.8822991904453854, 0.4468693815590647
4238, -3.3378673401878634, -8.7645009573103714, -9.9994887644857489, 0.4254142180067206
4239, 10.5384524257166170, -3.4703258245153559, 9.9994909906979803, 0.4421695485367336
4240, 9.7870261518537074, -9.9994840911486644, 7.3872610084316923, 0.4378154876841728
4241, 11.7995000000000001, 7.2997072458664531, 5.0357938194262708, 0.4359895414002242
4242, 11.7994998029125266, 7.4659065664187976, -0.5466711431749777, 0.4463086512576525
4243, 7.2088706161910450, 9.9995601296769259, 7.5882127885059738, 0.4730819211405694
4244, 11.7993034955164617, 9.9749131442702090, -8.6192065235968585, 0.4746223545294658
4245, 11.7994091897970854, -6.3516399578851965, 5.9725222439167363, 0.4781134853593912
4246, -6.3818668400573584, 7.0484624425039692, 9.9994544818364997, 0.4205393067404259
4247, 7.5321737170478684, 3.5298188269209421, -4.8534352926351900, 0.4218207232304417
4248, 4.3340702190693809, 9.9995741016488235, 6.7998901404662568, 0.4546827302275518
4249, 5.9206375595347565, -5.6573769487973147, 11.2400712094131663, 0.4403440556671436
4250, 11.7995000000000001, 6.3057136447398205, 7.3812627619572604, 0.4346471795177907
4251, -0.4711085767318357, 6.1732890491896564, 5.5724508981446448, 0.4356845452554090
4252, -0.9152790475181591, 9.3675959566145472, 9.9994352898388925, 0.4356528124131004
4253, -3.3294651912860722, 4.7604064338904104, 14.9672855704307768, 0.4229031614528035
4254, 11.7996283226662051, 9.9743664640594094, -4.4688178246930059, 0.4666053074057844
4255, -1.0142007604226038, 6.4087757563690175, -14.6219834170828680, 0.4333645666504183
4256, 7.8152653214533681, -3.5753660424545681, 16.3194721580736513, 0.4275014327891350
4257, 7.4534687203810588, 9.9995398138895819, -2.1217144127945660, 0.4647507521232627
4258, -6.3075989612531860, -5.1987992798739553, 3.0223089931061606, 0.4325449147711337
4259, 2.5623820749706452, -1.7996877316405511, -5.9509677943468953, 0.4500640566524138
4260, -3.4931730938574757, 7.4288042357661146, -9.9994280237529445, 0.4349731259992999
4261, -0.3861279738767956, 9.9995166157434792, 9.3711912084448254, 0.4437489513633235
4262, -1.7114976784517291, -6.0547459959334411, 13.1353691864114630, 0.4549879167052384
4263, 7.3839666002031787, -9.4139777028440772, -2.2054364524046433, 0.4482061908977537
4264, 4.5242066269052623, 6.4523353813389877, 12.6218590889482751, 0.4714247504117126
4265, -1.7241959707600709, -1.8788276225174825, 5.7147447333145074, 0.4571570714609202
4266, -6.3514004993727156, 9.9995007388224781, -6.0876085270303006, 0.4220680337764053
4267, -8.1995452739020784, -7.4420336097321353, 4.3766412524454852, 0.4289603293720843
4268, 8.6360615969669379, 1.4832078826294761, 11.9486267704065838, 0.4340679453998442
4269, 1.4516792718197986, 0.6205656413547631, -19.0000049658742327, 0.4370706970650357
4270, 7.6655550520674343, 8.6571538318842318, -1.3056651823768421, 0.4475440316995726
4271, 11.7995000000000001, -6.4501065003105662, -6.7816050087398310, 0.4679135072042434
4272, 11.7996501893088013, -3.0227125263425094, -9.4082020599259515, 0.4446939699732025
4273, 5.9968428314866964, -5.6106988373783988, -11.4322539562514827, 0.4728631081762198
4274, 0.8580496721620626, -6.6068727806448386, 5.9467074507570388, 0.4461085380453640
4275, 11.7994268451070266, 7.5243993631843686, 7.2261846391249120, 0.4437558652806464
4276, -2.9383751446095596, -1.8955639067818197, -18.9998863517630134, 0.4184540554703941
4277, 5.0491018400381984, -9.3658429498127820, -5.0466436806067172, 0.4566751872820957
4278, 6.2934913633685117, -3.6231681432022449, 18.9999013401168888, 0.4284630118087404
4279, 6.2525121221407902, 5.3139692982961888, -4.0403718861035998, 0.4433056431522556
4280, 7.2920500224088824, 4.2928401158228349, -18.9993522306757008, 0.4448161594568812
4281, -1.3372936704221277, 6.2720194711530644, -17.7614644372258113, 0.4261764725844066
4282, -2.4753549811644096, 5.5431154433701453, -13.1658301139010501, 0.4384101447107490
4283, -5.1946564750021880, -0.3265492339434903, -10.6655200701208681, 0.4223434374883565
4284, 1.0458272373266611, 6.9650912165259138, -14.3847977131109790, 0.4404353711312876
4285, 8.7277380373173301, -9.9995755620765738, 1.6399459004360053, 0.4486215429237778
4286, 4.0314017900614072, 6.9563721807457783, 5.5665688957477295, 0.4156660231881300
4287, 1.3934072090281286, -8.6013775740941494, -5.9838045499619987, 0.4754277285638863
4288, -2.4916290413222906, 1.4483640859227342, 5.8174972721883211, 0.4511353897200186
4289, -3.0981740600250172, -9.9775017601165779, -3.4577008167741408, 0.4291989932858427
4290, -4.9047933361427072, 2.0081991857184511, 10.6358328108638958, 0.4300341819716565
4291, -4.4854436254995154, -3.0768417943831405, 15.0518834934579893, 0.4466472248165317
4292, 3.4134346486757496, 8.7016749343186159, -5.8050968250677091, 0.4381517622751454
4293, 7.9832220037984154, -1.5029183506381292, -18.9998912810235474, 0.4382982237787502
4294, -8.1994994017172491, 5.5742309823618674, 8.0772240868371217, 0.4308290178544216
4295, 11.7995093305803511, -4.8313295078011773, -5.5875147607034918, 0.4658095092991055
4296, 9.7001121747287637, -9.9995582670378163, -0.2590112175036462, 0.4338338825696548
4297, -0.9091772037119694, 6.4521854961817215, -15.8546262703098471, 0.4269072699078659
4298, 11.7994217285892837, -3.9877843477381893, 4.5436498071203957, 0.4495777180474184
4299, -1.8687304381506542, -0.0097815117594435, 5.9954741886319329, 0.4560521943312826
4300, -6.8105248430464291, -2.0870070073872800, 5.6478883807017413, 0.4373031033619140
4301, 11.7994648096938235, -7.9736451807682345, -6.6941868506782445, 0.4562072077086545
4302, -8.1995562338590489, -8.6491480188242829, 3.5936003353195409, 0.4389003158868170
4303, 3.4292181931141710, 9.9996706762469056, -6.9803940405853391, 0.4402920260392834
4304, -8.1996387117350356, -1.5376512063345822, 6.4375230221334014, 0.4473802889083835
4305, -3.2995590150061620, -6.6367232200038266, -3.1580988163126635, 0.4821696750312687
4306, -5.1679382874939011, -0.7634274381916458, 15.7970620454770856, 0.4432230395538441
4307, 11.7996984550422397, 9.9808292811081412, -1.3859114578449883, 0.4421129678987674
4308, 10.5803068608020894, -5.7705821139901952, 9.9993744376345735, 0.4784343557465223
4309, 1.1519019297018394, -6.9717177039393441, 12.8123507643352337, 0.4387259169076532
4310, 7.4762622844188771, 6.0971505506016666, 9.9996515723908601, 0.4349353009364163
4311, -4.3193518283705767, 9.9995265059457648, -4.0837318537868113, 0.4509158835520182
4312, 1.3515627346317496, 6.9835403325881309, 14.2583081586598226, 0.4308717650676385
4313, -3.1855593784408431, 4.9208411164362138, 11.3317809178618880, 0.4427138438145503
4314, -4.5587755126831020, 2.9244158293426565, 13.2918058364299938, 0.4422293607965075
4315, -4.1040437916428942, -3.5979404932337538, 4.7998025785678253, 0.4543629252806802
4316, -4.5365620761634142, -2.9738822349744791, -11.8566335611127176, 0.4361906962451904
4317, 4.9441442291464739, -6.2520257645633786, -14.3557309233676733, 0.4495978810906830
4318, 8.7959292537337515, 0.1798714116251364, 13.8270971766246689, 0.4856876638345128
4319, 11.7995495408322810, 2.6254095796126697, 7.0239977648052925, 0.4456635370847664
4320, 8.5302456123231174, 6.0110374085753762, -0.3963227425173596, 0.4491222978987336
4321, -7.5154568383983431, 9.9994376850391067, 2.3296172241541999, 0.4415261940202794
4322, 11.7994981065724556, -9.9760375437486424, 7.1477436349145158, 0.4288854101539649
4323, -2.9677495379450383, 5.1437905649157516, -10.6909240230664455, 0.4477154992390517
4324, 1.3439351127376360, 4.5937493528975839, 5.9784190926010830, 0.4567385766434187
4325, 2.7444413334585072, 6.1988175786858779, -5.9225124829358142, 0.4265058560974737
4326, -8.1995181355439861, -4.7742502216213785, 8.6842867513180195, 0.4356585093100044
4327, -8.1696023162396063, -5.9941172772449089, -9.9995541064802289, 0.4410539880729474
4328, -8.1995363301659800, -9.3330590757851954, 6.1216508968745007, 0.4609192193113066
4329, 4.6793657527633759, 5.5073529478325929, -5.2904863472685282, 0.4356041768196014
4330, 8.7037149861400707, 5.5594848805964201, 2.2800324188935344, 0.4903787814273585
4331, -8.1995258476860098, 1.4813779417122754, 9.3162834878033962, 0.4346467148419241
4332, -6.5477278086394142, 1.2286541879236712, -5.8676047823614841, 0.4658017754754898
4333, 11.7996383920718309, -5.8198381221461837, -9.9732715419478968, 0.4567535775880688
4334, 6.1960372055937238, 9.9995558241299527, -8.6990639777518535, 0.4421169601483539
4335, 1.0005649086052113, 9.9994611768084471, 8.2240007947376377, 0.4553225640307858
4336, 3.1585122459242125, -0.1861935858072419, -19.0000420659622158, 0.4228824276082852
4337, -8.1994961134564832, -9.9771662254767648, -2.7917457135734831, 0.4423072877744182
4338, 3.9319102544119060, 9.9995280326191605, 7.3422461076694665, 0.4579764552040733
4339, -8.1995374720821737, 2.1139554537562915, 8.0199682910519154, 0.4573250703351502
4340, 11.7994855751250025, -6.9229679905714336, 3.9075925003929326, 0.4573312256923404
4341, -4.7798073406199997, -9.9996723537253658, -0.8263040604418924, 0.4675828722180619
4342, -8.1993354337685567, -0.3677020937682298, -6.0388504367084668, 0.4541535947162877
4343, -3.2900999970392615, 4.8030079286271263, -16.8118134834263415, 0.4406685715241769
4344, 11.7994283578595187, 3.9765882850506764, -7.9380033499271558, 0.4754801071221619
4345, -5.6195083561773647, -0.4207458478648564, 5.9904774193239039, 0.4472677159670032
4346, -4.1105048200350591, 7.1979114598987630, 1.0273022937770413, 0.4837691804013748
4347, 11.7996717158549469, 4.7300740092893854, 4.6393237993499641, 0.4264400948930007
4348, 10.5079302826212064, -3.1302117374702489, 5.1312784774959308, 0.4512675693633899
4349, 2.1531537716570965, 4.3516629107426459, -18.9999852155831768, 0.4547289250828500
4350, 9.4157065239778710, 2.8971509474004780, 5.2645446533542994, 0.4494893166340204
4351, -8.1995801840253204, -4.7159118678425260, 5.9124277102805483, 0.4443954647142538
4352, 11.7774051786304153, -9.9992305378440030, 0.5743929961036837, 0.4503601908905185
4353, 8.5720362328171298, 1.7998951732708011, 12.5903683740777339, 0.4359868746025927
4354, -0.0806351306593265, -6.0215987035791656, -18.9999295637001673, 0.4450324000027891
4355, -1.2282676994612318, -6.3023506789116865, -10.0328897860182416, 0.4843212848585059
4356, -5.0667836236765842, 1.3441930847275032, 11.8742152472714704, 0.4356579487941022
4357, -8.1773745475413264, 2.6669050423705976, -5.3765603706804566, 0.4480016412633179
4358, 3.3493095251406086, 3.3365651267763532, -5.8196533099057008, 0.4314034650367357
4359, -8.1992309356041968, -3.8031510858913173, 4.7064643014115237, 0.4757085874031420
4360, -8.1995349187841775, 2.4819935548201131, -7.6055470474433049, 0.4539100619811332
4361, 6.1836506792706318, -5.4720670721964195, -17.1634821099241037, 0.4617630801323790
4362, -6.1625958425068825, -5.7771407161369739, -1.6187646259707489, 0.4585921283564353
4363, 7.6462791235396077, -5.8724907127553045, 1.3097567053477783, 0.4424254782854666
4364, 3.9405714314071005, 0.6780409179049610, 5.9955775469307548, 0.4355723883383427
4365, 9.3163079044325663, 0.5175738168813697, -5.9953714778253415, 0.4346477219523239
4366, 11.7994501477606839, -6.9174075079632464, -2.2028535232016297, 0.4437417832394737
4367, 7.6276655896072798, -7.1163982615446999, 1.4808067367137849, 0.4571630373905129
4368, -8.1995378570866073, -3.3665082758903107, 8.7885101269120245, 0.4293404988164445
4369, 8.5133848303470305, -2.0728832813298257, -12.1878967863052345, 0.4495100352193489
4370, 8.4323216562019692, 2.2701505500474131, -16.3799441149697493, 0.4320491533444480
4371, 11.7994063651255487, -0.7172612607043073, 6.0043224379991775, 0.4504174492067990
4372, 11.0191199135686215, -9.9993813629684158, 9.3680757146317859, 0.4498385169134844
4373, -1.7022275929149588, -6.0594230490306673, 15.4410998477738417, 0.4327254061226463
4374, 9.2396348533341612, -9.9799026859118776, -9.9993734986144993, 0.4315305862138304
4375, 9.2416003432787655, -1.9006582249494519, 5.7226095631928686, 0.4408331711982082
4376, -3.7241361773042985, 4.7444714059710664, 3.6922520434332307, 0.4389811790608147
4377, 8.9356104500950995, 9.9995313666262344, -1.5691165460719443, 0.4659973093952121
4378, 2.5424736856411960, 6.9692970484981922, -18.3949823224657969, 0.4817452453469478
4379, 6.2693123115136533, 3.7314255168088444, 4.7033569597460234, 0.4322230596745692
4380, 1.7225684164950161, -3.5188874411514761, -19.0000709280582498, 0.4684014554653100
4381, 8.6618177164925818, -1.3044053110019089, -18.9998236945730987, 0.4425219018404415
4382, 11.1921000539091597, -9.9991804848134720, -9.9745858586532545, 0.4380246866733566
4383, 11.7994574359920037, -0.1193304989000678, 6.0166012956873312, 0.4575444944670585
4384, -2.6300934063523149, 8.0443616044195760, 4.0438956046824730, 0.4271320928730390
4385, 4.6413670545635366, 0.2365698367401594, 19.0000309710121371, 0.4452481040911841
4386, 6.1869195930360545, 9.9996605459130024, -5.1121230753578821, 0.4392756942738327
4387, -8.1994215709703830, 8.8210268639539766, 9.9756462681815155, 0.4606387737222387
4388, 11.7996772321816987, -2.8597581615241734, 9.3188250567450499, 0.4387345195582259
4389, -1.3833903707224589, -9.9995503875770151, -8.6781646565607602, 0.4422993561020153
4390, -8.1995613693442575, 1.3010427883654661, 6.6053002580057436, 0.4412592403295015
4391, 3.0554068947826130, 7.4330287387628804, 5.8742391544017183, 0.4276058389842601
4392, -8.1994825886985385, -7.2796428338434147, -5.9870577814103392, 0.4378483202596518
4393, 5.9303447469716746, 4.1788735800731285, -4.3542759392028199, 0.4342122583843466
4394, -5.0635364521818431, 1.1803349105388043, -18.9995135322616413, 0.4655615626534416
4395, -3.6674070005071475, -7.5146114297553659, 2.4903928661858710, 0.4499424662658687
4396, -7.6159248507207673, -9.9994999700147371, 7.8484242748752813, 0.4353007501279268
4397, 8.1755699111410660, -2.8824849930702672, -11.2900675346325592, 0.4401317738515757
4398, 11.1825530260267048, -5.6644927840667050, -2.0033784785969293, 0.4506955068023731
4399, -5.5838384620910215, -1.1883021661240187, 5.8827817911837519, 0.4333810045334127
4400, 4.2379720216148655, -6.5674943685144918, -15.4454849519626531, 0.4277665308053444
4401, -6.8340459688384847, 9.9995511531409988, -0.4875671128787111, 0.4533123596160071
4402, 9.6536723587104785, -9.4245123971904619, 9.9994246360399917, 0.4277339680148534
4403, 4.9773952052775972, -0.4640820566513956, 19.0000798724158315, 0.4431771792299774
4404, 6.6478722120426710, 5.0519078904443830, 12.4683881168294484, 0.4210266395742659
4405, 8.6599921431741453, 1.3657177439447985, -15.2967296001755102, 0.4353482716072717
4406, -2.7371978273388198, -2.5406011401110162, 5.4336815060817827, 0.4508413227958620
4407, 7.7891884495863835, -9.9995054402789947, -7.4662659714690989, 0.4499485423430641
4408, -2.5311121020396521, -0.6959000869079077, 18.9998614519419036, 0.4429261520229509
4409, -5.6744314574509431, -9.9996003472783528, 3.3586385030027204, 0.4691955633441637
4410, -8.1995239665820634, 0.0677062468875011, 9.2976512638797963, 0.4452095358930589
4411, 0.9934347538525646, 0.7916756351344963, 19.0000000000000000, 0.4411302558543871
4412, 8.8194089815622476, 9.3010243330414681, -9.9996050635429530, 0.4429149935544117
4413, -0.2815942334723686, 9.9995408369763989, -8.8342036800132053, 0.4188945014633937
4414, 1.6618830041034738, 6.9967546315557145, -11.4608477556318391, 0.4566215462906360
4415, -8.1994138210731293, -9.9726626886369942, -5.9964644802728895, 0.4745370250565206
4416, 8.4170947583565958, -6.8149100675580447, -9.9994235054658791, 0.4259466419710501
4417, 7.9831214222313394, -5.4610776262293221, -9.9996097269533664, 0.4283142335360296
4418, 2.1776183100760669, 9.9996799112490731, 6.6610621534434467, 0.4362243359238586
4419, 2.4449049312011981, -0.3287229510639120, -5.9984054437124827, 0.4649211927637215
4420, -8.1994006014020666, 9.2830957490770771, 9.2643482969681159, 0.4518919555306019
4421, -0.3185835886238724, 7.4596709004401305, -9.9997899387125422, 0.4776613203137301
4422, -3.3184306820799918, -3.7866616202769552, 18.9998364100202934, 0.4490155949712047
4423, -5.3975089411582244, 4.2585141824772643, -9.9996278392527849, 0.4314319032046489
4424, 4.0766738773920901, 0.6387116728398669, -19.0000034313247923, 0.4301467649992515
4425, 6.2888672477217202, -9.9995789806881756, -7.2617320933415215, 0.4557435210242986
4426, 1.7267696817474070, 9.9995065226271542, 8.6077883165859088, 0.4417117264316309
4427, -8.1993250039496619, 9.3464279490172064, 8.4749239767263536, 0.4506986267416868
4428, -6.8696254753191779, 9.9995388548093143, -1.9676758961171130, 0.4475413134111318
4429, -4.1935480429336387, -9.9995534931145187, 6.8492226600155162, 0.4345578173486891
4430, -7.3322562325891534, 9.4106755508544957, -9.9994841646308927, 0.4708474048692870
4431, -2.3162768221655199, -5.6716384304692458, 12.0158762393229477, 0.4363253334703074
4432, 0.9857216724481332, -3.0401521375302183, -5.9542536383711218, 0.4231440659559108
4433, -8.1995166003078594, -4.0218289265992437, -6.7642978197856056, 0.4488589725670222
4434, 11.7994907356223049, 9.3464252370081056, -6.0973794919708677, 0.4252197868017481
4435, -5.5644020897991355, -2.9689188259181467, -5.2308680656427518, 0.4496242715092559
4436, -4.5581569747402284, -2.9272132096623515, 14.2690746585967965, 0.4555699361699288
4437, -3.7042404978051953, 8.1383701523625529, -2.3832016644034661, 0.4271732223617763
4438, -3.1994435737090576, -1.5623427627376438, -5.7926248481916680, 0.4375242810870128
4439, 11.7994542350816811, 6.9885949738496960, -9.3374372173579019, 0.4636833686633224
4440, 4.1574681673737732, -4.7507655521025134, 5.5131946744816611, 0.4373492623873616
4441, -8.1995543201862215, 9.3401329477190753, -5.5011461852407786, 0.4344501863839790
4442, 7.1721954665218997, 4.5987330852748940, 3.8648872992112646, 0.4390361442091131
4443, 8.7645534422538507, 0.8541732327664219, -10.6653806131930349, 0.4390578949046453
4444, -8.1993626044820154, 8.6354280611400664, -8.7023936610752948, 0.4510763764400342
4445, -2.0829552590818170, -4.1925056653908745, 18.9998863656912889, 0.4369007349249786
4446, 11.7995196310382529, -4.0034460783825230, -7.8054630788330632, 0.4664843222890785
4447, -4.7631298338214538, -2.4498239114574991, 16.9401362723112534, 0.4471895961339443
4448, 8.5342142007437563, -1.9861416682882800, -12.9390789147652434, 0.4350417256390178
4449, 6.8493309086107237, -5.0636196515689598, -3.2365908526019598, 0.4381421664127392
4450, 5.7754677041497544, 8.0434012007416431, -9.9994598904503249, 0.4565830430833037
4451, -7.5655537100272925, -9.9995048930249304, -1.5915210725564333, 0.4454442537969893
4452, -4.1382095049261176, 3.7144602566191076, -13.8808105162037094, 0.4492683823398077
4453, 7.6934165357234239, -3.7884462925076861, 10.0249309208265274, 0.4420546581129529
4454, 7.3456853204710075, 9.3214529211930603, -9.9994659170340690, 0.4469763555535876
4455, 3.4043081728253100, 0.5233059871807703, -19.0000087836247005, 0.4358328944779430
4456, 10.4921449401291991, -3.8595444565964758, -4.6119210520047149, 0.4184480472769868
4457, 6.8598706194558625, 9.9995497233760702, -8.4223767288188203, 0.4719313400308981
4458, 11.7995000000000001, -7.4068247831031178, -6.1018290940835902, 0.4592738144384836
4459, 7.0239821079940743, 4.6626341983182682, 14.9216590902055266, 0.4280718732467794
4460, 7.2725873874010745, -4.3619986495554048, 14.7406555383272462, 0.4355635673199357
4461, 7.4437419318968079, 9.9995309353488206, -8.7562460664275665, 0.4719313400309009
4462, 4.5280690833448416, -7.1873116385063751, -9.9997648681469418, 0.4680219345905392
4463, -8.1716712386122126, 5.7687980195971029, 1.6255820337562510, 0.4583262443384923
4464, -0.3650714884126903, 6.6763968076988593, -14.5586796927920474, 0.4325321247172662
4465, -8.1994665706544847, -8.6802759105604483, -5.6363107016626550, 0.4449346901550573
4466, 7.0629156770193360, 8.2741409938895796, -2.8920106241798198, 0.4633871845303155
4467, 1.6145907579964747, 2.5082932505902416, -19.0000320264557558, 0.4434535033661562
4468, -1.7757106990281319, 0.6523299963716297, -5.9940939798449353, 0.4260111290140734
4469, 3.8432788860830680, -6.0062341160625534, -18.9998398089262679, 0.4238922071666541
4470, -0.1869730943477689, -9.9994963901715153, -9.3072150406360326, 0.4600723082150440
4471, -1.1638172787981251, -1.3731607381595687, -19.0000135534216597, 0.4293135159195753
4472, -3.3686964450877146, -4.7182856852573982, 11.9000960335418835, 0.4571980169781607
4473, -3.4183454055876394, -7.5612174631732332, -9.9995327197238062, 0.4343799906533671
4474, -4.8724867718262930, 2.5171656245188005, 5.4451214834991868, 0.4209235793258227
4475, 4.4385263050137871, -8.3339732133521505, -5.4164711102483736, 0.4566236828542139
4476, 10.6593738884150024, 9.9995031666806540, 7.2072306704358473, 0.4576891597057246
4477, 7.4053280824596408, 0.8597295418962339, 18.9999010000000013, 0.4361238028926195
4478, 3.9357778578001326, -7.7312788390468725, 5.6032989191752929, 0.4769013072166292
4479, 3.0777523331650363, -4.1166292253094978, 19.0000465351349810, 0.4316856001793454
4480, 10.0090117060446318, 9.9995076877864459, 1.2559398363805223, 0.4483532689767312
4481, 6.0141827471857363, -2.6879279623390668, -5.3529256783219177, 0.4294669337890199
4482, -4.4396334008083036, -9.3695336745495599, -9.9994592724465807, 0.4208432495068256
4483, 0.1627264466795171, 4.2003782211320448, -5.7752011499523990, 0.4239818828984405
4484, -7.3566877198765841, -6.5959975886722884, 9.9993724651327369, 0.4717473838514352
4485, 0.3858240748421209, 6.8529702230113845, -11.3016916272940104, 0.4244988114783597
4486, 8.7798545351181883, 0.6453658485349887, 18.3525928728784749, 0.4350166517109505
4487, -7.5231261977103774, -5.8092299352678998, 1.5226868260351050, 0.4884914923876261
4488, -1.7632944783099009, -4.5690401990550855, -18.9997754001942596, 0.4637466991168160
4489, -8.1994134542074626, 6.6853855013807459, -9.3244908557980413, 0.4450070831709741
4490, 11.7994599294887106, -4.1956883726805536, -7.0413171583884617, 0.4405852522031201
4491, -3.3249734408165872, -2.3181179044211242, -5.5376022816123838, 0.4576413609355816
4492, -8.1995336381917951, -0.9644627815044902, 8.7568665390699181, 0.4269806814618636
4493, 5.8907158078194497, 9.3434748976583322, 4.3922381135693467, 0.4235795339965109
4494, 2.6546179511499703, 6.9455543754120459, 15.6070710330284665, 0.4192318904656854
4495, 5.5125499080349183, -9.9768070893407810, 4.7479732966661574, 0.4349438679709006
4496, 3.9300911011642357, 6.2899391437841485, 5.6045333897654750, 0.4382162847651356
4497, -8.1995704846371442, -8.7885210180322009, 1.9297388939781495, 0.4973825555664834
4498, -3.6409127787261757, -9.3825613859132613, -2.5396473097117132, 0.4429092678984633
4499, 8.1229030730093932, 9.9996638738075738, 4.7640124487737205, 0.4297291070860188
4500, 11.7994090318861122, -1.1273043788982919, 6.7376447603430556, 0.4504174492068023
4501, -2.9678588991637191, 5.1453195218686645, -11.9035794570529667, 0.4375150992157658
4502, 8.7882198989244475, -0.7721550232468520, -11.9379268107286993, 0.4452946466738155
4503, 9.8885244053627392, 4.0893059602446842, -4.3924204227111305, 0.4386083811962874
4504, 0.6306487862508174, -5.0720632005174346, -5.9141686179673583, 0.4455186838052034
4505, 2.5714412947054033, -9.2776881602617252, -5.9467499622062272, 0.4429368247448962
4506, 11.7995319321211642, 5.7828656275855197, 7.9451577168697813, 0.4572530486770622
4507, -0.5025491505513351, -6.6211778388175828, 14.7464407057767577, 0.4503965224778980
4508, -5.0904255222605670, -1.3311705724512428, -9.9998461665780525, 0.4272178051093236
4509, -4.6561791064911970, 2.7196742600654349, -18.4293622632156868, 0.4680966070530921
4510, 5.2295299097386776, -5.5840184157988491, -4.9138848738316074, 0.4734607269411203
4511, 11.1509932676868733, -1.6488218435268363, -9.9994723019072396, 0.4188732453664868
4512, -0.5723925794959565, 1.9374205487513132, -5.6997772855991231, 0.4337874034744807
4513, -7.4739336015556352, -3.1043426352221517, 5.1486851444483497, 0.4484149263968873
4514, 8.3983974051060830, -2.3442485704733498, 10.7056233833255874, 0.4399107986280563
4515, 3.1366549438607501, 4.0589599606799105, -5.8563413272501288, 0.4394260844389458
4516, 10.9379016545517818, -9.9994014220986749, 2.9206115536014927, 0.4717711813597245
4517, -8.1995244134053866, 3.6486813814290606, -8.5167138788183330, 0.4815256223370534
4518, -3.5123915390628979, 4.5610172651026515, 17.6282175310710940, 0.4619084991201306
4519, -0.9301410719498022, -2.7930657698983712, -5.3337906753202295, 0.4488683888793560
4520, -3.5230426745695111, -0.3390983033492251, -5.9960640176216327, 0.4391951131455356
4521, -8.1995135262707635, -3.3158338403816332, -7.1806955482609967, 0.4488589725670254
4522, 2.7320150910271073, -0.4490658836791051, 19.0000303217851645, 0.4281705232885580
4523, -5.6141589565622283, 0.2798773447514763, 6.0003474270895856, 0.4472677159670033
4524, 11.7995000000000001, 7.4241496441207522, 5.7528638932922931, 0.4359895414002242
4525, 8.5662811699559924, 1.8350059242928132, 15.1383759018345323, 0.4295541080070502
4526, -6.2176507788950568, -3.2475220108445786, -5.0484009459990062, 0.4313794357889516
4527, 0.8595896698936794, 5.6619192299164354, -19.0000000000000000, 0.4519728022192578
4528, 5.0156093676068618, 6.2154445154005895, -14.2622961578080485, 0.4262910947545544
4529, 9.1265672566017582, -9.9996092034747885, -5.3529517436115714, 0.4289643692815335
4530, -8.1995164745041453, 8.0184862047788918, 4.0789465243405409, 0.4262352625194311
4531, 9.0485330677615270, -9.9994200328048670, -7.5011894034353555, 0.4548231949367380
4532, 11.7994915596748697, -9.1842902486721893, 9.3808492855330510, 0.4524738346807679
4533, 6.9071555783319996, -5.0898331957919130, 3.1866247917440145, 0.4507870376847850
4534, 10.5971805533079131, -9.9994712090049571, 1.9466395038472908, 0.4209613517039473
4535, -8.1995525872843125, 6.2200925808892036, 4.7949687180875626, 0.4304731863347112
4536, 7.7546111994686084, -9.9997578238622769, -3.1231980682883322, 0.4471076875572662
4537, 7.5330711602229741, -5.7811604774864733, 1.8066696277079575, 0.4883667868931249
4538, 7.6136499142049079, -3.9107628753202142, 15.1084095988518303, 0.4432935904195658
4539, 7.0041537392764317, 0.0414964165460319, -5.9949905618557269, 0.4251005641665064
4540, 3.1336815700927301, 3.3408430507255749, 18.9999223393550167, 0.4702509572465259
4541, 6.5092576918131364, 5.1766631806551011, 13.1531933702932200, 0.4543181783830696
4542, 5.5595094413180526, 5.0862358667606564, 18.9997021002758366, 0.4552215403436680
4543, 2.4324154595755667, 9.9995946592000777, -8.7428728578053345, 0.4457132951859548
4544, 11.7994000000000003, 7.3693512843592766, -6.7128283532345199, 0.4456986931489295
4545, -4.1285055218474556, 3.7232645586004365, 11.3101670406704233, 0.4452761431210924
4546, -2.2176000025273588, -9.9999108768730665, -4.4927838026858469, 0.4559812983503655
4547, 11.7994038533972283, 9.9631696282206850, 9.9563020751611155, 0.4248430632557693
4548, 8.7728759701168695, -0.8868619656080914, -18.3036778221035519, 0.4425219018404380
4549, 8.6921161680399717, -5.5294865630156558, -9.9995041196579422, 0.4550711682756928
4550, 3.5773672169458477, -4.6429187844579740, -19.0000125083499256, 0.4427741352055644
4551, -6.9165974293598378, -0.0594116580632210, 5.9967973200711384, 0.4364560827573933
4552, -8.1995415754938374, 2.6490578902485100, 6.1404152204660312, 0.4331865214141578
4553, -3.0369409930321143, 0.2424971918636474, -5.9950634101263365, 0.4316042403106809
4554, -3.1905361612865097, 3.3720092776912787, 4.9679425937186474, 0.4392669541456641
4555, 7.9806226102519737, 9.9995679674834115, 7.3027201509226680, 0.4489385101123449
4556, -4.1734871859856462, -9.9994585381530570, 8.0808607058028610, 0.4390535751744950
4557, -0.8724076628716069, -9.9996771696893205, 5.3985868205366732, 0.4916478405976189
4558, 8.5211750392311298, -3.5374936252521105, -9.9997658408677079, 0.4248030763795133
4559, 7.5521702999538078, 9.9996600542546652, -5.6569850873573042, 0.4778274506537461
4560, 7.6852211133093338, 3.7841470916715578, 12.3444037146404302, 0.4776870118755552
4561, 8.6331030362208949, -1.5174372143149490, 11.9702743358843851, 0.4465668908383093
4562, 11.2312228452541518, -7.8323367365180419, 9.9992456670374512, 0.4246610021297846
4563, 3.2512940558508814, 6.8460988520135349, 18.9991272801378983, 0.4598784441199406
4564, 0.5203018399423367, -2.5176170559000530, -5.8807579531705931, 0.4282543643710280
4565, -4.6872542735841227, -2.6560552334763634, -12.5041432554133412, 0.4388585150787560
4566, -2.2777579731458610, -9.9996047949668032, -6.6488797978364733, 0.4342401658590756
4567, -6.2154263365031621, -6.0023468275351846, 0.6117774556230645, 0.4625460730924537
4568, 2.8174926748431268, 4.2711544386365796, -18.9999392169654868, 0.4547289250828495
4569, -6.3193231133853258, -7.5950324920784080, -9.9994343844096996, 0.4302859022181005
4570, 11.7994000000000003, -6.7577037736156331, 6.5642998891333111, 0.4639015616607631
4571, 8.6493308465914005, 1.4294282234344322, 17.0527503932893865, 0.4396931785176627
4572, -8.1995574164548479, -3.4240794294332324, 8.1247267627610267, 0.4469933530640166
4573, 8.9593510995391750, -1.3469936754100829, -5.8435007027843726, 0.4399150220263405
4574, 1.3095400482059194, -5.1657200031145818, 5.9755456904825763, 0.4394310744389457
4575, 4.3549726580055799, -9.9997228290830513, 5.4528661066074040, 0.4224292380972077
4576, 4.2004092515376401, -9.9733186053856748, -5.4928839586346854, 0.4699863141106776
4577, -8.1747539022316875, 9.9993100021128143, -4.0420810900108792, 0.4568840532676069
4578, -5.2458541179693299, -2.6663830366552532, 9.9997371288409624, 0.4380577109276370
4579, 9.1194269399071572, -9.9995634466723633, -6.0635165669703337, 0.4304783020576564
4580, -6.8073198956927152, 5.9718459930176842, -0.7957828078180731, 0.4360894122735449
4581, 9.8247389093535435, 0.7199673258880275, 5.9860488567031611, 0.4329944256147406
4582, 7.0149001265628748, 9.1527879526162774, -2.9987944893562792, 0.4701960160373003
4583, 6.4675639369565383, -5.2158824175860783, 11.1131330201009657, 0.4539351816753506
4584, 1.5912122050231343, -6.9963952559544333, 13.3563244470628728, 0.4298144106751545
4585, -6.9149323901630133, 5.4855613779255483, -9.9994261424649000, 0.4439423417886766
4586, -8.1993782485620468, -8.8686185792855472, 9.9746123906249942, 0.4547078477869591
4587, 1.9922903770495217, 2.4489580491526293, 19.0000056557630685, 0.4695382396930831
4588, -8.1995907847150722, 8.6947600700134426, -1.5589224030375175, 0.4312629675897057
4589, 11.7995403644312020, -8.1142909704368655, 0.0654870518381019, 0.4431287794265766
4590, -4.0655185586738369, -3.8193739626878420, -17.1569098321208280, 0.4476024851148848
4591, -6.2595138185555079, 9.9994379037549912, -8.2067624230241965, 0.4866291400760471
4592, -1.4235361275882381, 7.6209457113914905, 9.9995833786974160, 0.4266848679877756
4593, 11.7996306216313496, 9.3450532888766791, -1.5646180430874344, 0.4976564261001186
4594, 0.8006968317907870, -9.9995528395787243, 8.7732484018487629, 0.4324379501074465
4595, -3.6179398734340333, 6.1429382063764146, 2.5967322798771839, 0.4652092350326298
4596, -6.3108328219991838, -2.8012844960689751, 9.9996318608019248, 0.4376386643019545
4597, -7.4974117781245617, 5.9954501043896986, -0.5604494945072668, 0.4335984516340705
4598, 7.6386687463514500, -8.0251233130043911, -9.9993654813931379, 0.4419732396911883
4599, 6.3083948090446009, 5.3577347521298524, 11.9625995910375647, 0.4354228087507976
4600, 3.8570555534002451, -9.3295999744310318, -5.6348045081343674, 0.4418862316245528
4601, -4.9719742371847122, 1.8386747314636505, -10.0309017116019117, 0.4438289460349182
4602, -0.0320586501438291, 2.7751340229404495, -5.7068158998585679, 0.4551165647168646
4603, -3.9448382383458793, 1.8456394021345728, 5.7253864924610784, 0.4294510666102310
4604, 0.7648334351694926, -8.0144715092265777, 5.9342178101742444, 0.4782892256180297
4605, 1.8615511294014375, 7.0121373972471170, 10.6843174915376355, 0.4342663107818676
4606, -3.5653443224680701, -5.3797222338179491, 2.6906545083914222, 0.4393629556476695
4607, -0.7097802803053120, -7.9765803324636417, -9.9995621833399451, 0.4472133141668283
4608, 1.3935286994856106, 1.7816400239457433, 5.9790427975702540, 0.4674903590233973
4609, -3.7552835046566697, -0.7361924157046176, 5.9848792178031678, 0.4362860701499768
4610, -4.8285734591549563, -2.2410928851297398, 12.4096187995381531, 0.4381981904951987
4611, -8.1995516241555695, -7.9262220590421366, -0.2030060865042349, 0.4404901808838776
4612, -3.5621894217022336, -5.4068464731529398, -2.7022169701350185, 0.4254074939675633
4613, 5.8962749601488165, -1.6580749481853425, -19.0000154148575007, 0.4278808509317392
4614, -5.1072739616631555, 1.1159747203295733, -12.2668821823875813, 0.4380888772343767
4615, 8.9652257641201807, 9.9995998474607983, 6.3978019034195750, 0.4258268721101194
4616, 4.8472706653829123, 6.3044601878120012, -10.6331932267225771, 0.4362637591106897
4617, 8.7086320272898750, -1.1286948933038936, 12.5759279836713205, 0.4467051286208710
4618, 11.7993877230246600, 2.9817293240586316, 5.2530322818625041, 0.4166885717257323
4619, -1.2733198516919502, 9.9990875087570057, -5.1761574789028462, 0.4508164406881382
4620, 3.1881959332184779, 0.3664146186821665, 5.9928870325764070, 0.4446404343158026
4621, -1.4513190013970692, 6.2091314252415373, 17.0826406495719958, 0.4270688498736585
4622, 5.7323272420414861, 9.9996032950620979, 6.9200748967846160, 0.4513444775657476
4623, -3.7849066072259374, -4.2351948950263187, -14.7325717018792499, 0.4388601753374710
4624, 2.1227003054953739, -9.2680095593155851, 6.0017063726902533, 0.4528313094318262
4625, -0.0043806141389922, 3.8654469645330765, 19.0000169947144926, 0.4601946581979564
4626, -5.1953389966059866, -0.4577191753479308, -12.6350205410789371, 0.4468993835152731
4627, 9.8728782736506222, -8.6118870253176460, -9.9994179569113779, 0.4670670024199481
4628, -0.7878426692642252, -4.1134873881307641, 5.4520643868203855, 0.5043969200582973
4629, 3.4200617341839634, -6.8239539117245860, 11.9459077951172450, 0.4493807777510142
4630, -3.3348159912419399, 3.6596668752847994, -18.9998479703494638, 0.4517821176982210
4631, -0.6800128806750311, 6.5495339198938725, 12.5634342112150481, 0.4308496742431768
4632, 2.0471157788367660, -9.9994435938769684, -8.7760137808146546, 0.4639720448918805
4633, -4.6559636522960419, -2.0181501611547241, 5.6775432498748977, 0.4900747274295964
4634, 8.6411789269668411, -1.4677316003645289, -15.5612245925214356, 0.4286310557435127
4635, 11.7994321675445910, 4.7565465180814144, -6.7289518564592310, 0.4487747341789214
4636, -7.4126055256053878, -9.3064533626435875, 9.9995604082744247, 0.4547078477869607
4637, 8.6014146597465793, 7.5164814486856493, 9.9994904023341746, 0.4346186268014928
4638, -8.1996040290590759, 6.6075132317170775, -3.9322916840277666, 0.4702293938182323
4639, -8.1994881222123528, -6.8120988107075373, 7.4906738654345091, 0.4694082763181162
4640, 5.2078130204160420, -9.9995437544783616, -7.9176657101158137, 0.4488307086982816
4641, 11.7994183107644641, -4.5694437368565328, -6.3946710801057156, 0.4558926111592685
4642, 1.4460650351023270, 6.9891937765282703, -12.2321172911798541, 0.4566215462906353
4643, 10.6747395418447013, -9.9994768061908097, -1.7661662952584600, 0.4259963575728580
4644, 10.0181694099906711, 0.1407331367687290, 9.9997072871544219, 0.4823761066489691
4645, -6.1542445213012664, -9.9995638009647880, -4.4945925536161351, 0.4704884666358412
4646, -1.9670959539191728, -5.9010986312574234, 16.9360555155254140, 0.4390915137432720
4647, 4.7721909311051114, 3.4301137677971312, -18.9998036259120830, 0.4511974891653671
4648, -3.0852058477621478, 9.9994995819409223, 9.3142896827284432, 0.4309712456642817
4649, 11.7995839843934807, 3.9408187130123480, -9.3087662385239032, 0.4593170327785672
4650, 2.4091948175691953, 1.7276107813986166, -5.9754546288149504, 0.4375129280874011
4651, 10.0754060812996862, 1.6108968930640442, -9.9996655354440822, 0.5036727549800222
4652, -2.5770991053802663, 5.4616462090464237, 12.5813543966688393, 0.4356164367844465
4653, -0.4681716273173903, -1.8701587722450743, 5.7107440493099970, 0.4607099279255811
4654, -4.4898129865758669, 9.9995167832626102, -3.4219844764976455, 0.4334101273616069
4655, 8.6900608662378449, -1.2484642943449824, 17.5904957633413161, 0.4710174464272257
4656, 10.5987803028903471, 9.9994873356440319, -3.5023518889124619, 0.4417783353101691
4657, -0.2366811168536803, -4.5165963329965901, 18.9999850871949896, 0.4351886796258940
4658, -7.5464636963483001, 8.1604430410507280, -9.9995201724684559, 0.4818532660043037
4659, 2.1934416720873449, 2.4511722387746038, -6.0137873100154247, 0.4467079422811238
4660, 11.0853794341370566, 9.9993752970027661, -1.0835578654377152, 0.4474569286679535
4661, -3.7273776252161377, -9.9995100000000008, -9.3755443159360894, 0.4354846659984358
4662, 4.2732811305177218, -5.7002789282185686, 18.9998116690798113, 0.4571370439220293
4663, 10.3605479163447711, -9.9994560670655055, 7.9296514194882439, 0.4475087862085105
4664, 5.4229079462353305, 9.2958371687034695, 9.9994420174029930, 0.4421840719642038
4665, 5.3528478421100401, -6.0384710697600550, -18.3198269920843693, 0.4469162612017686
4666, -1.1352174282979766, 5.6624634446145885, 18.9997311798519775, 0.4346477604929316
4667, -8.1996965282258554, 5.3528702979346079, 2.8019024207585450, 0.4392556624247308
4668, -6.8093665912306607, -8.1070666696187548, -9.9994580627973466, 0.4500903865209418
4669, 11.7994401036679086, -8.0016239738014665, 4.7702057843481001, 0.4378904547533614
4670, 10.6024857212546273, -4.5510967464880396, -9.9993729812890457, 0.4521600959085041
4671, 9.5099535470267558, -9.9995253034684861, 3.4297359653834221, 0.4245658489440773
4672, -8.1994931406718727, 6.3940477527699047, 9.2979321002076460, 0.4392668925730073
4673, 1.3291968699917251, 6.9819349720391974, 14.9384354793715008, 0.4523600596123062
4674, -1.5127384630766747, -9.9995477071339884, -6.7907459507692787, 0.4485228971413812
4675, 6.9218894817693526, 4.7885937809218380, -18.9691843321848310, 0.4450190090271756
4676, -8.1995869920684079, 9.3607076233779640, -1.7757689722195575, 0.4253032303637203
4677, 6.0339424652074767, 5.5860776136226269, 11.3942945755874963, 0.4698354624700420
4678, 8.2185881523361015, 2.8141758110032242, -10.6171803421389406, 0.4685398800822321
4679, -5.0485073086537007, -1.4666002201532569, 17.7265183026470865, 0.4519304241329963
4680, 0.5299920447271006, 6.8929329656357829, -15.8431333697316781, 0.4483039169420426
4681, -5.3062158942178810, -5.8582549317879833, 9.9995537618659274, 0.4511933221171032
4682, 9.0319602693957748, 9.9996056803719995, 0.6462555178141141, 0.4464206034327359
4683, -7.5946280232476582, 1.7699788007014303, -5.7402566143574942, 0.4532956535644403
4684, 11.2325126279677523, 9.9992891711366063, 2.6227272792014689, 0.4222269475405424
4685, 4.8763045364228441, -2.3898625755575451, -19.0000720693642542, 0.4210844508709338
4686, -0.5688490638163749, 8.6606067130668567, 9.9995205364849085, 0.4533623487329586
4687, -8.1995203429189853, 0.7227923773574767, 7.9714624577375837, 0.4349708747017932
4688, -4.8630695449836159, 0.0174797205376118, -5.9969956291514084, 0.4476359511651336
4689, -5.0798068834898231, 1.3105712993891527, -11.5308161415795745, 0.4817900397752315
4690, 11.7996980882272915, -9.9763775957260705, -4.3787442530333154, 0.4585537259733451
4691, 6.7790058086022071, 9.9996981855360119, 4.4983318547483604, 0.4381193339346054
4692, 0.9538308186160102, -5.6567220499471755, -5.9510482085256049, 0.4349094797253718
4693, -4.3634742769806580, 9.9994032876047534, 2.3873943771479693, 0.4694641077990144
4694, -0.0005562212228321, 6.7599918177451315, 11.2706117206752783, 0.4272515500555215
4695, -6.9491747871970908, -9.9995978460170054, -6.3714327822967993, 0.4948036977359199
4696, 2.7664038402611162, -3.4626312924088922, 19.0000969121659011, 0.4439261702399239
4697, -5.6941107262714601, -4.5646269572288629, 9.9995379918777267, 0.4462640355550805
4698, -2.4636154241976302, 9.9996012821034643, -7.5118464126873574, 0.4354510873462760
4699, -4.9328468888187569, 9.9994535029223552, -8.0618211127769168, 0.4378655118403260
4700, 2.7578953164685056, -3.6516155459881263, -5.9188257710918792, 0.4628753012118635
4701, -8.1995315346893936, -5.3813697207872560, 7.3306952755402248, 0.4428878966930679
4702, -0.6078653858505655, -0.2162181227336475, 19.0000000000000036, 0.4778286316228939
4703, 6.8556382688711830, -4.8580352303983281, 10.6495242917174622, 0.4860522456855896
4704, 5.0365874077633110, -3.7581383889419913, 19.0000216321595978, 0.4449537012805083
4705, 2.5633365059984672, -6.9595447271688560, -17.1552766066624223, 0.4351700460219026
4706, 10.3773631036468519, -9.9993215313426838, -7.4624952001716602, 0.4346855013454828
4707, -0.8872368216283868, 9.9988126931085741, 5.4193106914381692, 0.4399393441560251
4708, 0.6084665762067910, -6.2121946574109632, -18.9999017496827172, 0.4455709362485480
4709, 2.0667435036674542, 9.9997292282723667, -6.7535531275077094, 0.4740288580030482
4710, 0.3085785732692442, -3.2146035823734174, -5.8166220872826271, 0.4525230547270840
4711, 11.7996213105764181, -5.4792960339959604, -3.7521794569009446, 0.4390269704955838
4712, -2.0254065926298996, -0.0532902173242735, -5.9953393252743652, 0.4434752095172636
4713, 5.5305118091739986, -7.4531264281531060, 9.9994957384668623, 0.4422995153334911
4714, -4.6707708584435332, -2.7023891237345490, 11.8020272392874208, 0.4466278374593209
4715, 8.7614372079218903, -9.9996959699560772, -2.0942549935521138, 0.4623535850955817
4716, 5.1330950718157906, 3.8383034234671971, 18.9997670201522304, 0.4595425258218573
4717, 10.4718821448593022, 9.9994863280044690, -0.7492874260271868, 0.4474569286679511
4718, -8.1759309506302440, -0.0637941459448014, -9.9995798953161366, 0.4484353471328347
4719, -7.4909089681509302, 5.1722223369419806, -3.0507855496781895, 0.4384233613334169
4720, -8.1994956295440922, -0.9619743570231063, -5.9339987929999394, 0.4451927788041251
4721, -8.1762200956993354, 1.8671625277936061, 9.9995791503101508, 0.4312014142025613
4722, -4.8261597406339334, -2.2672411688363763, 10.5926893283698469, 0.4238430902881241
4723, 8.7511767104865150, 0.9348193601184919, 13.8410115222579204, 0.4433444676290751
4724, 8.4777171948084558, 2.1572869804495842, 14.5208242470773587, 0.4626614003978885
4725, -1.2032548789753408, -6.3282342623770100, -15.8651277818340866, 0.4540348254750251
4726, 0.0053866923638785, 1.0299366963372900, -19.0000243551212264, 0.4412861265322421
4727, 2.8990458290133510, 6.9147135128772907, -17.8817007819395499, 0.4438862631812904
4728, 10.6265442034951185, -9.9994390366506192, 8.6572940158314236, 0.4331085139874119
4729, -8.1995678366272227, -2.1758003607445926, 8.1031748575762332, 0.4447593412358652
4730, -5.2717411076348668, -9.9996135430067881, 3.8397699087664154, 0.4515597489597556
4731, 4.2466724794885113, 2.4647681863484521, 5.4836080664348739, 0.4666430829570724
4732, -3.4273857866189186, 4.6540434506399873, -13.5324496250653805, 0.4357889855195767
4733, 3.2897169382688176, 9.9995383095934773, 7.2410339105725443, 0.4579764552040733
4734, 3.5769356665782936, -0.7187203477687181, -19.0000989999999952, 0.4253358045615471
4735, -4.9896034468381636, 8.2264887217740448, -9.9994065493595095, 0.4379352217705680
4736, 7.4205509277621138, 7.7113575870044277, 2.1061635490241355, 0.4709420413212631
4737, 4.1727020772330192, 4.4190964098685086, 18.9998343369258329, 0.4377831892426050
4738, 9.9381404094563965, -5.8486540353191749, -1.3018015981670987, 0.4502952900914133
4739, -5.2218650969697995, -0.0199634458275531, -9.9995804167982989, 0.4511238918522645
4740, 11.7994643665676122, -6.0293223886884180, -8.7636548183606315, 0.4707042603742655
4741, 2.5637610407603377, -9.3553261834204964, -9.9995736485599682, 0.4383709168315345
4742, 1.5455355361183254, 6.9934019201411788, -14.9165696512564239, 0.4404353711312900
4743, -1.0632653160823651, -6.3871727121522062, 14.2996077015573260, 0.4487181964409758
4744, 10.2726367990666532, 9.9995150146573497, 3.2486716235455253, 0.4644109483616461
4745, -8.1996086196989939, 1.3500901588456955, -6.5438658184745275, 0.4386088581902254
4746, -0.9589773341188156, -8.5840130772386356, 9.9995363064507323, 0.4616600872788769
4747, 6.0342188270652262, -9.9993838058825641, -9.9755947837449668, 0.4770021410331413
4748, -8.1995362462576438, 5.2484522461789247, 5.9633980035319700, 0.4409669707225931
4749, 8.4108824335366563, 2.3074748287490987, -12.4757142159383640, 0.4634154849876551
4750, 9.3493619744119716, 5.9992622985479009, -0.5661776633512484, 0.4590648800626822
4751, -1.0220812982160192, 9.9995143432333471, 9.3026110663908987, 0.4488570271598833
4752, 8.1539661584100482, 4.9819035844916471, 3.3506915424861412, 0.4345706784217814
4753, 0.0539906101863357, 6.7748709498268065, -17.7295236357638721, 0.4373170055399632
4754, 3.3742463913959124, 8.0941672249504162, 5.8155979055041414, 0.4225219270161821
4755, -0.7728016371948085, -9.3131082744105189, -9.9994778564506426, 0.4581091143656272
4756, -2.9028586169426949, -8.6989102364778415, 3.7472094648694472, 0.4681980468158002
4757, 0.1917297188707119, -3.1952865407800126, -19.0000131234994782, 0.4654206961001969
4758, 7.1159498399451140, -1.9736485721515262, 18.9999535713463032, 0.4312552561786062
4759, 11.7995000000000001, -7.1975998499178990, -4.8181570985119455, 0.4490338453730615
4760, -4.1083473428397994, -8.0068068127517744, -1.0327065991304325, 0.4476863960644701
4761, 1.6544883412869469, -6.9987398079906011, -11.7808289122476300, 0.4433196674126519
4762, 1.4687305425375787, 8.3678695423259963, -5.9877348883617012, 0.4581230830231980
4763, 2.5516905599776827, -9.9995002324017310, -9.3262382258552705, 0.4292520023813735
4764, -7.4984692032312230, -9.9994529191281281, -3.8002310599720697, 0.4390681251482406
4765, 1.4054083647748046, -1.7383483712342640, 5.9827399420626577, 0.4478120521132434
4766, 4.0558525910241983, 4.3313164550135701, 5.5511019211450909, 0.4532341877666369
4767, -5.1479625584226767, -0.7963620133094707, -18.9998056085898526, 0.4451492651795633
4768, 8.7120414649389915, -1.1233882686829331, 14.9064562288342088, 0.4559047242477415
4769, -5.5842085029832687, -9.9994511335405978, -8.6519804248633552, 0.4445782537781741
4770, 4.9171720059388617, 1.6487276920750447, 18.9999269320435253, 0.4468575007791967
4771, 6.4985345143974644, 9.9994523752648199, 9.3659017873303032, 0.4618381056089807
4772, 4.5694511466987091, -9.9994708207845076, -9.2502861719994236, 0.4437080436909125
4773, -8.1732973422104891, 9.9996738818396782, 8.1314106260384502, 0.4729945453996335
4774, -3.6546378209073391, -4.4092676757667739, 12.4272911974547977, 0.4681291816256903
4775, 7.8499310371684023, 3.5180853046042917, -14.2130997628537088, 0.4344890017673116
4776, -6.2860046454763783, -1.2383982241054681, -5.8671103926564916, 0.4362239803465762
4777, 6.2740202922495998, -6.9363954909459515, -9.9995603207725701, 0.4314319877482994
4778, 2.3899301585597401, 6.9807797841632304, -11.3396480895842569, 0.4388924289479407
4779, -7.6151452476655557, -9.9994670986917598, 5.2977232089019068, 0.4255417970207361
4780, -6.2857853876501322, 1.8417907868183978, -9.9996432093751473, 0.4471802904703265
4781, 5.9541194750571087, 0.6440718075445548, 5.9985285315395025, 0.4537556635191596
4782, 8.5490781052913700, 1.8535846805590404, -10.0213249364912222, 0.4366391675082759
4783, -4.4489453682843410, 3.5924936551274738, -4.8047620714167980, 0.4379768215662926
4784, -5.4213642963134614, -9.9996875025437948, -0.7169670899950266, 0.4840864534462430
4785, -0.1700821753701161, -6.7288354287714300, -10.9531538997042688, 0.4741828482291484
4786, 2.5031891644386408, -1.0046402385079640, -5.9752337710215810, 0.4307324963796385
4787, 7.5938642819485667, -3.9516010258593495, 12.8104855070481385, 0.4428170716224845
4788, 5.4784609366194212, -9.9994004759467323, -9.9682047942704202, 0.4527777548831372
4789, 6.1097873717945763, 5.5320596215335964, 15.6201100330152762, 0.4285305846739176
4790, -8.1994875850616413, 5.7359470553108904, 9.2779353107070577, 0.4454313921569278
4791, 4.1643783046484639, -9.9995220239532365, -8.5426246370232697, 0.4418915534495585
4792, -0.9600263951561171, -6.4304105713940931, -14.3087658587623050, 0.4390451745974296
4793, -5.0531876946599477, -3.3578353139340025, 9.9997467562203504, 0.4292374858263927
4794, 5.2632328347965611, -6.1037111065885457, -10.5949919929909342, 0.4277997140523190
4795, 6.1550779995356262, -8.4200448647052344, -9.9993511806833144, 0.4460213633170132
4796, -1.2987348695016361, -7.7299280597763635, 5.1497686107818561, 0.4381980632982494
4797, 0.9924752510939276, -9.2765432759543813, 9.9995640239843819, 0.4542867058431329
4798, 11.7996977184478276, -9.9721471375897970, 3.7978220207590843, 0.4409321478193674
4799, -8.1995073658709412, -8.6415339465740857, -3.4040679292607323, 0.4493418394052417
4800, -2.2875158798977040, 5.6962381791155501, 18.9725542197742634, 0.4591671050110975
4801, 9.6124605020855292, -5.6287768448506901, 2.1218302408600360, 0.4771198549328307
4802, 1.4304915645809206, 9.9995513612586162, -9.3259294887072244, 0.4279293647504715
4803, 7.0524137484479370, -4.6220507219762039, -10.0222112714479632, 0.4191385044226716
4804, -1.4197065996285694, -8.7537823268365340, -5.0708092030434102, 0.4515718501264216
4805, -1.5193372054053345, -9.9996696347488658, 5.7941051365740703, 0.4604467630487223
4806, -2.7399329545298117, 9.9995359311797873, 8.6107611263065600, 0.4547954306340320
4807, -2.6041178010672117, -1.7860251498324318, 18.9999035397072120, 0.4425059341750384
4808, -4.1238762658367047, -7.5129715957656620, -9.9995011186427085, 0.4315076857852095
4809, 0.6618628869655965, 9.9995687820891952, 6.5575168578239760, 0.4567663122041307
4810, 4.7582856941519927, -1.1502304507052405, -19.0000989999999987, 0.4218843297138344
4811, 7.1291109941510973, 4.5380656913564810, 17.7546104306349797, 0.4789772092830261
4812, -4.6124793962021799, 2.8145182126103010, 17.6966879925802232, 0.4837973848873096
4813, 7.4735016587920526, 4.1223502799479395, 15.9597998359803039, 0.4249697061710374
4814, -0.7348368183008638, 6.5253653205421243, 15.7635750075442047, 0.4453794158311507
4815, 11.7995061316379619, -5.3316447166647150, 8.6366862006853768, 0.4533849811828695
4816, 11.7995971326561033, -8.7792999046877149, 2.1074884219981751, 0.4379068099087487
4817, -3.5305967004894385, 4.5786052859132536, 10.0005395311260390, 0.4775321873652592
4818, 8.1165610591584585, -3.0346893421218839, 16.7537382245664048, 0.4767484605607958
4819, 11.7996910693129351, -0.0412889890706245, -9.3539463456142133, 0.4829916074987967
4820, 1.1294756296052608, -8.6570132756209013, 5.9760371291547951, 0.4618824449782648
4821, 6.5570492494094941, -5.5539522940786830, 3.6779441185709563, 0.4398232826454733
4822, -4.4715406864425047, 3.0502827744129921, -18.9999010000000013, 0.4309256226804974
4823, -5.2512373883530152, -6.9602636364242159, -9.9995933371021053, 0.4649702916343638
4824, 8.2468192924291071, -3.7306721134325289, 4.7032156987910163, 0.4732658610242130
4825, -7.6099122635360921, 9.9996880845799563, 8.6426700242243921, 0.4756144369241520
4826, -3.8280189941327767, -9.9997892309885028, -3.4890140072986364, 0.4346442797268730
4827, 2.6757303248747677, 1.5088598324873697, 5.9237079522637721, 0.4318366276952713
4828, -0.7119837675252864, 8.0593959170802130, -9.9995987786236071, 0.4776613203137269
4829, 1.6232250728146018, -6.9977497638189146, 16.7712231917796899, 0.4834170464374362
4830, 4.6822561801362674, 6.3827307422578627, 17.7073756153684130, 0.4358068434166701
4831, 11.7995668105902318, -3.4568799536828831, -5.7617974899066242, 0.4479724615644468
4832, 7.4579691776404324, 4.1404345372759428, 14.6474763974076918, 0.4407082894629514
4833, -4.9277301049866074, 1.9376431233474074, -15.6308071967128832, 0.4555857267699240
4834, -0.7314203185217221, -6.5250354863631816, 16.2624981505771125, 0.4336748534736302
4835, -3.1988083191622652, -8.6637680242987827, 9.9994164410521353, 0.4661262598429505
4836, 9.0489538115397892, 2.4074967542945602, 5.4985162614434318, 0.4358732572432508
4837, -3.5241106965537874, 9.9993149874049134, -2.7975436241356317, 0.4585524951049059
4838, -8.1995201357486032, -8.6473379422293242, 9.3016022980860189, 0.4314164194997430
4839, -1.5546682536527243, -6.1475883848494774, -17.7418109007793880, 0.4662947887811663
4840, -4.3520149759191744, 3.3590332400709104, 16.9038619166510777, 0.4862745114733615
4841, 5.5163616414151617, 8.7491140504450815, -9.9994647624789703, 0.4373508799369890
4842, 0.1842274554614640, 6.8084828280103755, -13.2155953731243709, 0.4534021993365779
4843, -7.5358472236536533, -0.5503427120192050, 9.9994563454578955, 0.4654216080863500
4844, -1.7430019742276710, -9.3624315730942307, -4.8651987992694012, 0.4804412255245174
4845, -6.5040160640508722, 0.3199246094279454, 9.9996322629843846, 0.4848420702325975
4846, 7.3750322213931252, 5.6035254612399221, 2.2237424103445993, 0.4433400601511998
4847, 11.7995000000000001, 8.2654241705186777, -1.8576226336317960, 0.4681233707746115
4848, 5.8325109185110939, 8.0837547805882224, 9.9994590909486796, 0.4422297444822866
4849, -1.9169446362509825, 9.9995810817036084, 7.2933949907370010, 0.4622287585709822
4850, 9.9542271485797329, 0.6149128295732338, -9.9997514516346886, 0.5036727549800203
4851, 6.3579943609986644, -4.4981283455616650, 3.9659707381800016, 0.4751187085972986
4852, 2.1767758413271023, 9.3362898784855979, -9.9995583154739460, 0.4771343085644977
4853, -4.0086057829743895, 5.0936967446236752, 3.1722531745169764, 0.4389811790608134
4854, -8.1995353131591955, -8.5400219865092790, -2.0600024939797881, 0.4695693671726039
4855, -3.5275320372658960, 9.9995136721212248, -9.2929827286914772, 0.4660154322645749
4856, -4.5741840959422611, -9.9996824105945361, -4.7736408934717254, 0.4526635682816610
4857, 0.8023529863795542, -9.9683805387720366, -5.9423791626701208, 0.4317029845221776
4858, -5.0667392891101475, 1.3561941517647966, -16.8834311369612173, 0.4733974480810034
4859, -6.8544081923324649, -4.5943633587900488, -3.8844902401977568, 0.4384566313585860
4860, 0.6742732914683313, -6.9265603776601568, 12.3089018634510339, 0.4655132984845485
4861, 1.4632736416105376, -9.9996228696897251, 7.9044066641273618, 0.4417722208505460
4862, 7.5671141520340175, -9.9996478817278565, 3.3531464091681009, 0.4776145181011768
4863, -5.4048478930047938, -9.9994005121273659, 9.3441379376285170, 0.4521006787958349
4864, -6.9134363189072916, 4.2384406944879283, -9.9995111936028369, 0.4516378382216643
4865, -8.1994810009611747, 8.0361710291377992, 7.7554681571211148, 0.4448802369751806
4866, -8.1995070217421180, 9.3079832202430488, 2.1810285594820575, 0.4505665400458312
4867, -5.1979481861209766, 0.0102385135137905, -14.7642485431359187, 0.4765367433170476
4868, 5.4882599458043027, -0.8190254196558387, -5.9721552775911739, 0.4615209370166622
4869, -8.1995485230243226, 8.6765970913080359, -5.8469891350563259, 0.4354366196844144
4870, 6.1387488057245569, 5.5078940008966457, -16.3732289823072605, 0.4301481436268255
4871, 2.8082373171558475, -8.7557592186056397, -9.9996205746167366, 0.4383709168315368
4872, 5.9210772522562918, -9.9993840776217784, -4.3916885521145606, 0.4438884861607830
4873, -6.9558730107875419, 9.9995528791664690, 8.6952599579830885, 0.4350332817859748
4874, -3.4141155851425182, -4.6678494578853993, -16.4881010989916561, 0.4203563627412594
4875, -1.7678810310969062, 6.0224261299046029, 17.7076085309818403, 0.4288290839518734
4876, 9.9284135342880901, 0.8347243115521072, -5.9579695153962620, 0.4370034978710348
4877, 10.0537864226943725, 5.7468992804442580, 9.9994405056752669, 0.4829993167960612
4878, -1.7347924049833614, -5.0543204558911148, -4.8586043287537040, 0.4587903211004062
4879, 2.0087202472404457, 7.0194664358445689, 14.5827448091909915, 0.4309099079018792
4880, -6.1263305114846931, 5.9235406066195431, -1.0514119708301053, 0.4371135922516505
4881, -2.9949525239553627, -5.1230053683639118, 17.5219216755196818, 0.4499696749439934
4882, 11.7994442385423568, 9.2838535502901038, -7.4609929664969385, 0.4464934571077933
4883, -5.2455346882790606, -9.9994541411125351, 7.5398416023117383, 0.4289650871611330
4884, 11.7995000000000001, 7.8612691289030554, 4.6394895961346423, 0.4455071562790471
4885, -3.9160890490335860, -7.9202546210848093, 1.8811957297187407, 0.4629669710755648
4886, -5.5553136003146051, -5.0836695840764916, -9.9996992592548821, 0.4480935506354187
4887, -1.7608506575349854, 7.5947990835366852, 4.8328571235179929, 0.4190746676047887
4888, -0.1479327523385024, 2.3854494042771552, -19.0000392734461876, 0.4275054624270470
4889, -2.0629155695073824, -7.4263973197583617, -4.5879728986477639, 0.4590701637645065
4890, -5.1359006708074570, -0.9306317155166286, -17.8238265195440100, 0.4220360833531460
4891, -8.1732275196536825, -9.9994170205502684, -5.4357520368537715, 0.4782543283066076
4892, 5.0544676431721314, -5.9758277271864371, 5.0382884633164799, 0.4392371951120191
4893, 3.4334873250829707, 9.3335091586509353, 9.9995478465270278, 0.4179814153747328
4894, 6.7579696706507066, -8.6444357752574810, 3.3814552679882337, 0.4512180549568043
4895, 3.8416963889667533, 6.6906544738567977, 13.5515734264612497, 0.4267152181696506
4896, 11.7995326479500147, -3.5111656146723225, 7.9995294320313315, 0.4377483441949687
4897, 7.7068127513720741, 9.9996576220161284, 6.1435474594097510, 0.4313345694079204
4898, -3.3892768943581992, -9.9720353911624855, 2.9980587497397773, 0.4683348146535714
4899, 8.5817235001072305, -1.7546278954208447, -13.6389338915474223, 0.4394527226379472
4900, 4.2287191448886805, 2.6895731094774891, 18.9998880353491302, 0.4407619003157482
4901, 7.8250655120129826, 9.9995205536453824, 7.9831063764517047, 0.4373183496000464
4902, 11.7995954395774003, 3.1384023490013351, 8.7564955803542368, 0.4408938026623959
4903, 11.7996209706223780, 3.7198527520521578, -5.6435070060064305, 0.4686566280368508
4904, 6.3196875827006274, 9.9995822643450296, -7.9497170017129672, 0.4372979349764136
4905, 9.7634337351382445, 5.7080465046154067, -1.9010403287522257, 0.4355819699320823
4906, 5.1486102739636594, -9.3198419049830417, 4.9787169371319902, 0.4464368997304294
4907, -2.4551722839794561, 4.2648777183402817, -4.2398021623529569, 0.4553242520995653
4908, 11.7994000000000003, 8.6377918246323695, -8.4325792125792294, 0.4626749426875130
4909, -3.1774981707840850, 9.3307262993052067, -9.9992791954172411, 0.4290301894186592
4910, 7.2647474751830465, -4.3757750172952745, -10.6815577478516897, 0.4276302202487277
4911, 6.3560620185296255, -5.3143656099609204, 18.3192124835751358, 0.4284828864209414
4912, 11.7995538362258880, -8.2269437232941343, -2.9382179734514855, 0.4383043971029053
4913, 8.7127858832960658, 1.1153033727473889, 15.1354754677035626, 0.4327841385008705
4914, 11.1190495003728973, 0.5202227981921013, -9.9995486531827691, 0.4412256457529095
4915, 11.1096674533666029, 9.9993026690945701, -6.0660071925442169, 0.4582087764983740
4916, 9.8489050580861477, 5.4080880737734098, -2.5961648294539916, 0.4355819699320814
4917, -8.1995107040798700, 1.6461159287791383, -9.3763056137380882, 0.4673792119654373
4918, 3.6704192976103509, 9.9997113904547099, -6.3830011294284308, 0.4401855988311856
4919, 1.1533765826540361, 9.9996513204609787, -7.9749891582075323, 0.4964068987430577
4920, 2.2283226965726208, -9.9996675367326766, 7.6171372373858128, 0.4389833080439998
4921, 11.7994131919746632, 4.4275084505851643, -7.4065348961147270, 0.4754801071221632
4922, 7.7960123809391915, -9.9995506918587456, -0.5060188590833570, 0.5057559133172335
4923, -4.4336609793870698, 3.1822358700416529, -14.2652387794788442, 0.4416058024527474
4924, 4.1485186980395357, -6.5954920637866890, -16.1825735417549232, 0.4415083978891521
4925, 0.6231458772427129, -6.9206562545375903, -17.1320092472582601, 0.4532404205095659
4926, 0.0884162098007021, 6.7848308153962762, -15.1992483151936444, 0.4483039169420416
4927, 6.7314748299906926, 9.9997363222840434, 5.2170004442543885, 0.4337698383186253
4928, -4.2648239159279440, 9.9995017832049164, -8.1112281125204966, 0.4378655118403244
4929, 3.1189724388536928, -9.3597718503158376, 9.9995117299271925, 0.4439671573672994
4930, 11.7995000000000001, -5.3650652564338479, -7.6978898397442563, 0.4651224221778131
4931, 8.7988995683904729, -0.4052641056950597, 12.4941178929750354, 0.4301655170400158
4932, 1.1319373117844553, -0.5015188940727751, -5.9899034461993743, 0.4502973139759268
4933, 2.1867523665380704, -2.0990978101113082, -19.0000989999999987, 0.4406949603920259
4934, 9.1875108605888389, 8.6081937116715803, -9.9995197986197564, 0.4657995363582210
4935, 10.5637730031789978, -9.9993730660074682, -8.7724761332919918, 0.4307633565809340
4936, -0.8883730537581431, -2.0455062970370341, -19.0000787443807333, 0.4348802189720724
4937, 3.3751039308718824, 6.8393558232822391, -17.4580964766644620, 0.4452471997906792
4938, -6.9660687973920830, -0.4613409224372397, -9.9996866211735700, 0.4785774678770623
4939, 3.4354488758744131, -9.9996369611390481, 7.9151619484193159, 0.4406379493647569
4940, 1.8398152151806453, -0.4201767778442136, 6.0161025437294837, 0.4510109229230982
4941, -1.3742615497081145, 9.9996674441456932, -5.8932285181446895, 0.4440734678263216
4942, 6.3164087135094897, 4.5365354945318295, -3.9518512803842794, 0.4436362232386671
4943, 1.0914464904901138, 9.9996683592798306, 5.9757688449837385, 0.4323194623778577
4944, -4.5932659548646315, 2.9482525142610014, -10.0000807056525893, 0.4327420548417364
4945, 6.9336496632521261, 3.6584457283076564, 4.7507870323092298, 0.4378933753974217
4946, 0.5921220864159915, 1.5187074496289865, -19.0000594952518540, 0.4258203339085616
4947, 1.9959680225730536, 5.0894010975304891, -19.0000000000000000, 0.4297484915273872
4948, 6.7930133243656314, 1.0894741124206275, -18.9999656873284835, 0.4443181949829205
4949, -5.2048686926687369, -0.3447082002570083, -17.5585854727683639, 0.4586237586029659
4950, 11.7996973239562610, 2.3029641527526445, -9.9677434573834489, 0.4786125122491984
4951, -1.8275539508732608, -9.9997464061838279, 4.7964905715833650, 0.4616746801843503
4952, -8.1751517023069891, -0.6746391247704513, 9.9993659688679379, 0.4654216080863511
4953, 4.7152322570110332, 8.7696093382716516, -9.9995153533592340, 0.4473343698230899
4954, -8.1994440941842317, 8.0985892667107890, 8.5575136834529975, 0.4686992266496949
4955, 11.7786382704340369, 4.5249765137834448, -3.9559889089575133, 0.4557026001175565
4956, -1.6006732147467120, -5.6755227534273143, -4.9623865176858208, 0.4688403392704910
4957, 4.7183934740798152, 9.9995800139507889, -8.7164653874816160, 0.4480693685759972
4958, 11.0616229615540167, -9.9994543154725104, -9.2841820119552221, 0.4568798068476204
4959, -5.3655298459623051, 4.6766219599753791, 3.7864811030308547, 0.4558807101696463
4960, -5.1028020308083191, 1.1459248080482187, -15.9891535390536017, 0.4733974480809930
4961, 11.1463375344193256, -8.5286331441837699, 9.9993523449464430, 0.4507872130428090
4962, -3.4395679505374783, -0.1271273453910306, 5.9959256108362871, 0.4589245103446692
4963, -4.5348571357219010, -9.9995865243710398, 2.4727710234037645, 0.4428000732523524
4964, 11.7994000000000003, -7.3008159122214797, 7.2446216725509727, 0.4522068255981683
4965, 4.7306990197970515, -2.1753913726403944, -5.6114688915938071, 0.4726420205983308
4966, -8.1995507012742870, -2.1109771622429365, 8.8181530854859833, 0.4594100339264992
4967, -6.4434556685281947, 9.9994467226350068, -9.3532055133269782, 0.4304559934561432
4968, 8.3638229035896217, 2.4998795299607526, -9.9998757751819056, 0.4221842402584360
4969, -1.0923448949744330, 5.6770603478475552, -18.9999071408751767, 0.4815027816349208
4970, -2.6276732143921357, -3.7013205841590944, 18.9998843186555888, 0.4130843016743094
4971, -8.1996545436205572, 4.6465311535674010, -3.8542012522589966, 0.4319004991179003
4972, 8.1719447660235609, -6.1318208650940482, -9.9995076183993348, 0.4334897958398955
4973, -5.0341303696906072, -4.6269931050204285, 9.9995937142890341, 0.4624770991657298
4974, 7.5434428004227367, -9.3318030254485471, -9.9992993848668981, 0.4265459846657666
4975, 7.1304077269608381, 4.5373892872382084, -16.8858218468671595, 0.4557382103499477
4976, 7.9134108535263357, 3.4100969825149057, -12.8416745424732515, 0.4605841448679948
4977, 11.7993842647043667, 7.4840881295467234, -3.8669145036365524, 0.4374257745738175
4978, 11.7995410133514760, 2.0354322977077395, 7.1595723260903830, 0.4567768460110296
4979, 2.4862804124457067, 3.4707014899068249, 5.9624764306087012, 0.4278106072371349
4980, -2.5862452006683871, -2.6079083537455365, -5.4012432422586878, 0.4576413609355819
4981, -3.3318249487546545, 9.9995415632894762, -5.8658710548545807, 0.4386284661562827
4982, 4.2806914338459947, 6.5511411278695864, -13.1137619300990220, 0.4397923292868220
4983, 8.4476114764606880, -9.9995626256826515, -6.4500374647816701, 0.4339959663951155
4984, 11.7994000000000003, 6.7313166890734708, -7.0130237529762827, 0.4614959506032260
4985, 3.0471696337768361, 6.1706589233496087, -18.9999527420577756, 0.4586309113216830
4986, -3.4457510658098536, -9.9995810176672713, -6.8936969853297878, 0.4525697042270277
4987, -5.0318750974775037, -1.5946523423233787, -17.7145595406846574, 0.4318879475336625
4988, 7.6307810499031774, 8.7246596139959500, 1.4461357990218853, 0.4413604798209101
4989, 7.7739054264804528, 3.6435137465549245, -17.5931946982489258, 0.4404063759893973
4990, 8.5637020547666030, 1.8931349340981467, -11.3500684915896652, 0.4524556825986016
4991, 11.7995452459852572, -8.1700330141745603, 0.8491207884549933, 0.4550769780624278
4992, 10.4689892657180561, 9.9993962174411770, -7.1422188216171048, 0.4632582461664558
4993, -5.4686041508688330, -5.2203250565487886, 9.9994791878706444, 0.4462280166341693
4994, -4.1265446582548257, -5.9532559934843041, 0.9337195456034254, 0.4373893128247179
4995, -1.3327087078040674, 0.0319733605945878, -5.9958664714764121, 0.4278300862243367
4996, 11.7995368149951254, -2.7433148684209132, 8.0685375347018766, 0.4535017765547307
4997, -5.9662819690290538, -5.8648505406803881, 1.2394766362488052, 0.4625460730924561
4998, -4.8199777672926976, -9.9995980233317887, 1.1629414578555584, 0.4383187096992754
4999, 6.1760735622239782, 5.4801990463392203, -12.6171998114750465, 0.4575684735086484
5000, -7.5066095773082866, -7.7447546686894304, -9.9995229930272984, 0.4551694637741642
5001, 7.1023029261665789, 9.9996204034582306, -3.9262910774212529, 0.4581124007235661
5002, -6.1589108306010978, 4.5524873365599321, 3.9319378348887670, 0.4349464535416649
5003, -8.1995127703750637, 3.0234311253159625, -8.7685857953509565, 0.4815256223370556
5004, -3.9443075982631388, 3.9972960892118166, -15.2020038918289835, 0.4376667902894962
5005, 1.0166628082664853, -6.2837956602015810, 18.9998132197593961, 0.4678557792434898
5006, 2.2067049648631696, -9.9826397521260386, -5.9863764778724118, 0.4499028759212863
5007, -6.5808089856974776, 4.8692520757300217, -9.9994640993965422, 0.4439423417886721
5008, 6.2285063952879680, -5.4296020025331959, -16.4174279026729479, 0.4282173458751274
5009, 11.7996449576820410, -9.3434264080635785, -3.8049698674866792, 0.4724426331892464
5010, -2.7847650871677092, 9.9995067448220123, -3.9186218520635672, 0.4373899476751842
5011, 9.9018430549712253, 1.7017329924627593, 9.9996589415033803, 0.4426343405431893
5012, -4.1965329475546165, -8.6991526290555630, 0.0322639952510915, 0.4343702372752890
5013, -5.4566954918604615, -5.0208111146049470, -3.2927275422574405, 0.4733090313720364
5014, 9.1903532880563468, 2.5423317526470752, -5.4310516548209433, 0.4317764752397214
5015, -2.3703712569586566, 9.9995368244569800, -8.8065775389817880, 0.4369291178333554
5016, 5.0123109252398841, -1.6142731984453689, -5.7757109815624350, 0.4610254502423417
5017, -0.2715681049603494, -2.1441000817225402, 19.0000989999999987, 0.4436756570909124
5018, -2.4545646092108804, -8.8103445982071005, 4.2328833997322750, 0.4581739442282757
5019, 1.6691351268988861, 5.7556272470864549, 18.9999504756568705, 0.4671813669411362
5020, -8.1994997308199107, 6.0957412290353528, 7.7228727248189202, 0.4572943467544217
5021, 4.9480305107471985, -6.2501340759175203, -10.0241078333362630, 0.4722325622956457
5022, -8.1994889742097605, -6.5578821226154318, -6.0876552994371078, 0.4378483202596513
5023, 3.7223550643860874, -9.9995388777898864, -7.8479171728465049, 0.4516926478912842
5024, 11.7996391590448972, -5.9455474414594809, 3.1642322387695150, 0.4489149979380831
5025, -6.9111714253639063, -1.5629004735067928, -5.7895708819090110, 0.4320067710872121
5026, 3.6211628227067374, 4.5391092789088496, -5.7364906278323362, 0.4350151487943115
5027, 1.4731969524915030, -6.9900394127449381, -15.4891842546938996, 0.4513014849545099
5028, 11.7763148808958231, -9.9990088314953560, -9.3867086986844352, 0.4656472604866826
5029, -8.1995964293047994, -3.2623037555022685, 7.3204812277544065, 0.4756786092600632
5030, -2.4675523106591863, -3.0200743893216346, 18.9999957570551672, 0.4130843016743102
5031, -7.5665522314718761, 9.9994750783338926, 3.7865032824846705, 0.4492175592928633
5032, 2.7105101681420041, 6.9418250242342090, -17.2142620994576134, 0.4211690335163350
5033, 1.6313878767258356, -9.9997119220314374, 7.2550180293920654, 0.4320880057568872
5034, 11.7995156181725420, 3.2077018676517679, 7.3994860152383843, 0.4261736243452606
5035, -5.0348400419886925, 4.8550900869865945, -9.9996117717462969, 0.4357227545661003
5036, 8.5042824666158534, -5.9961344778598722, -0.6207689489973417, 0.4340217912414111
5037, -8.1994978761299784, -3.9530869667469806, 9.9780870374765076, 0.4340635532888376
5038, 9.9477970841929810, -0.1536820440232240, -9.9997672105183586, 0.4246186935977787
5039, -2.4056068141871871, 5.5999377693755790, -13.8652181416145321, 0.4356962847678419
5040, 1.4050538859490669, -9.9715952344046848, 9.9994926713379400, 0.4483226653824650
5041, -1.0857856639799284, -8.6595635415678451, -9.9995085115983162, 0.4360380797757913
5042, 11.7996786225890062, 0.7902720742609224, -9.2806240514172327, 0.5113523234813228
5043, 1.8379705903050125, 7.0121166997355528, 11.8845087116717743, 0.4349964988530724
5044, 6.2227570253116422, 5.4412738419806947, -14.4069447483773114, 0.4300365050240498
5045, 3.4164124700846745, 6.8391536371337693, 5.8044942748437522, 0.4237573312986389
5046, -0.0372691028706699, 8.1303685097769396, 9.9996029093423360, 0.4340062646570286
5047, -3.9074990098650333, 0.9215220802098602, -5.9436838870763005, 0.4454840911002241
5048, -0.7221342782007629, -9.4079206873921848, 5.4439447257003390, 0.5038331537540792
5049, -3.1254983048449443, 2.8962999242991159, 18.9997642808359544, 0.4594557716090220
5050, 3.5052340857500623, -6.8120914615245907, 17.5379870140837255, 0.4677619989518426
5051, 4.6615432195535167, 5.2829765277081453, 5.3056174339985169, 0.4280522375269632
5052, 7.8685477254485718, -3.4888527703747592, -14.2228462875768784, 0.4382544031090336
5053, -1.5623773758253177, -6.5218079386349066, 4.9974962026972074, 0.4317069004223273
5054, 9.3616974106626358, 9.9995775142142413, 3.8427792272799088, 0.4463699591427284
5055, 2.0934811993206703, 7.2640569000000923, -6.0274644730922136, 0.4468276121925541
5056, -2.4681307470979981, -1.4099617088019638, -5.8284908137799665, 0.4463050316476920
5057, 8.7926052565770529, 0.3620182740526128, 11.2548101091698172, 0.4592168880657888
5058, 5.3332214986047886, -6.0588612334349259, -15.5554613782210662, 0.4238723314386011
5059, 10.3919564777260227, 5.8082313950408713, -1.5285314162574677, 0.4522572642477485
5060, 1.2959565115636953, 6.9816243047416497, -16.9574039958113438, 0.4685828232667473
5061, -1.7537258047407442, 3.7060104221510675, -18.9999197731256011, 0.4445181811383046
5062, 5.9742844382277323, -9.9729250310846691, 4.3003929235250711, 0.4448883919456547
5063, 0.3698138117028256, 9.9995898069818043, -8.6062790236819087, 0.4955998026316507
5064, -2.3894797346647310, -9.9997140477456554, -5.9301641476046418, 0.4305673181294116
5065, 7.2895442654618519, -9.3539718774321319, 2.4211373229191819, 0.4409224201925783
5066, -2.9794142805179296, -9.9995097097789216, -9.2752734810364448, 0.4934898001537779
5067, 8.6402409556351465, 1.4693229033804955, 15.7637885303632199, 0.4327841385008691
5068, -3.8347305489388148, 6.3380570172997812, -2.0440104642084900, 0.4299838786071635
5069, 11.7994784397051600, 5.3419635114762309, -5.3981843595081580, 0.4581846083848507
5070, -1.3370448369290138, 1.7511221848773519, -18.9999534442133680, 0.4435427997583603
5071, -5.2041996512665545, -0.5354049653987721, 11.3725102124041371, 0.4491679643836938
5072, -3.3051481656607615, 4.3367358110673644, 4.1434851099734296, 0.4381342104254540
5073, 4.8042200655641976, 1.2127964336544830, -5.8753639133764421, 0.4206778424662891
5074, 9.4037081271983070, -6.2142339189591365, 9.9994261901680019, 0.4484743618191910
5075, -7.5648178682872702, 3.7871710478551042, -4.6667374405179052, 0.4894651049333526
5076, 7.2250151955708946, 7.3275086680467174, 2.5816448920301940, 0.4231413116735231
5077, 5.0135819266365669, 9.9996110637853004, -8.0373726287402913, 0.4480693685759928
5078, -1.4299638067682354, -4.0245435484315379, 5.0433675816332304, 0.5088875146681188
5079, -8.1995504209406143, -8.8016296850191296, 0.5056937805869274, 0.4446775465523543
5080, -5.1385303885004499, 0.9332144256373291, 16.4677617706322224, 0.4372973513219756
5081, -8.1995410751371889, 8.1673368152829191, -4.7398014540329241, 0.4212501424428251
5082, -2.5497096130479977, -0.0667687019948046, 5.9954057883985135, 0.4589245103446699
5083, 1.0604499127107259, 3.4456647816419825, 19.0000726783517067, 0.4460885365395967
5084, 4.9765041697325385, 6.2053114309344579, -18.9998380337364985, 0.4444442031762863
5085, 7.7684930442783040, 9.9994632112687150, 8.7028489237514322, 0.4458429486906803
5086, 4.9831842296493756, 6.2323249713553457, -13.0795044358001586, 0.4323173589187329
5087, -0.5261192422300234, 6.5683666310081517, -5.5626427330198149, 0.4317873559507547
5088, -4.1653489687578764, -3.6695780827002120, -15.8249788431856722, 0.4334182323466160
5089, 0.4769566328089350, -6.8871537768163416, -18.9768574858368453, 0.4406844876506376
5090, 5.1394412923444852, 9.9995428712964536, -9.3765314960646418, 0.4338052178636352
5091, 10.4519845583532778, 9.9994572345143258, -1.5654357449296255, 0.4824050865360882
5092, 8.7542107183922884, 5.6260577683305302, -9.9995763505546869, 0.4587602395033279
5093, 8.1075076078373414, -3.0618296413343504, 16.0734356510789951, 0.4422660658874067
5094, -8.1995513211695190, 7.3123691225527354, 3.1059750873028724, 0.4422359349444624
5095, -6.9046644578322907, -4.6974662554351081, 9.9995287107462385, 0.4328932127592424
5096, -1.6936674883876737, -6.0661654150921693, -12.9684866931040297, 0.4307871112691329
5097, -2.1561512507163152, -5.7874019738235880, -16.6950225763274069, 0.4507234836417769
5098, 11.7996392471093543, 4.9942902098712691, 9.3040650557738775, 0.4528159971959442
5099, 7.1692598467794975, -0.6396036578263080, -5.9939721463372724, 0.4378451106976999
5100, 11.7996401323362434, -3.5683063826793626, 9.2907567304356142, 0.4487274720909675
5101, -5.1038671583636432, -0.9488924074962539, 18.9994301594825004, 0.4502494020721555
5102, -1.2253769724026951, 3.0070854444466528, 5.1946860345350014, 0.4788870735133408
5103, -8.1996456429025368, 5.3722844783844472, 3.9513927588479989, 0.4366034243904128
5104, 8.8084842792525517, 7.9929260998405267, -9.9994566659286903, 0.4714229875050175
5105, 4.3780538141993821, -6.5269710344797041, -11.4223660036211783, 0.4602901495431493
5106, -2.6851994749647186, 7.6328540978544153, -3.9840149297524556, 0.4506438660297144
5107, -7.5436112276612866, 9.9994557191868534, 3.0368526368092494, 0.4392478426882679
5108, 5.1650137560943330, 1.6043135601806111, 5.7807952259535451, 0.4507051634564365
5109, -4.2980629655560643, 3.4667898032078623, 14.3834563024185229, 0.4658292978442841
5110, 3.9755315370645499, 1.3204046244308949, 5.8507559181043236, 0.4398938108967890
5111, 7.0736452646833925, -4.5998319031074129, 18.9728250948830848, 0.4506473634687984
5112, -8.1995165994734922, -5.1374423917340790, 7.9959785134260279, 0.4428878966930690
5113, 11.7780758497807998, -9.9991633216586067, 5.1305250018877553, 0.4334356084999594
5114, 7.5675197725253636, -7.6923328957419912, -1.6516707400985109, 0.4404628973960081
5115, -8.1671453550693851, -9.4183927220284165, 9.9988726214183039, 0.4523767024475614
5116, -4.5980021936019968, 2.7653538938927182, 18.9995362576795479, 0.4533574748823332
5117, 2.2724630524351941, -9.9994839939476385, -9.9785323237601098, 0.4174034280258191
5118, 3.5963209442516613, -6.7711106624246984, -15.6887986662220964, 0.4277665308053451
5119, 2.2001919972225030, -7.0204881614409107, 17.5689390024902785, 0.4838070369981206
5120, 6.9797099705450494, 9.9995176375759129, -9.9784700508436508, 0.4559962739017538
5121, -8.1994199911087584, 8.1513465056542529, -8.0679763199900485, 0.4528135560990521
5122, 7.6951713577939573, 8.6536351960004385, -9.9995383144302217, 0.4479108718939339
5123, -3.4878146905577307, 9.9994375954740153, -5.0264522368288382, 0.4554352512937993
5124, 11.7756122469830107, 0.4911703303367726, 5.9892632670454162, 0.4353604075026625
5125, -2.0183595770436389, 1.7178404679413135, -18.9999047356892135, 0.4289564725528321
5126, -8.1994662535473584, -6.5714495533054533, -9.1395182696534718, 0.4599254478265739
5127, 6.8085687753861990, -4.8987339746789003, 11.5509029743782303, 0.4539351816753518
5128, -4.6877295486681723, 4.2381160088371708, 9.9998620518495454, 0.4518262751543484
5129, 4.3410762187100325, -6.5326473725300653, -17.7510331556335395, 0.4567183284051853
5130, 8.3500747961436925, 2.4566858826362634, -11.8104051380389574, 0.4369359888262157
5131, -8.1995331350065861, 3.2358856232424666, 8.7018772571121250, 0.4250286235042785
5132, 2.1151233691620215, -2.5287663228666086, 6.0259401703817241, 0.4654991694114559
5133, -4.3640744510705396, -9.9993932447078961, 9.9757695980966155, 0.4522989895012020
5134, -1.3882979769870705, -2.4476773731843355, 19.0000858502533312, 0.4265526543519842
5135, -0.4765021430454660, 9.9995392070201010, 8.6803927288906308, 0.4586947970401655
5136, 8.4525097251571619, -2.2332782628494647, -18.2111543425856901, 0.4470782939591919
5137, 11.7994758679376428, -7.0386856905681210, 1.6489414079296218, 0.4263847992684403
5138, 2.4386099235154979, 2.9799923816123481, 18.9999733033573435, 0.4722627510632390
5139, 8.1743436864961616, 2.8970152995073954, 14.5625973070699164, 0.4626614003978897
5140, 11.7994999999999983, 7.9823022467352605, 2.0150392913841224, 0.4578120466904100
5141, 0.2114437141537865, -1.3909629162213242, -5.8180341284137844, 0.4339114858394274
5142, 8.7639297775187970, -4.6930049562334357, 3.7741903192135200, 0.4362174743575066
5143, 11.7995629828248223, 9.2595385786775637, 4.4252979235250933, 0.4871460597850426
5144, -7.5191292477808416, -9.9995186384698371, 0.5916808787592768, 0.4377073317944894
5145, 11.1402936314970837, -5.6099140388215458, 2.1589625887491026, 0.4432238676604617
5146, -2.9675870215276854, 5.1433520166236582, -16.3073126168358691, 0.4237450704683474
5147, 10.4991656546928382, -5.1451010829138477, 3.1201699921718316, 0.4388881381178535
5148, 2.6711733716629706, -7.4635793897674612, 5.9336915863690054, 0.4295591946485189
5149, 5.4961526574226243, 5.9488137771309937, 11.3021104919161584, 0.4698354624700413
5150, 5.3388076872447030, -9.9995432750210362, 8.7626973833572581, 0.4450057641450095
5151, 10.4835409882665047, -2.4990813520256494, 5.4507872160364688, 0.4262736892376182
5152, -6.9875064777269165, 8.8238695108688017, 9.9995565435302325, 0.4244227051653434
5153, -8.1996252646564649, -0.7802248099934600, -6.6829042262625320, 0.4372999378507272
5154, 8.5143177367786080, 2.0485561708220841, -18.3248492201146647, 0.4449342278172901
5155, 6.1121897815726474, 0.2558076823981507, 18.9999973137083380, 0.4421748872393186
5156, 1.6922918650857774, 5.7669261924153234, -18.9999824983376513, 0.4531953661747010
5157, 7.3945883190213877, 0.2311336808254476, -18.9999010000000013, 0.4723507009711104
5158, -3.7737727488902424, -4.2460923016962608, 13.0242818413467205, 0.4689593894472915
5159, 8.2695795425954213, 2.6653114057174934, -14.9283085725932576, 0.4497937420539148
5160, -4.2019254673949096, 9.9995101667553978, 0.5089202416763748, 0.4372364375767025
5161, 3.5027711356648994, -9.9996294800761998, 7.1522069261595220, 0.4400314400255136
5162, 2.1952889043134451, 0.5797459767084765, 19.0000000000000000, 0.4426015949638180
5163, 7.5076950221476286, 5.6907660469555674, -1.8971730058796625, 0.4381073988959652
5164, 6.1893085872809035, 9.9823797953394475, 9.9993400512153752, 0.4423793259941638
5165, 11.1081090731120469, 4.7345270129291999, -3.6889996091662529, 0.4336265633746037
5166, 11.7994792070522241, 9.9756251062982138, 8.0753562572686395, 0.4405610518717496
5167, -2.6272282371029410, 5.4190347066607654, 11.3192891883281437, 0.4334169954364007
5168, 8.3138643515063038, 2.6151057690176951, 9.9998391829675555, 0.4245255885241929
5169, -2.0308560335664003, 0.3993937254824181, 18.9999026588743511, 0.4373425251702288
5170, -7.5784770571167162, 9.9987195052032654, 9.9769616931950402, 0.4484816931402135
5171, 2.3218087168508577, 7.3684860930604827, 5.9838505640656532, 0.4315579367471393
5172, 7.1590478705300775, -9.9997379583134780, -4.3092465641768598, 0.4538780941557928
5173, -3.8669715796841930, -6.3439787377446288, -1.9957874207214183, 0.4344293853916070
5174, 11.1047229371486615, -9.9993043092896592, -7.8627949585651358, 0.4371278841508027
5175, 1.1044589321915319, -9.9997783076117717, 6.7759857840256137, 0.4684335558177311
5176, -5.4349728629710903, -9.9995964458569251, 1.5893138734911885, 0.4438766256533834
5177, -6.8271293474635826, 4.5596585758556696, -3.9141851978329747, 0.4477155408222271
5178, -8.1995019743835424, -4.0979628250704874, -8.1787283175366614, 0.4355499637809649
5179, 7.3079414139457350, 5.4080114535260639, -9.9996820911937423, 0.4359470378507932
5180, -5.1387194187199929, -2.0202851516317231, -5.6746424059260345, 0.4333731015092978
5181, 4.7098085407705348, -6.3669329815361353, -18.3593491191244951, 0.4294469908960383
5182, 5.0816817064492019, 9.9995411804645631, 8.0408802338799568, 0.4899926824241508
5183, -3.9374943928125417, -9.3402649355127885, -1.8096886846929290, 0.4490261740560378
5184, 4.6024748412341960, -9.9994545907650334, 9.9744682354307930, 0.4798622654281985
5185, 3.2823884842935702, 8.7409518298250291, -9.9996157142621573, 0.4362694352550686
5186, -0.0021860169787254, -6.7625788514982483, -15.4054187095539366, 0.4695038217415056
5187, -7.5211391939626679, -4.3126402283431950, -4.1718335902736694, 0.4296718823517122
5188, -1.4344660128102864, 6.2215102688616248, 15.7973844710540607, 0.4367247559557353
5189, 9.9382189932147860, -7.9125832644190588, -9.9994348317520263, 0.4670670024199485
5190, -3.1514926009628108, 4.9528743325671609, -14.9029235695328310, 0.4208192863856823
5191, -4.6742808353580818, -4.7837010537590183, -3.6343830814599083, 0.4733090313720353
5192, 6.3561119721135109, -3.7652609920628208, 4.6641346676603215, 0.4706311198144478
5193, -4.1681313818623185, 3.6708134819649874, -12.1214560224583430, 0.4468035445207763
5194, 8.7953554360012891, 0.2151052241908686, -15.0895173814908787, 0.4302159852510117
5195, 4.5557168641160990, -6.4452941305549514, 14.9932049960184575, 0.4423130969019128
5196, -8.1995173212120260, 4.4027826196164064, -8.1628932734825224, 0.4473282028302953
5197, -8.1772963993395287, -9.9994481359478016, 2.9332139337134486, 0.4426252348308273
5198, 2.9293253211135668, -1.9649852473011489, -19.0000990000000023, 0.4314205611549263
5199, -3.8365675547191729, -4.1593376682123768, 17.2266399783453643, 0.4509095485358098
5200, 5.8250433467144038, 4.9154273528584591, -4.4508193071550721, 0.4433056431522564
5201, -7.5154716552704528, 0.3511514013184862, -5.9966229610226609, 0.4670763564558441
5202, -8.1652196197100277, 7.4135129617202304, -9.9995968268699045, 0.4813002367777140
5203, -2.5194969060000076, -5.9869729042323678, -4.1814239381885487, 0.4591985697770214
5204, -2.5412424302617858, 9.9996632736842290, -6.7933605434278421, 0.4303952862889276
5205, 11.7995443191574019, 3.1839136677046707, 8.1221522328137983, 0.4532147261714692
5206, 9.7632457606571350, 9.9995420163337183, -5.3069643325771674, 0.4423446950047972
5207, -5.1132143835354773, -1.0864023688609392, -13.8795952626336945, 0.4765445441643124
5208, 8.6913352669885775, 1.2074504721074892, -11.4180018078920007, 0.4524556825986003
5209, 1.3956828655221079, -6.9853187677185629, -14.6299307630022977, 0.4450127569013858
5210, 11.7994998055885834, 1.0294764853366167, -6.6192965160362691, 0.4327885836272444
5211, -2.9000495082267244, 5.1947404181733212, 15.2532526022863646, 0.4295704731951558
5212, -3.8525907156167949, 9.9989934884830109, -2.1576700829837532, 0.4346432279323575
5213, -7.5460087977248040, -0.5156040769079905, 5.9961077059966144, 0.4633756723335858
5214, 0.1971243583662756, -9.9995904863182741, 7.8309248887742289, 0.4390789022991990
5215, 3.6187560074510556, 6.7649999495761213, -14.3321557307988776, 0.4384134983272027
5216, -8.1995763323337147, -8.2757533432144399, 2.4411746094098019, 0.4970841175045875
5217, 1.7054524503393853, -0.0883070646743664, -19.0000261277917204, 0.4667444971507467
5218, 11.7994980865197210, -3.4966631229611380, -7.2449180545562113, 0.4648220379913068
5219, -5.2194375193563598, 5.0346259759087255, 3.2687629101549720, 0.4558807101696473
5220, 0.9781603713777993, -9.9994886004616532, -9.9657883272048498, 0.4739352503923062
5221, -8.1627155335628743, -9.9996131813210845, 9.9428860154966490, 0.4397492755383416
5222, 11.7994753232929686, -0.7224695935212523, 7.3737997667537947, 0.4474128798767250
5223, -6.8390929314914546, 5.9881239269849829, -0.0938428321841178, 0.4335984516340694
5224, 5.1150958820863295, -6.1656963949723815, 16.9964255912766191, 0.4618859660949923
5225, -7.5967803812233123, -8.6169201464966925, 9.9995917915199026, 0.4547078477869611
5226, 6.8626604882132138, 9.3586949643761770, 3.2421956410450714, 0.4625750757113269
5227, 4.3987685470140780, 9.3830710766809027, -9.9994851295013891, 0.4332308621821285
5228, -4.4632588879826116, -3.1241382198920729, -16.3204703353703522, 0.4559555484323334
5229, 11.7995444487007024, -5.4743151968378658, -5.0300417027513742, 0.4986267085285957
5230, 7.8511163635994716, -9.9993700440843121, -9.9741203967915677, 0.4402550545045242
5231, 11.7995089395138955, -8.6269301888023353, 4.3896213655178498, 0.4378364821137178
5232, 5.9686965069323534, 7.4973752512611318, -4.3120049247892727, 0.4349628628461035
5233, -6.3139265407982972, 9.9994575786790723, -7.5404984318262152, 0.4278313200558841
5234, 11.7995447936956133, -8.1476304458412141, 2.5059248924012154, 0.4355690674692297
5235, -8.1756503544969163, -9.9993875458784789, -3.4720944651952954, 0.4390681251482423
5236, -2.4690192896873664, 5.5477651957033682, -16.5129417158172522, 0.4237450704683420
5237, -8.1790135232512640, 2.0909498399315751, -5.6333434247604055, 0.4339294053736541
5238, 8.3326699827540693, 5.8955305918141887, -1.0968997584777034, 0.4696196249543241
5239, 4.0169523181644156, -6.6382240728724584, -16.9666062457072826, 0.4567183284051822
5240, 4.6413940635014592, -7.8744315309714850, 5.3029324779175102, 0.4543647269670756
5241, -8.1995447435911792, -8.0490195023904771, 4.6993289923800088, 0.4346724993603043
5242, 0.2649874602897684, 2.4125689060375088, 5.8065108147824436, 0.4219542850340073
5243, -6.2798284214256404, 9.9995395845976560, -3.8622569824095638, 0.4288700256978845
5244, 8.7940464726907770, -5.7399700757111907, -1.7900288003563642, 0.4644270586565705
5245, 8.6725803431386659, 5.7007799411693174, 9.9996045793286807, 0.4320702829318792
5246, 11.7994520374186038, 9.3226783902057981, -6.7716064610863489, 0.4352153540483686
5247, -1.0758154498683541, 3.7211431548889888, -5.2790419958208732, 0.4260021653726634
5248, -5.1123275961432899, 1.0937631606354601, 13.7319392308087309, 0.4680582623857026
5249, 7.7750833881842576, -3.6419465497841341, -16.0718972985198683, 0.4222249511850203
5250, 6.6521589139119284, 5.0469444506212655, 16.6259823586137898, 0.4297482208977335
5251, 7.5835915104160456, 2.5901879487228574, 5.4077079973478748, 0.4402657481487978
5252, 11.7997836726055390, 5.8496039512250277, 1.4036057834586739, 0.4421966261472958
5253, 4.0394250236280866, -5.7825869141301309, -5.5601780584940013, 0.4563116468334731
5254, 6.1027481854182239, 7.3222052386713150, 4.1926916487666936, 0.4464604644570743
5255, 11.7739955652790780, -9.9991586599448858, -6.9452915347804733, 0.4741189839509613
5256, -6.9161159937079262, -5.1287348401176622, -9.9995435248240341, 0.4341058226338958
5257, 9.8558946565410093, -7.1221456775643865, -9.9994194557709974, 0.4398265375514927
5258, 0.2633725508786494, -1.4698488848811775, -19.0000989999999987, 0.4245764153272273
5259, 9.2442725643520056, -5.2449805233124067, -2.9321417205322065, 0.4557341680171668
5260, 11.1098260234883401, 5.4668688723740004, -2.4679724746612877, 0.4700198459394679
5261, 1.9817106912116851, 4.0342541454475187, 6.0271656704807715, 0.4427230783288021
5262, 0.1815657377189926, -1.5160040172818519, 5.7877097650530400, 0.4663742546732199
5263, 6.7744112887166565, -4.9366349899385051, -15.4408565377686315, 0.4478991601866188
5264, 5.1339475808939623, 5.6769499662554228, 4.9798618212730430, 0.4187572380742949
5265, -4.6912917916522421, 2.6550138796904381, -13.7889492923039416, 0.4461136642573089
5266, 11.7994730510475332, -7.3619824161580505, -0.8825629974704796, 0.4466920526145192
5267, 7.6694231387937473, -6.4657840182126698, -1.2848274087008524, 0.4579601000845344
5268, 9.1489486259641684, -5.9881901698132687, 0.5306925408998207, 0.4436781190329955
5269, 3.8898652750478235, 6.6788581963639686, 14.3002033496650043, 0.4376310330356009
5270, 8.7350460521675775, -7.5095022057129190, -9.9994376032940568, 0.4370674270376515
5271, -5.0543253238224164, -1.3432284014829365, -5.8458727048766210, 0.4374957187970737
5272, 9.2754862401693359, -4.9784904309927542, 9.9995135910256661, 0.4363390949835612
5273, 8.1496646479795150, -5.6972127252950333, -1.9400790369175531, 0.4258634038912932
5274, 0.1897047501926511, 5.4445052831730374, -19.0000000000000000, 0.4325909139752920
5275, 8.3878762374805333, 2.3843426365610330, -17.6709384887382832, 0.4296833107104351
5276, -7.2045127427338649, 4.0172331427865267, 9.9995974321326244, 0.5013530142487078
5277, 5.0166055130774190, 6.2180218934432787, 14.1737298724195036, 0.4516626535754051
5278, 8.5098383295064881, -2.0676497407373851, 18.2806020559533096, 0.4631805939470830
5279, -8.1995760973622414, 4.5464104838173478, -6.8078916062496688, 0.4415165507004610
5280, -8.1995406108668849, 3.5425146111051364, 8.0238482617730682, 0.4411267738066403
5281, -7.6237494395123928, 0.8181286727957454, 9.9995611707055492, 0.4234833824572539
5282, 4.0146457053768634, -1.2538357945474343, -19.0000989999999987, 0.4240822649934196
5283, 0.6611379905885774, 9.9994944338818854, 7.1702323303616442, 0.4505733241978889
5284, -4.1657794889009079, 9.9993710653902887, -0.8003278779651952, 0.4392712455132481
5285, 9.7758472117364210, -9.9995373095999298, 4.6581671125266606, 0.4653536638337689
5286, 0.6189100687611443, -8.6582125690966247, 9.9995818580045466, 0.4853468287326174
5287, 2.9393663701528614, -9.9794300881819797, -9.9994729164283775, 0.4312895105131108
5288, -1.2926247297465370, -4.0607964711078690, -5.1410985575582568, 0.4441824828084829
5289, -5.0296281515094599, 9.9995194808553300, -3.8864638493581389, 0.4356013890882980
5290, 3.8959821510224413, -9.9994902662189933, -9.2512524877842619, 0.4406398238260474
5291, 9.1450132098016539, 7.4424746406943720, -9.9994464254109783, 0.4445199430580259
5292, 7.2070779930089284, -4.4424672959839828, 12.5391969349005361, 0.4428170716224847
5293, -4.8050970207655066, 4.3780491158191186, 4.0974765429814850, 0.4384438596363581
5294, -3.4281946037758377, 4.6532952538553092, -16.0933390040333357, 0.4242933357016676
5295, 11.7996395727841552, 4.2470445585668415, 9.2803288488751932, 0.4528159971959442
5296, -0.2003585072719441, -0.8130086159433253, 19.0000443786819666, 0.4778286316228938
5297, 0.3506729879883571, 6.8485104509058878, 11.8891881616430801, 0.4268848674992249
5298, 9.1949614078928690, 1.9134362853997240, -5.7123125871673075, 0.4304556287906258
5299, 2.8493070438321566, -6.9198307763357159, 17.7439434644890177, 0.4359176164804404
5300, -1.5247286899842707, 1.4357992178502812, 18.9999395673178242, 0.4379334610479573
5301, -7.5468873704551411, 9.9993936030271744, -3.1202086572542278, 0.4338854448984777
5302, 0.2425586058670680, -6.8218624165579547, -12.9202066900400361, 0.4418901277432691
5303, 2.8724206654506128, 3.6346349072859727, -18.9999382552692531, 0.4476472597047409
5304, 6.0563458934131935, -5.5918134451062329, 9.9998177187744748, 0.4616733940837625
5305, -2.9292782668219730, -3.9673078747267549, 4.5258400477257803, 0.4890391959999185
5306, 4.7035340391173452, -9.3383774664566559, 9.9994127338140242, 0.4798622654281962
5307, 2.6658093128510307, -6.9439756535842383, -14.0255519548831078, 0.4293343498332846
5308, 8.7977965169091075, -4.9901378375899741, -3.3330566278775358, 0.4392106425164572
5309, -7.5145525861019165, -9.9994800644658017, -3.0551008585312540, 0.4402287163332388
5310, 11.7996979380469220, -9.9747948460923261, 1.9386420339061776, 0.4573764139513580
5311, 0.6960552752543629, -0.0384837988729980, -5.9935018791750618, 0.4585952027153678
5312, 7.2544973572821210, -8.3652674545090644, 9.9995004891617718, 0.4637292356865927
5313, -5.0411708919051685, 1.5415798812538457, 16.9661838019099527, 0.4482286892335389
5314, -4.8941803883014323, -0.0266657143735922, 5.9990128081651957, 0.4472677159670044
5315, -8.1749123523957188, -2.9909843924222539, -9.9995687308335341, 0.4324267899377552
5316, -5.0418484535437811, 9.9994937272157340, -7.3979353953672984, 0.4580166978657879
5317, 6.0382933981263056, -1.0840935194806876, 19.0000038752466978, 0.4393338777706254
5318, 8.8011291959609963, 0.5449382245709193, -11.9031334276122607, 0.4522331907928262
5319, 11.7990183607045562, 9.9674298396384504, -9.9417795850024664, 0.4678552761082747
5320, 8.8004514342886058, 9.9995283193684692, -9.3732113245260340, 0.4557955198738481
5321, 5.4564365112062880, 0.8552676188424132, -18.9999866873010355, 0.4453978769098580
5322, -4.7804625135806296, 2.3941591172141847, -15.1379679859359353, 0.4361163163102297
5323, 11.7994384658985609, -5.6766593412347364, 8.0447683704870965, 0.4804415532940601
5324, 2.7311260047470336, 6.7683904923554996, 5.9245742250182527, 0.4276571028601897
5325, 0.4108831077603879, 6.8636574978519986, -17.1286698261503112, 0.4685828232667484
5326, 9.8443727611326857, -2.8626227421259913, 5.2925291250457747, 0.4271571753498256
5327, -2.0043654474607240, -2.0882088534729757, -5.6600220848625131, 0.4515679281827623
5328, -5.0824108739228011, 1.2522768386358349, -10.0223123048761877, 0.4438289460349139
5329, -5.8576388556804986, -0.1161568897337936, 9.9995923117396259, 0.4647191896927580
5330, -3.6002081882961572, 4.4672077030954611, -10.0220617908048606, 0.4354806159324685
5331, 11.7995162908269293, 6.0313784403929249, -0.0468721853554225, 0.4560174056223539
5332, -5.4192761074421796, -1.8958508832879593, 5.7130941448669752, 0.4900747274295974
5333, 2.0727164286241706, 7.0183939107659583, 16.0021311848321304, 0.4242558842643508
5334, 11.7996179798170857, -4.9892581307432557, 9.2789817038347362, 0.4622069623859149
5335, -3.3873120151830305, 4.6888778411041194, -18.9735382734828768, 0.4663411226399579
5336, -5.4671971824358447, -5.9841005592803320, 0.6940378539513367, 0.4863680324994297
5337, 8.2162040296647767, -9.3492763747220877, -9.9993517487328614, 0.4166692591024825
5338, 6.6320007602159716, 5.0655620684768250, 13.7982872404984800, 0.4610873582639883
5339, 11.7994782773845390, 8.6564826976162763, 8.7324929451798052, 0.4665653174740477
5340, 3.9878883865247374, -9.4675956547137261, 5.5918889188755836, 0.4119656184477772
5341, 3.7570598747318651, -5.3144963338347999, -18.9999388052954359, 0.4420974804884877
5342, 7.1817381577528909, -0.9913513472492699, 5.9296151901749248, 0.4862943494667396
5343, -2.1727969508823559, -2.3555434243851376, 19.0000126354972529, 0.4304493222605089
5344, -1.9253275894284734, 3.0410716539511182, -18.9999113030541480, 0.4445181811383042
5345, 8.0509991203235671, 5.6205669519740704, -9.9996482907243607, 0.4587602395033294
5346, 4.0508549480175446, 6.6271683059643340, -14.8903038097835712, 0.4227693465857320
5347, 7.2599558924767447, -5.4259282147161567, 9.9997181203285734, 0.4304485646941575
5348, -7.5113783510057033, 1.4742419666688753, 9.9996186814951749, 0.4481919743942275
5349, 3.7071181246628191, -9.9815179386979924, 5.7105381109557998, 0.4441227919022726
5350, -5.0687215082111008, -9.9994447216830178, -7.9988656290812266, 0.4435277456428495
5351, -2.8137650909779302, -9.9996274623268384, 6.4971069366918801, 0.4275200787399286
5352, 3.0361996011281644, -6.8992794123635228, 11.2830568566850182, 0.4349851781264930
5353, 11.1805323692475440, 9.9994812438599201, 7.7363826383660586, 0.4294417770162400
5354, 0.6928487785761264, 6.9262363116033869, -12.5537682798966870, 0.4534021993365783
5355, -8.1995415055070691, -5.6777218108798584, 6.6755979207368004, 0.4413475675632048
5356, 3.3223458094146623, 6.6148737770437149, -5.8275436974302410, 0.4331945428498369
5357, 11.7995780234328418, 2.8848222326875139, -8.7083198972949241, 0.4374744748512908
5358, 2.7499134452399070, 4.8341834597508342, 5.9187028384818436, 0.4453171661659457
5359, -2.7035043939431360, 7.7485536930776506, 9.9993966612243899, 0.4460274206567543
5360, 11.7995239743958340, 0.2436881274005511, 8.6288570687069033, 0.4430204177762562
5361, 2.6468326877285993, 6.9485130445476635, 12.7965466020728780, 0.4440580802369480
5362, 11.7995677986448850, 3.7003268559047129, 6.2678706579002288, 0.4294875039250182
5363, 8.6421185900471169, 1.4763105550425843, -12.7406166021121958, 0.4833087971222316
5364, 4.3295938831378731, -5.1553861371512850, -5.4329542516442419, 0.4563116468334723
5365, 2.8000496416565377, 0.2408879291694496, 19.0000000000000000, 0.4312101480448204
5366, -4.7884006854598944, 2.3652381374200502, 12.3830315910002504, 0.4259651591262032
5367, -4.3227545182770637, 3.9521207689252793, 4.5387477297913152, 0.4269605822219151
5368, 8.5874355397559032, 9.9995015862978232, -8.7635140348912213, 0.4411727958825225
5369, 8.4261094355356239, 2.3025645609676690, -18.9720354464222538, 0.4329201406965830
5370, 11.7995052875822353, 9.4339615762700255, -5.4341472124422987, 0.4340797434478637
5371, -2.1237301960477679, -5.8110542342092586, 18.3861898938191857, 0.4874718143732730
5372, 3.3834037316754482, -6.8321404838955040, -18.3356513756118709, 0.4326709116657304
5373, 7.9743811610506308, 3.3150242570976496, -16.9482505731386972, 0.4404063759893974
5374, 7.8552451186556640, 3.5078398091457115, -12.1081087499566227, 0.4605841448679975
5375, -8.1995157039929936, 5.1648540642615632, -7.9749114775586269, 0.4417553076230141
5376, 11.7994813162791967, -6.7961520217882940, -7.3526410707443688, 0.4368586108150341
5377, 0.1102582747352778, 9.9995221773155034, -9.3606352745302104, 0.4375132850758620
5378, 11.7994379203392334, 7.2381444789034504, 0.8863647141675957, 0.4483589961265502
5379, -7.0128614291597291, -9.9994611690076241, 7.9716225237496614, 0.4536985375413489
5380, 2.9367140257609012, -4.3510360495085401, -19.0000764472206924, 0.4427741352055637
5381, -7.5228858127422775, 4.3316942966484078, -4.1464578302296697, 0.4357933401462608
5382, 8.8027904710468921, 9.9995871015535354, 2.9180492781111997, 0.4563430881751447
5383, 8.3469352505284604, 2.4747531626775938, 16.4647244800065131, 0.4413566825019345
5384, -2.0735819192512226, 6.6112433119726530, 9.9999624206608715, 0.4186578761465117
5385, -3.3980279862690415, -7.3433842177980582, -2.9951514250536428, 0.4821696750312672
5386, -0.1215677199899672, -6.7409448850554243, -12.2825659250970514, 0.4348470972985191
5387, -1.8043998643619246, 5.2554944260557077, -18.9998157603259479, 0.4815027816349206
5388, 1.3727790801426638, -2.2492015325564489, -19.0000852341864963, 0.4406949603920259
5389, 5.4063068860665391, -9.9995761551320470, 8.0925583816754401, 0.4737288069062175
5390, -2.9233768506885371, -6.9266423428133841, -3.7092759873935823, 0.4821696750312686
5391, 2.2919069146602107, -9.9994399597520012, -8.0909395644086448, 0.4447757843879180
5392, -0.9076748724445273, 6.4564848455825938, -11.3374159031379271, 0.4281580649827756
5393, 11.1406325356786002, 9.9993487003954726, -1.7548222938337781, 0.4616786185063175
5394, -0.8906779086328355, -8.2281896377657180, 5.3627620837154772, 0.4341575505142496
5395, 4.7916955971181743, -6.3267494256248220, 11.6249510973091841, 0.4634832741480070
5396, 1.7679953546600649, -1.5851671098043438, -19.0000644949816220, 0.4477222158379990
5397, -6.7243790267461945, -6.1224099811559247, 9.9993801108173272, 0.4530117268432274
5398, 2.9499526114428400, -7.5493446437915619, 9.9997175881394806, 0.4248686773655991
5399, -8.1995402697254907, -8.6609814884145031, 4.3113788344489823, 0.4346724993603045
5400, 0.4699801169322670, 1.3294375417316433, 19.0000458982199341, 0.4220465194649067
5401, 4.6780256172750203, -6.3839087607014520, 14.2841497295837740, 0.4399424704774129
5402, 11.7994000000000003, -7.4209586329121686, 6.5670206170160643, 0.4418322252325036
5403, -8.1995278362998398, -2.8658061460321633, 9.2990308970899651, 0.4594100339264967
5404, 11.7995939471681375, -0.5277523688205480, -8.7419214738388877, 0.4452326220591026
5405, -4.8592648908469860, -9.9996466386306153, -1.4629327652555126, 0.4840864534462408
5406, -3.9532490049697029, -5.1193976847155511, 3.1383071219549188, 0.4586114146096923
5407, 5.9822512216577275, -9.9994377324495058, -9.2703158346405168, 0.4782362029795463
5408, 8.6592854944316784, -1.3837652090641273, 13.3681576292793256, 0.4709642047621592
5409, 10.1449930272698090, -7.4500010080325021, 9.9993269821553188, 0.4735894441689840
5410, 1.3360944822761081, 9.9997591784198701, -6.6959887660410917, 0.4620658355646183
5411, 1.3093827328330696, -3.0182697775399978, -19.0000418087689376, 0.4684014554653106
5412, 0.0487271082861769, -7.4200915986919078, 5.7322408863097385, 0.4782892256180309
5413, 9.2264103389835643, 3.7287602473374455, -9.9996992025802687, 0.4353388510009548
5414, 8.8034818799745818, 0.2276106659165925, -17.8260705031693938, 0.4694270165506008
5415, -6.9632744885876541, 9.9995156533985714, -7.2243113128000251, 0.4230545837703316
5416, 5.6594390127461267, 9.9996197069617132, -7.5664687313894827, 0.4415794745871835
5417, -3.7387038953051088, 4.2981250076573909, -13.9857621026861629, 0.4357889855195706
5418, 0.6826983091805521, 3.7263493676783890, -5.9269201335061750, 0.4257456539752528
5419, 6.6261192360856933, -5.0219402923197585, -18.9996542821435526, 0.4719887719828199
5420, -6.9780355208966034, -5.6885772357488467, 1.9601413898715849, 0.4437762896610421
5421, -5.8759685510545845, -9.2977110977633490, 9.9995063230001531, 0.4467416848017857
5422, -0.0975861972044747, -6.7309642122974340, 18.9722196194988264, 0.4743234886551301
5423, -6.0378906080836865, -9.9993949650157692, 9.3975815258180315, 0.4398950146113789
5424, -1.5811854621846511, -2.0269406146946314, -19.0000249483683419, 0.4297353777025615
5425, -1.7637656530651749, -1.3926990230492331, -5.8303924404368299, 0.4469072057904243
5426, 1.1414218991397520, -9.3273362537323159, -5.9665896598805421, 0.4611790367479379
5427, 8.4928431250295500, -3.0662880593588269, -5.1848506710920566, 0.4200810837607878
5428, -6.9556593310627379, -9.9994782382923439, -8.7068996335724442, 0.4356417651051872
5429, 5.7751988316819363, 2.1435104338800754, -5.6414571213818059, 0.4286544145742389
5430, 2.9662032373395997, 6.9037163617056807, -15.3675563593390319, 0.4539394679988252
5431, 11.7996366253573548, 5.2368828948826263, 4.1146315676810481, 0.4424331329723353
5432, 7.1993251320968721, -0.2554581431775449, 5.9944494448471364, 0.4349188349141322
5433, -0.0476050086622050, 1.8082741703992444, 19.0000460570201000, 0.4479888373251235
5434, 11.7996973563890020, 9.9677742400100797, -2.0621007925473962, 0.5093702283314336
5435, -1.8183225702500578, 5.9904019757801272, 15.1609642026910336, 0.4435481827722861
5436, 2.5951882556004748, 9.9995714525078601, 7.2933004778440242, 0.4351383515233967
5437, -3.6948277546820760, 9.9995943352216123, 6.6378066641403279, 0.4352207725819571
5438, -3.7664260657499744, -7.1434428695323922, 9.9995890145368715, 0.4469024120180140
5439, -4.4887408508955620, 3.0698801509455964, -16.2159163100816350, 0.4284534772386823
5440, 2.5783738390077997, -1.5850918774645735, 19.0000990000000023, 0.4379544751823214
5441, -3.9731525508246177, 3.9558271563447893, 14.0577611504788837, 0.4626142444907155
5442, 0.6191228468803777, -8.1128302664418062, -5.9133150596425406, 0.4754277285638859
5443, 11.7995986552288521, -8.7902219001394393, -4.2196229389716171, 0.4692303895208884
5444, -1.8966631627328947, 5.3540380110938921, -4.7289858092996209, 0.4443625542882471
5445, 2.8999517032407476, 6.9118329306345059, 17.7537884396209051, 0.4580782892055006
5446, 5.6126976827365986, -5.9032226739221496, 4.6492178763519494, 0.4424835579805007
5447, 1.5582802865825427, 7.7545216761708691, -9.9997852841958466, 0.4828201297865025
5448, -8.1995154141215547, -5.3188839936663550, -6.0172729059210512, 0.4376259733815543
5449, -2.9471165707032254, 9.9743829611897059, 3.6779843376831023, 0.4555813259851820
5450, 8.5891305726697347, 9.9993232451305332, 9.9764228679940157, 0.4841703347248056
5451, -5.6830517701345160, 9.9995688126188860, -2.7770674672983651, 0.4255249278680850
5452, 7.5581919276835556, -9.3427800454241900, 1.6900266300099593, 0.4548566683111608
5453, 9.8644794400679743, 9.9994814885181231, 8.0595587741189689, 0.4452437694878039
5454, 1.0522013852648333, -4.8590336148754654, -19.0000049368927506, 0.4510382182014631
5455, 11.7995000000000001, -6.8851827923294628, -2.8385056904280250, 0.4475746842158642
5456, -5.0792714867004873, -1.2893892381948449, 13.2413684438721599, 0.4703688543486542
5457, -0.6813504359527136, 0.4894790045074489, 19.0000000000000036, 0.4777539202271066
5458, 11.7996285409287829, -6.2043295845878728, 2.5285490413798293, 0.4419618542584524
5459, 11.7994263442778831, 9.9773448290776567, 9.3732642320432618, 0.4550599387803568
5460, 11.7755295117675640, -4.3790824567616857, 4.0995507618591853, 0.4499226364479538
5461, 1.4057099093937326, 6.9846024502358919, 15.6588756175151556, 0.4293385191620014
5462, 7.8507231827161199, -9.9995926783614646, 2.6344935594367023, 0.4334987147918660
5463, 7.9363193726008152, 3.3669693278658106, -10.7635884095336714, 0.4685398800822300
5464, -8.1994699430414855, 7.8493143830224454, 9.3437167539608641, 0.4686992266496953
5465, 3.6479725200615074, -6.7527284425932246, 13.2288129021852967, 0.4407033090111395
5466, -3.4321555154285184, 9.9995151544664669, 8.6601962234370493, 0.4401354093796593
5467, 7.2598586775697429, 9.9996728161467221, -4.6112890258784738, 0.4676030051752459
5468, 3.4285912221192159, 5.9459774363574098, -5.8094572699467424, 0.4385024377513932
5469, -0.1097065524784640, -9.9996600502393296, 6.3260827699054225, 0.4323043701530384
5470, 2.7321927195332090, 7.5851110905899501, 9.9997746544956030, 0.4567494637513589
5471, -8.1995518790813122, 4.5469384837102576, 5.7373540976932356, 0.4339493260903093
5472, -8.1995027733304156, 3.2811705315477226, 6.5902590985843128, 0.4798438841286690
5473, 11.7734973149468711, 6.5088227685869793, -9.9992982487508577, 0.4515287770241401
5474, -2.5274345948645407, -5.5023194830433688, 11.3222375056379079, 0.4499793700395251
5475, -4.3265477934398344, -1.6002699895056316, -18.9998732582330447, 0.4311115013869064
5476, 6.8042211350426456, 6.3681829630699252, -3.3098084931277878, 0.4659350818689991
5477, -8.1994787178257784, -9.3314455370042513, -4.5178459522339978, 0.4451337426000972
5478, -1.5230023158767700, -0.7201139150321224, 5.9929781423168889, 0.4472799295594579
5479, -0.7100163847182333, 9.9781386798883940, 9.9994133110341590, 0.4351830907337155
5480, 3.2820704254266264, -8.1759743835299883, -5.8471720658335284, 0.4287512207495133
5481, -8.1995117180649810, 8.0107277640317740, 2.7003675013318560, 0.4331972615213032
5482, 6.0520244197093103, 5.7538184294988586, 4.2178221487393941, 0.4253643033310093
5483, 6.0440324138133734, 5.0016930532339563, 4.2340183291362665, 0.4191629615814242
5484, 7.2423004213880420, 2.8828406590561246, 18.9998627318409135, 0.4621051122004489
5485, 6.5600302903338399, -4.2269921122772995, 18.9998705684228781, 0.4763236487735744
5486, -8.1995128236522614, -1.3820236759342719, -8.0198183335452136, 0.4443815592109940
5487, -8.1995547186525908, -8.1397293181601356, 0.4382004990368530, 0.4404901808838778
5488, -6.1434590815866166, 4.9062287087053003, 9.9995632053468100, 0.4344563350957620
5489, 7.1958718994713537, -6.1498374916817973, -2.6298779389518376, 0.4688080360934117
5490, 3.3068618963465748, 6.8566409513091457, 14.5972829547203329, 0.4376310330355976
5491, -1.2241602287554143, 1.9310257585601227, -5.7007856039301252, 0.4466581344206518
5492, -8.1995110323007196, 3.2384939425433021, 9.9753763705231080, 0.4616047604940282
5493, -2.9844344185007894, -1.2221471412673639, 18.9998188903883545, 0.4448139742835414
5494, -4.9376306703018944, 1.9063549443752212, -14.0467398070770226, 0.4461136642573094
5495, 5.9434740233988590, -9.9995376493145951, -7.9245318622640122, 0.4424072808975628
5496, -5.7207094495264492, 1.3965004414737143, 9.9998601753967655, 0.4321934867431990
5497, 11.1230400572975476, -9.9993423575846307, 6.1220621966707078, 0.4260132051278163
5498, 7.9961732403338059, -3.2749895133445235, 14.9052685805008469, 0.4540502516294044
5499, 9.5816804829688973, 5.9753706568961586, 0.5032401635366096, 0.4401426080072997
5500, 11.7996250985040287, -9.2849973248720019, -5.3132798311004281, 0.4440584397482739
5501, 9.1757621147956137, 9.9995942151809825, -0.8501053014666630, 0.4659973093952106
5502, -7.4829920514512498, 9.9995365513797676, 5.2772618962312814, 0.4469507277517963
5503, 7.8010901408672835, -7.4546843061117745, -0.3190354780953444, 0.4544644421771610
5504, 6.9496334629129679, 4.7618275671107808, -11.3049598888225269, 0.4261526141315764
5505, -1.3483175556777340, 7.1048322626418523, 5.1173141513048170, 0.4831570532877230
5506, -8.1995019680061692, -8.0560302309220209, -4.4111991043379248, 0.4680918761271681
5507, 5.8947125428061291, -8.7093493826055148, 9.9994049598210584, 0.4382634896309213
5508, -3.1047875524338093, 3.0031235186424028, -18.9998781838412469, 0.4408847738817748
5509, 11.7995989626019444, -2.1227464418145314, -8.8016286788872087, 0.4809576274195588
5510, -4.9761073075898645, 9.9995076906627816, 2.2510667537146256, 0.4402004099356140
5511, 10.9643968025018328, -0.4431668144550016, -5.9913119183428121, 0.4823163945751739
5512, 2.9883697394293121, -9.9995257181266215, 9.2178675965296488, 0.4932991230969085
5513, 8.2312205890901513, 9.9996089922959612, 6.6171250277734135, 0.4363356716397408
5514, -5.0952222345863882, -1.1948044743343211, -14.6397341276272073, 0.4269498808250451
5515, 6.0456726065872450, -4.2181524454895447, -4.2681229667175211, 0.4453664447670913
5516, 3.3348762088236126, -6.8529176019072793, -13.7563861628867237, 0.4476722103143534
5517, 8.4476434524259787, -2.2348219328140861, 16.7638598152996359, 0.4767484605607988
5518, 5.0711203844951642, 6.1890406327612082, -17.1042461387768121, 0.4446614946194959
5519, 9.3354630384394337, 9.9994816979431231, -2.2458552976935806, 0.4504778377658527
5520, 6.9667675259622071, -3.5329146217527869, 18.9999256865235999, 0.4763236487735739
5521, 8.8230870290180121, -9.9995811063792353, 3.6059308716126037, 0.4227193981012450
5522, -6.3775116126529703, -3.8291768075856947, 4.6318444214839181, 0.4424806371805590
5523, 11.7995918450482744, 9.2950592842659141, 1.3076339034438336, 0.4350659993259045
5524, 2.0087378052820188, -8.5081729986512045, 9.9996288470826080, 0.4618669205218824
5525, 7.4520628791598131, -4.1524692884865662, -11.3546488056256720, 0.4434235724991165
5526, -2.3385604447117054, 9.9995659153010141, 8.0245627612790109, 0.4547954306340327
5527, -1.0767319493416441, 3.9266583163081066, -18.9999754797347435, 0.4417731741254091
5528, -0.9683476956931727, -1.9644594691478896, 19.0000748128058277, 0.4302887067466236
5529, 6.5935210673201592, -1.6360236803160475, -18.9999494569718088, 0.4316944468297005
5530, -4.0119005444373608, -8.6312447628943936, 1.5244512075288057, 0.4416048417469274
5531, -6.8143629798151037, -9.9994375989489992, 8.6755677134102847, 0.4546622525495993
5532, -3.8714193061933369, -4.1033845537331821, 11.8697862263850968, 0.4357328055064452
5533, 8.7355974892165005, -3.1503739981000991, 9.9998306142237201, 0.4215780151600579
5534, -6.1678682351250069, -9.9996311497642996, -2.0787156862892293, 0.4673009440692769
5535, -6.2477550265719124, -5.4574010348656889, -9.9995926922828442, 0.4480935506354208
5536, 10.2715709697858699, 9.3497997648608280, -9.9996193975019025, 0.4567383116196723
5537, -2.0185439916538956, -8.7368660946843644, -4.6249017626844742, 0.4350045803628257
5538, 7.8192620781349005, -3.5720591031852744, -11.2841811212895831, 0.4434235724991192
5539, -2.7439286976356230, 9.9763366231518500, 9.9993663752354021, 0.4309712456642833
5540, -8.1995939781560523, 7.8190350070697798, -2.7027315691269194, 0.4770309269646838
5541, 0.6972935371148160, 6.9243564429234716, 18.3248153176281079, 0.4640493098102086
5542, -8.1990709929012642, -7.6178470042822681, 9.9750026372265364, 0.4347834084727590
5543, 1.2121363330045292, -6.9693001670418733, 18.2575382555253292, 0.4467009474176790
5544, 4.5559441655975634, -4.4288984705941745, -5.3381710598066325, 0.4342169078998086
5545, -4.6491386731655551, 5.5477488113441007, -2.3128328483247738, 0.4818903392198025
5546, 8.5680149650610105, 1.8079049448879541, 16.4260565351486392, 0.4303985490580088
5547, -3.0830887844757484, 9.9995651854356087, -8.0213817213361214, 0.4720485305095060
5548, 2.5199436298409816, 6.1052716681660852, 5.9572309933875545, 0.4276571028601919
5549, 2.9948030318851946, -9.9995114997374586, -7.9239640780915099, 0.4447757843879186
5550, 0.1316844467653484, 9.9996822129348910, -7.1725002394001915, 0.4588222640495025
5551, 6.0243252724283884, 0.2697575429201364, -19.0000048320699548, 0.4411678749388784
5552, 5.7894024057776878, 2.5291845053063220, 18.9998450037589492, 0.4471657997263890
5553, 9.8804339857057748, -5.5482454324046557, 9.9994046433759376, 0.4446191539906721
5554, -5.5819771927484938, 4.2375195490857536, 4.2432918237187600, 0.4307500918535252
5555, -2.7473242373357980, 5.3222682003742543, 15.9859482331055425, 0.4964723911807600
5556, -4.6576472022289392, -2.6943790892231996, 10.0234509261306464, 0.4238430902881231
5557, -4.0864584792571588, -9.9996495318154874, 4.2272706515831402, 0.4311782023230222
5558, 2.6256410868473821, -8.1531200659490093, 9.9996433327302210, 0.4434257055782128
5559, 7.6693258276746148, -0.1104616685824399, -5.9952108842980012, 0.4244961334785529
5560, -5.1123813339407187, 1.0910218711615982, 12.5213219286835056, 0.4726243152881168
5561, 7.8141269336261825, -5.9854817072635562, 0.2826120867955775, 0.4578204247735345
5562, -8.1995483321009921, -6.7726778923001349, -4.0079728177033971, 0.4623695072829200
5563, 11.1286110252670714, -9.9993836789764909, 6.8242694447644956, 0.4309678581951952
5564, 5.3769102440686423, 4.4798662392229671, -4.8120522018510190, 0.4472679876365280
5565, 4.3189379399537549, -0.5952725384576315, -19.0000920890642142, 0.4262574231733698
5566, 11.7996441523712825, -9.3339884173349663, -3.0326959603820560, 0.4724426331892453
5567, -2.8788469638818746, -5.4727634358214097, 3.7429430516885160, 0.4447638650854380
5568, -4.1648912144396339, -8.6881513278680327, -0.7330542682916613, 0.4509878066368732
5569, 9.6413758356266968, 5.8651696474108510, -1.2417887958893952, 0.4590648800626819
5570, -4.5054186745694480, 2.4888931369833265, -5.4549177682543668, 0.4774767541096264
5571, 6.6673971416043800, 5.0305521778159967, -12.5792402345487151, 0.4575684735086549
5572, 11.7993881415271531, 7.3701211396410864, -5.9468648435155345, 0.4761902292877526
5573, -8.1994572041958094, -5.8446248516070618, 9.3316251100670584, 0.4619810212059323
5574, 2.7099146511097287, -6.9402369262502503, 16.3466358166253016, 0.4440624022308854
5575, -4.4464237761384764, -3.1735188012678308, -18.3251822982635666, 0.4346755753273786
5576, 0.6779151052763025, 9.3199344646855646, 5.9081705091605183, 0.4295811181003996
5577, -1.4054885521514957, -3.2221488818345549, -5.0956394840262593, 0.4720850839590693
5578, 5.7914024710841847, 7.3612384504684174, -9.9995649460633622, 0.4644919518568204
5579, 8.3713257374036125, -2.4128125949866943, 14.1074309313854229, 0.4468338681652149
5580, 11.1848634002356793, 5.4889149340997037, 2.4115102593503379, 0.4187716173081166
5581, 8.1734760323342996, -2.9164466941530969, 12.8538733237458782, 0.4723812862256586
5582, 2.2072782833017781, -4.0280690109218833, -19.0000989999999952, 0.4646674177941942
5583, -8.1994958767890118, -2.3906040350039501, -9.9767666235940826, 0.4512789040038592
5584, 0.1444226937573936, 6.8661074196871432, -5.7645728626547719, 0.4341693998172088
5585, 6.2658074358883411, -2.0539330499170845, 5.6666720258268715, 0.4433499603770072
5586, 0.1284934142196549, 6.7941878128770368, 13.8484818671904204, 0.4606546513080804
5587, -0.1947022300560330, 9.3090117885713450, 9.9994945142951952, 0.4657837439831298
5588, -4.6593878195732170, 2.7167454309182797, -16.8540837331483075, 0.4367814695904141
5589, -1.3346609876029050, -6.2729898993492670, -13.6282289152964395, 0.4340859120134674
5590, 4.9245415031491104, -5.6258974609534933, 18.9998272206863348, 0.4288561469167582
5591, -4.3961543361066413, -3.2668852038992502, -11.2081094109815016, 0.4591245339387410
5592, 4.5902172046020624, -9.3218332936717729, 5.3297325386656862, 0.4356362950668573
5593, -3.8118057346751701, -9.9997455228706187, -4.7356943847882729, 0.4443479710610809
5594, 10.6249779029594436, 9.9994443929722596, 1.4253453921503481, 0.4191540973853948
5595, 8.7979641816945087, -0.1561851448272836, -10.0243238680465865, 0.4322614627264164
5596, -5.1989215048391051, 0.0191675178996309, -13.1331397328036807, 0.4856636347966058
5597, 8.4088342890018399, 5.9879486845922862, 0.3687810264586118, 0.4491222978987348
5598, 7.2169953490345202, -9.9997081093605189, -5.0271038168093973, 0.4445693495863319
5599, 11.7993765032774895, -7.7996920143052257, 9.2567691355400328, 0.4396456761674075
5600, -3.8425106315215309, -1.8371533032495344, -5.7294215773028698, 0.4491209325010109
5601, -8.1994199737576388, -8.8046296339368784, -7.2341786350763568, 0.4486615238401818
5602, 7.4882026566931712, -4.1050171377517435, -16.3565950403459439, 0.4320494605150479
5603, 7.6856174212910915, -4.2171245975123695, 4.2651965409596739, 0.4504891515362932
5604, 7.8679883377804840, 1.4746308233816010, 5.8135244279110214, 0.4499940877862434
5605, 0.7515332966060601, -9.3584466417707546, 5.9120854274456196, 0.4406403467737371
5606, -8.1995862412823026, 7.2523872802701908, -3.7298149084344110, 0.4563439394876107
5607, -0.0459256215077722, 9.9997288985234611, -6.4387690454986171, 0.4332794240958568
5608, 8.2289323371934930, -2.7640773641668326, -14.2336729582047106, 0.4472606186263246
5609, 11.7995477422325710, 8.6238466854169591, 9.3815621109607186, 0.4466480678967913
5610, -4.3378940032200841, 3.3844772761994193, 15.4058919617199983, 0.4639474933099401
5611, 3.5324880128146678, -8.7578537379470625, 9.9995124427516373, 0.4578216944768710
5612, 8.5992930039005966, 4.5651976319957894, -3.9112435364649403, 0.4365541786904058
5613, 8.4970031824518948, -8.6152458247340746, 9.9994575521338742, 0.4414518368994113
5614, 8.4623010117047439, -9.9995171937127729, 0.4522485248941989, 0.4273842711143796
5615, -6.0437088270212120, -9.9996040660661727, 2.0048053300278670, 0.4438766256533855
5616, -8.1995048309257932, 7.2316772056794729, -6.9628841586021970, 0.4455989496442932
5617, 7.4514953638918566, -4.0962120227744334, 18.9995092256562614, 0.4763236487735737
5618, -5.7218386460724977, -5.6765675392768902, 1.9982787207926613, 0.4473612481651177
5619, 0.2353208955470877, -9.9996329237586377, 7.0982099539392429, 0.4684335558177311
5620, 0.6052248320401853, -6.9125652885140854, -15.6559606202480026, 0.4699887251443108
5621, -4.0640904728078517, 9.9993790672908194, 3.0663725135251396, 0.4576349120060850
5622, -4.3277304565026116, -4.6354599880855654, 9.9997339116459703, 0.4638743607258645
5623, -0.6430463173211100, 3.8194610759364021, 18.9999733723449751, 0.4643309171799055
5624, -5.1990169187673727, -0.5550847108514132, 13.3531139052269197, 0.4334537173726414
5625, 8.4459720274946779, 8.6681970506836343, -9.9995520956179611, 0.4362440294418857
5626, 4.6121316167444251, 6.0342473355923891, 5.3291171243057107, 0.4382162847651323
5627, 2.2033774957306163, 3.6228429038557892, -18.9999874603295815, 0.4547289250828506
5628, -3.4333399699926765, -1.3332729521419362, 5.8455538870711239, 0.4362860701499764
5629, 11.7994000000000003, -8.6705942392077624, -7.8589840132653643, 0.4477277765054336
5630, 9.6437818318703190, 3.9796635631536734, 4.5155388125440528, 0.4722009810719477
5631, 5.6075075368843557, 3.8272217525473886, 4.6339873191132144, 0.4222060197965942
5632, 7.9348595565104567, 4.3231432350592103, -4.1591947931839117, 0.4687177508412846
5633, 7.0275626765419741, 4.6584182948775377, 14.2401704504193525, 0.4259098195992152
5634, -7.5153374635830170, -5.7161574188371214, -1.8766146778951303, 0.4711601406823898
5635, -4.3219603982891721, 5.4468703871224067, 2.5288712056487426, 0.4635079150506793
5636, -4.5617046304455711, -0.2971661958627090, 18.9997644825154239, 0.4502494020721560
5637, 5.5111809281670823, 4.3910738071098585, 18.9997364414358749, 0.4318551206000152
5638, -8.1995315410857437, 1.7986157343091898, 8.6532186627519359, 0.4406280025051171
5639, -3.2785610546473349, 4.8149006164722179, -14.2079634608179113, 0.4195272612345787
5640, -5.7923929958766367, 3.4121828305032302, 9.9998074576698954, 0.4458406569145024
5641, -4.1543264726424187, -3.6872737418003916, -15.0827615910887403, 0.4552983313364824
5642, -7.4737583275027051, -2.5021075778541384, 5.4527444797076496, 0.4418834856631249
5643, 7.0076838792030038, -4.7201562209583798, 10.0002511055836187, 0.4860522456855872
5644, -2.6342097827958990, 5.4135464121306667, -15.1102701770671572, 0.4433866398965320
5645, 5.0312688289978018, -6.2080215905574230, -17.7340065503952502, 0.4317891498651802
5646, 6.5719678626685152, -3.0947228014693207, -5.1541724343324100, 0.4755523843749149
5647, 10.3396196549272439, 5.8233310407900447, -9.9993988391888848, 0.4591189832918144
5648, 7.7896949646699429, 9.9995557285901668, 0.5865172719761376, 0.4473503377674049
5649, 0.0038766197344167, 4.2712735994328899, 5.7201049746800141, 0.4327628963831436
5650, 11.7996407568208745, 1.5844427906803296, -9.2915808416112640, 0.5113523234813235
5651, -2.8809350863667906, 2.7914030450615828, 5.3072886922308484, 0.4533427057849447
5652, 6.6208202617014242, 3.1393015718379123, -5.1379802919082680, 0.4351680118944597
5653, 4.6749326841684065, -9.9996359491588738, 7.2848861544107999, 0.4471878825837108
5654, -4.7253498561282390, -2.5679414899663473, -10.0204321463168586, 0.4379899286157913
5655, 11.7714414052207328, -9.9992320743774581, 2.5654468788673506, 0.4717711813597195
5656, 9.4088006529307595, 5.8789857408570541, 1.2884515557336236, 0.4318142749680531
5657, 7.6636512655568350, -1.4929428441730090, -5.8104910285103983, 0.4514552156787968
5658, -3.1306850034855995, -1.9501935833262320, 5.7028245092517391, 0.4339371547631140
5659, 11.1752018303083034, -5.2895455016650175, 2.8390181965585253, 0.4319504064277960
5660, -3.7969982139273091, -4.2177125408986376, -15.4758421878499934, 0.4329633978858930
5661, 9.3326178544969682, 5.6446490985995714, 2.0330637943100975, 0.4299758420355672
5662, -7.0015389282680509, 7.3725991749074744, 9.9995335353658756, 0.4234607027652914
5663, 7.7670599466670076, 8.6636198638082611, 0.7311021774665800, 0.4413604798209093
5664, 3.9296776079184808, 6.5312559809234676, -5.6064384425484564, 0.4858627558335666
5665, -3.9680693076860387, 0.3509897060441592, -18.9998000000000005, 0.4323669034436783
5666, 11.7994378235599324, 4.7489021998510719, -8.0368094014874725, 0.4413295840134624
5667, 7.9357005394401279, -3.9645187699389091, -4.5238962876641837, 0.4323947174268334
5668, -1.4275866706596987, -2.4586467980540005, -5.4734317207181782, 0.4487077128365914
5669, 4.3569266794002885, -6.5333005711880929, 13.0623161225451039, 0.4382813210607456
5670, 7.3461547759000521, -4.2766970073028805, 17.0793036138665855, 0.4840646768605034
5671, 9.2614981243405872, -8.8204056712104357, -9.9994226285131820, 0.4238445918667431
5672, 8.4239777293354461, -9.9997035366415670, -3.5579592855292632, 0.4429454606602597
5673, -5.1682395580147915, -3.6561373777117692, 4.7565169716209033, 0.4683151896515652
5674, 6.9448991339059223, 2.0996639545149822, 18.9998725456261646, 0.4447751531050453
5675, -3.7537808244968298, 9.9993480681340774, 3.8300559373010588, 0.4538691601255499
5676, 5.4386895810251659, -9.9997395606700294, 6.1552173896781239, 0.4408130401038914
5677, 8.6993975778516095, 1.1636812784610733, -12.1253129560025226, 0.4485677921654410
5678, 11.7794665455560672, -3.3235352107712952, -4.9962630213965236, 0.4479724615644499
5679, 8.3936125754210060, 2.3652671766907196, 13.8874061869613676, 0.4626614003978908
5680, -1.6196319923565119, -6.1093183892485614, 14.6568422125552775, 0.4370352368319487
5681, -5.5782961270566798, -9.9996797029523670, 0.0490121086768109, 0.4759471139160582
5682, 0.2489135102080637, 9.1910001698668040, -5.7945476241854577, 0.4602099154035135
5683, 3.4558488403193981, -6.5936459750932617, 5.8030009521293584, 0.4218780505189549
5684, 4.0765565284400784, -8.0539950326509384, 9.9995065791067734, 0.4578216944768728
5685, -0.1379123602308667, 9.9995168110864725, 7.9928227217262613, 0.4593751026463723
5686, 3.7849501691502492, -4.2754303180885689, 19.0000355358705626, 0.4378082054058074
5687, -0.0881210266869888, 4.5520830740769549, 18.9999579636307381, 0.4643309171799055
5688, 6.7297441689817106, 0.4156829258153957, -18.9999351135145176, 0.4714393494004735
5689, 9.4130496224508047, -3.0786681707872785, 9.9996838364978409, 0.4425218905731239
5690, 4.7644052145583604, 2.9126046048974295, 5.2484260786336590, 0.4523598984365697
5691, 7.6030877464006945, 3.9439367117269373, -10.7050276847521602, 0.4446576823958753
5692, -4.8538350661436187, -2.1796542737694429, -18.9771847415754955, 0.4347869620217936
5693, -4.4967674183270017, -0.2193830166576747, -18.9998000000000005, 0.4451492651795643
5694, 10.4223170871683184, -9.9994828362050470, -5.2776043769703751, 0.4546966762727669
5695, -0.9404573069936246, 6.4108851476057884, -18.9999982669982721, 0.4628053844801825
5696, 0.4054516442753801, -0.2810201457979849, -19.0000492453572107, 0.4234473681291119
5697, 0.2107212048154603, 2.6133227499523883, 19.0000645903391536, 0.4418909575253716
5698, 7.3833709582551883, -8.1115540116695861, 2.2226836970250226, 0.4904666833806908
5699, 8.3512058491926879, -5.8215133019668013, 1.4740211509318581, 0.4524863686446166
5700, -5.1725041683520434, -4.4006730737851445, -9.9997757469847208, 0.4367117172270855
5701, -3.4883798373529307, -2.5360268713081435, 18.9998775419410251, 0.4373545600390026
5702, 0.4666742272607942, 7.5437308968625745, 9.9996896623068245, 0.4219639764754022
5703, 11.7995651545023073, 4.2834471964952918, 5.8472566315061751, 0.4195523453129210
5704, -3.3046277519536855, 0.1495307476837024, -18.9998039284503868, 0.4319884697918819
5705, 11.7995000000000001, -2.5886416099127016, 6.7930181347506657, 0.4632332942868742
5706, 11.7995303700087391, 8.9734408538567045, -2.0688999324119748, 0.5093702283314361
5707, -8.1995193464991178, -6.1147492104059911, 7.3745330490934382, 0.4694082763181161
5708, -5.6640773777759525, -1.8681374387876499, -9.9998602677847011, 0.4346633082206162
5709, 0.4226489900631540, -6.8703108794136885, 10.7005666161562569, 0.4514988670829095
5710, 1.1414377502232007, 1.5086332043142421, 19.0000263553838771, 0.4230736808515285
5711, -2.8456551325904922, -5.2407965506450331, -11.3172249015007438, 0.4335457084953560
5712, -1.9057104593376992, 8.1029211216942887, -4.7128411217065000, 0.4404234930982981
5713, -7.5543276600191387, -2.8667199638757923, 9.9995727096731812, 0.4309697458726269
5714, -8.1995187877320941, -3.6499690975793322, 9.3557005606562331, 0.4494706355132789
5715, -8.1994646086948926, 2.0636289393042504, 5.6795768645190643, 0.4310488376844452
5716, -6.3531853075118860, -9.9995276547620104, -6.5755692717547118, 0.4930992159714637
5717, -0.7976386190494320, 4.5630852939017217, -18.9999985263672215, 0.4417731741254082
5718, 7.8003424383551057, -7.2660560078498913, 0.3525952762116533, 0.4384939533976742
5719, 8.0477707455314569, 9.9995278629775335, -8.4011472057903678, 0.4583170048031951
5720, 7.5783264938312911, 9.9725102432839670, 1.6573308017984323, 0.4638056423051922
5721, -8.1995491296998164, -2.7458384354490168, 8.5587094490465336, 0.4594100339264988
5722, 8.1596191946443586, -4.4049743470399818, 9.9997416006529445, 0.4423984714748210
5723, -2.7770455062286392, -5.2615596285197874, -18.9997474760022449, 0.4408282570686322
5724, 9.8691708111259366, -4.0719280942274887, -4.4221593803875434, 0.4236493496827099
5725, -4.7880313700918018, 2.3727394057669282, 15.1862203283528032, 0.4402168305960220
5726, -0.5090961533794729, 6.6072085243677687, 18.9786363479024125, 0.4446048802282435
5727, -0.6625514585778794, -6.5545926206463685, 13.1294902688523774, 0.4573936700998326
5728, -8.1995270038180568, 3.0846229774069025, -8.0330274582374592, 0.4447001490668137
5729, -6.8919422819438658, 5.1322295463663377, 9.9995317917626689, 0.4433552660317183
5730, 7.4233674716120337, -7.0580186875250179, -2.1156880787873531, 0.4610913534985949
5731, 8.1489386652749705, 2.8686452490430612, 18.9996637870572727, 0.4621051122004485
5732, -4.1606301858818400, -2.4467378614330411, -5.4778179970023322, 0.4491209325010096
5733, 9.9125655225042379, 9.9994609487843338, -6.5300699938909039, 0.4632582461664496
5734, 8.7988568592885734, 0.0276700916840792, 14.4813644063329470, 0.4856876638345112
5735, 11.7733555895514908, 3.4856524507393458, 9.9994019478864224, 0.4576724188682390
5736, -8.1993013505281080, 9.9709910522901364, 8.7986512359351003, 0.4736058672783097
5737, 7.6702754587509743, -9.9994605675767705, 9.3621541002930542, 0.4201770515108709
5738, -0.4399710669286210, -9.9996146839455147, 6.8121602785766884, 0.4338519783535472
5739, -2.3806341855452438, 9.9995695171754342, -8.1867311859420244, 0.4430022494642214
5740, -5.2549042448223302, -9.9994177118396284, 8.7114401380924456, 0.4521006787958350
5741, 3.8601978426330921, -0.0455704375333127, -19.0000526459667540, 0.4234675387112966
5742, -6.0627907026741550, -9.9995872661164693, -5.9523608902496408, 0.4948036977359164
5743, 11.7995000000000001, -6.7332315547121553, -4.1869870181939302, 0.4633678410990825
5744, 9.1988125504005893, -2.6294323674455891, 5.3955645940321721, 0.4573394684823566
5745, -3.1790472027115211, 9.2154369146287820, 3.3557226466955390, 0.4656040710765518
5746, 5.9385731340800207, -7.8783006269385742, -4.3476493951052593, 0.4429938598672383
5747, -1.9181129426118964, 8.7843324727818519, -9.9993702608829462, 0.4651513998453600
5748, -8.1734315250577438, 3.7638780538657692, -9.9995602305081128, 0.4563394475172599
5749, 11.1107784662718014, 5.1559543225872373, -3.1044165204887633, 0.4393257794270813
5750, 2.4434480845873496, 0.0705311926640200, 6.0092782667347615, 0.4510109229230981
5751, 9.1239046817548548, -9.9996685363686968, -3.2612532932321194, 0.4267832326192770
5752, 11.7994000000000003, -7.1134059593290653, 7.9148342009606081, 0.4557828201701461
5753, -4.9689295892301653, 1.8199087781204624, -18.9682148864180142, 0.4509465672995953
5754, 1.5471700078752524, 9.2235223595721827, -9.9995659017899960, 0.4771343085644952
5755, 7.8127484500769757, 9.9993533176830240, -0.5585957151970871, 0.4506106554069935
5756, 3.3276502151692622, -6.8500341437450212, 15.9128478681822561, 0.4582661335660386
5757, 1.9383703564513051, -9.9994877291028743, -6.7270687716812985, 0.4701679244640410
5758, 11.7798749469777047, 9.9991511756231226, 2.2648725582741829, 0.4333649462657101
5759, 11.1218849887020390, -9.9993912817279256, 0.9019996941750130, 0.4295205734276668
5760, 7.7917358929131213, -8.2262365901365904, -0.3001246626572762, 0.4451306680903508
5761, 0.1784903075080001, 0.3878719380509015, -19.0000000000000000, 0.4343630831415829
5762, 11.7798602955303195, 5.9585923617280985, 0.6585602911304960, 0.4424747123704134
5763, 10.4772498732284589, 2.5369792357345289, -5.4343935208583689, 0.4336271140817285
5764, 11.7994993856872412, -6.2104785456912683, -5.5060578483791653, 0.4986267085285968
5765, -4.1998773123686837, 9.3439781432726807, 0.1702209823893735, 0.4330444690685194
5766, 6.8518102408216910, -7.3138446770862364, 3.2524301384128553, 0.4621282362426857
5767, 4.4959319780573734, -0.4448177234407287, 5.9928303700983898, 0.4364973133011720
5768, 9.9490978313694836, 9.9995883211173862, 2.5979009402992754, 0.4407572753871619
5769, 8.5953541730543304, 1.7025287071446156, 17.7080265727412964, 0.4396931785176694
5770, -5.4770390718714372, 9.9993810652204402, -9.9768871784162663, 0.4347953561865158
5771, 7.8088216885169865, -6.6768703962529035, 0.0404306928721738, 0.4578204247735334
5772, 10.4413972731588611, 4.0350638277185498, 4.4515959935269596, 0.4528478897121201
5773, -8.1995248035318156, -0.0919356153291939, 9.9781587917102481, 0.4570889178794345
5774, -8.1994988957201702, 7.4061269411743291, 9.9781279073395321, 0.4289256005881209
5775, 6.2086416668293340, 5.4511518498851723, -17.7752971538257434, 0.4626406509852526
5776, 11.7994332786305520, -9.3123752311045820, -7.5693995088523849, 0.4741189839509609
5777, -6.8288396352583414, 9.9995557396445420, -1.2389144611175225, 0.4431564727741321
5778, -3.2754582888582333, -5.7761536267010509, 3.2259382965014707, 0.4357364123441929
5779, -4.5779965121446073, -5.7050960646060167, 1.9479176348567697, 0.4626438858200049
5780, 10.6258850386885104, -9.9994383251595185, 3.6750153512407633, 0.4402167209283748
5781, -3.4520549685739574, -4.6258772713576857, -13.4016547198224547, 0.4793234844799433
5782, -8.1995099098956619, 5.3588592691994625, 7.3929633052908690, 0.4500346716165172
5783, -6.8428844540425544, -9.9995755536083433, 3.7070964378579929, 0.4481953947002749
5784, -7.4947174753938350, -9.9995182677251560, 2.6131461673363479, 0.4616241326105048
5785, -8.1995287284069907, 2.5531270112062936, 6.8342634396975637, 0.4516901705442570
5786, 2.7425263073180486, -6.3822190906290288, -5.9207117746414424, 0.4319137128406346
5787, 9.1243824501508435, -6.9134898530481488, -9.9994453508565133, 0.4222950147341968
5788, 3.8252439598237413, 3.8165255632471133, -5.6497590520248480, 0.4317552986176173
5789, 1.9621396665220157, 7.0207530214739853, 13.1357157150204493, 0.4647149268315744
5790, -8.1995157197517639, 3.6276849340642499, 9.3081492204435019, 0.4616047604940287
5791, 11.7995168205981660, -8.0809905682914263, -6.0177279047142127, 0.4341587810118463
5792, 2.1139286918976969, -7.0153604102946083, -12.2104850316977807, 0.4496602281351966
5793, 7.1508383541950771, 4.4892182496388022, -3.9717219645061261, 0.4687177508412811
5794, 11.1452862431162174, 2.6651935761325829, 5.3721582232149450, 0.4282592222804074
5795, 9.7772841650378393, 8.5829966484162874, 9.9994291016831234, 0.4638612651501183
5796, 9.8672997870379078, -3.6970293811255854, 9.9995717017321191, 0.4353841716572158
5797, 5.3733269934452439, -8.7003138055800786, 4.8341987810481406, 0.4638643074701825
5798, -8.1996368506513164, -7.2494965261334245, -0.2985284333017619, 0.4465974130642295
5799, -4.7075807930579412, -9.9995871390466107, 1.8251421454820349, 0.4394451388372679
5800, 0.0205055124366072, -8.7018278499432853, -5.7287629873522175, 0.4459653628783355
5801, 8.4035378244721954, -2.4587950086228192, -5.4726313758516580, 0.4233646756653495
5802, -2.6190033784439430, -5.4261880407449894, 14.6770461288826297, 0.4160948269808056
5803, 0.9791621025477091, 8.6775579433493135, 5.9518429908515991, 0.4299324341792526
5804, 7.8502628505770993, -0.6038490380710537, 5.9946874084302415, 0.4461438328646474
5805, 6.5834820939085388, -9.3009591411273007, 3.6182729531254876, 0.4512180549568015
5806, 7.8545744675683835, -3.5308214729592606, -10.0001052755286590, 0.4274475298850158
5807, 4.5470768066570963, 6.4493704306823094, 16.9771362756280553, 0.4405770627648695
5808, -3.4028876778657655, 9.9995111284511697, 5.1197408609701291, 0.4339052274570257
5809, 3.1218843991511078, -1.0305468182601498, 19.0000990000000023, 0.4402825943887904
5810, 6.9505600737034952, 6.5511427977518526, 9.9996502172005801, 0.4331123115549599
5811, 10.4952057561806917, -3.3180040795413381, -5.0016519217944735, 0.4279469583568339
5812, 2.1071184818411917, 7.0057466339074663, -18.9770206330659299, 0.4212706259725392
5813, -2.9484393952240913, 5.1652220936370332, -18.3184122208231273, 0.4663411226399646
5814, 0.3160012249204484, 6.8404328848595375, -14.4942271135732330, 0.4325321247172653
5815, -4.1179443137574276, 5.8929055876088574, 1.0778665096861810, 0.4480518867441086
5816, -3.0643790619566471, -5.0475338703282873, 15.1613064147378935, 0.4518407819234088
5817, 11.7994797050825877, -6.0951482654297919, 5.1361841780791817, 0.4485026109242954
5818, -1.6168884482184289, 6.9312232045454119, -9.9997552506952232, 0.4320399154062313
5819, -1.5471648557473048, 6.7055755132682462, -5.0112822481891381, 0.4325433640965746
5820, 9.2757657938611224, -3.2836069705154678, 5.0213797891057261, 0.4522067947009010
5821, 1.3927490027307314, 3.9922470458213009, 19.0000485887921826, 0.4319459954426240
5822, -3.6175643880309947, 4.4443473790091375, 12.6732412384748994, 0.4695227597662366
5823, -7.0042630878567689, 8.7297911254088163, -9.9994344101387718, 0.4278863736895591
5824, 7.9873226328626670, -3.3012942045304161, -11.8219417179861477, 0.4394738425673643
5825, 6.6672813181712494, -5.0338823027605217, -14.2022832160717822, 0.4587745233889917
5826, -4.1706048472292698, 6.6389564238758068, 0.6871633666628429, 0.4472484927157663
5827, 9.8392758597989758, -2.2042410291470489, 5.5835163937454562, 0.4408331711982079
5828, 4.4618104426108092, 6.4873432239032818, 13.9116009942852958, 0.4516626535754042
5829, 11.7994618513128930, 3.2665621331718468, -8.0136270665828366, 0.4377671939044602
5830, -8.1995444550494536, -4.7373525357094746, -5.5734170734267972, 0.4502648461266562
5831, 3.0904737761441790, 9.9996359647123736, -7.6162574478293497, 0.4307883321887832
5832, 8.1227621103156746, -9.9996433041628876, 3.7215643862988790, 0.4740492595346821
5833, -1.9935778630979903, 9.3442075797043564, -4.6527480038836169, 0.4393448588686770
5834, 11.1318962244536586, -2.8407514340451137, 5.3091917416994043, 0.4507049798113433
5835, -5.1784825246936457, -0.6928389033687725, 14.6418413212318601, 0.4609058579283754
5836, -6.7719281124828621, -9.9995934976205181, 1.6623781950093848, 0.4527938007867038
5837, 11.7769901320298569, -6.9968411194549045, -9.9992817146569841, 0.4626569915750127
5838, -4.2473332606377996, 9.9994902194517437, -9.2886951189535925, 0.4660154322645778
5839, -6.5921020051760575, 7.3791379964344346, -9.9993011033603931, 0.4493751644418503
5840, 7.6962700852865247, -3.7684302276798096, -12.7626101667043041, 0.4503542228842781
5841, 2.0825178896272760, 2.0434990783110289, 6.0309621937840356, 0.4391999751237501
5842, 11.1058644553190184, 3.3471111741131367, -4.9831985583901020, 0.4491532559224015
5843, -8.1995035053681757, 8.7060149658603851, 4.4257493696054402, 0.4278096122551791
5844, 5.5952711636049877, 5.8817226169318468, 15.9941827160275469, 0.4285305846739168
5845, -4.3018713388882199, -3.4420025146561906, 18.9718005799663310, 0.4220958204421520
5846, -4.3368980583815464, 3.3873950553756775, -16.7836565507347260, 0.4310794657413842
5847, -6.9777167236181468, 3.4715499269003907, -4.8909296087442593, 0.4424401652362260
5848, -7.5305717505593002, -9.9994814871410718, 8.5595615333532056, 0.4713890486713047
5849, 7.9390958064771597, -9.9994508967153788, 8.7211073332314069, 0.4589697283693274
5850, -0.9566448455958424, 2.6111316626834213, 18.9999803416149255, 0.4371156414946137
5851, -4.9138443538597141, -4.3669307166430418, -4.1084537736801732, 0.4509835116343698
5852, -4.8548057581615049, -2.1639713046445199, 17.6412970760860546, 0.4459597361470553
5853, -8.1994653914346891, -7.1304522767266842, -7.9595836039321881, 0.4354236195872394
5854, 8.3248651294562599, -1.8158940570752691, -5.7341390935333267, 0.4258916553231387
5855, -2.9525450005008538, -9.9995716786245765, 7.1879373997371037, 0.4512673800820701
5856, -1.4463482448716296, -3.9438952527967084, -18.9998871500923805, 0.4233996700735257
5857, -1.4730518892328917, -6.2199994695867487, 9.9998261386338960, 0.4514271771928127
5858, -3.2430873799938906, 4.8525017803768877, 18.2849819850231690, 0.4638279904237432
5859, 7.9910473373481352, -3.2891010511833749, 17.5653263345151345, 0.4789062212216935
5860, -0.4164041395694856, -3.3887058987316583, -19.0000000000000000, 0.4654206961001963
5861, 8.4811928813226238, -2.1489299414270038, -15.5230142288041915, 0.4281535851177672
5862, 6.4650204162192928, 4.6418889177430414, 3.8292394584235883, 0.4229174395257332
5863, 3.8015221976091444, -0.6557884909920942, 5.9910294712056160, 0.4364973133011718
5864, 2.7823756578442489, 0.3729479982682357, -19.0000000000000036, 0.4217217792291525
5865, -3.6427807229503184, 4.4161992749761252, 16.1498003768021583, 0.4532274789088183
5866, -5.7173852304588824, 9.9993826591138433, -9.3433968310806499, 0.4336244233929269
5867, -8.1996165577281239, -6.7331905775139260, -2.8159683601940215, 0.4372931778155756
5868, -2.2654492234941332, 5.7109775071465334, -17.1449275945358970, 0.4253522097536009
5869, -3.7850652470897774, -9.9994435323960431, 8.7316987045864316, 0.4236102271757759
5870, -0.7055204044645199, -6.5373193140583252, 12.4498777785604293, 0.4433300246712465
5871, -6.7801969597021019, -9.9995511050839347, -5.6725834817568987, 0.4948036977359197
5872, -8.1996672879508399, 6.1150020970403629, 2.8048421148328737, 0.4446339931432964
5873, 9.6444708864648998, 4.3809059877025653, -9.9995835929352168, 0.4515572172600525
5874, -6.3331440620496613, 8.6613327224212924, 9.9994940893815851, 0.4605530431467683
5875, 10.4749679243180225, -0.4702692693622015, 9.9996157176709399, 0.4823761066489700
5876, 2.4082456195821060, 4.3327022631200016, -5.9746665335831430, 0.4478440887241409
5877, -6.7790373493965435, 1.9021487042046983, 5.7184236219730975, 0.4493119426755249
5878, 6.7077465164094177, -4.9966684400736652, -16.1506210699420620, 0.4282173458751278
5879, 7.0026068160561872, 4.7190886138285082, 9.9997937523719607, 0.4586640260774925
5880, 11.7994909986059593, -7.5484134864313317, 0.4832809562196260, 0.4528104745547487
5881, -4.9357809158844717, -1.9167252674182587, -11.3546616709204056, 0.4264310898946015
5882, -4.1945452439020547, -9.3191103238619952, -0.3397247162848684, 0.4747210478682634
5883, 8.1701861477019690, -4.1895553520821043, -9.9997540858306042, 0.4162928031828077
5884, 8.8856245099151039, 9.9996515954792073, -4.0790671667746041, 0.4478940867827678
5885, -1.4115130446452464, 8.0831999374376178, -5.0911763472951623, 0.4180643110490130
5886, 4.9553295365303782, 6.2503957939390720, 18.3725896291890116, 0.4589516676581291
5887, 6.8872635245235792, -5.7594188713911274, -3.1970784264857093, 0.4245687246159571
5888, 11.7995930229369286, -5.3788818864199834, 5.0215417046213977, 0.4498365935128611
5889, 8.6081471912984036, -1.6534387802523893, 10.6709039031455237, 0.4313493634194971
5890, -4.4160908314646869, -3.2242735674005307, -17.0150023298236377, 0.4422181681681624
5891, -5.1971236729716548, -0.5208023419121428, -18.3404954506326021, 0.4586237586029676
5892, 11.7995000000000001, 6.7290247942334620, 5.4454906922781205, 0.4351045223437134
5893, 3.3880700369503161, -6.8390456862912297, 16.6314488718098694, 0.4677619989518400
5894, 9.5330680648310810, -4.7010539938745701, 3.7469627600579107, 0.4502066882652890
5895, -5.1980714729054531, -0.1354837852301893, -11.9945040833595549, 0.4468993835152739
5896, 5.3685920027232452, -2.7694420741034236, -5.3174231955896127, 0.4726420205983315
5897, -3.1016473956975936, -5.0056553746939496, 11.2500466429350130, 0.4338632765071638
5898, -2.7569052513713150, -9.9995661475072861, -7.1402218963831627, 0.4390696554354789
5899, 11.7995292710053725, 1.1842151072050455, 7.9629614946130918, 0.4394569225112848
5900, 7.5607549207422950, 5.7863224345463964, 1.6676119201381561, 0.4802593917939477
5901, 11.0500586196783352, 9.2415034042693822, -9.9995461562352634, 0.4628260265344559
5902, 7.8240336172453890, 3.5625119258860689, 11.7903353499186174, 0.4778388031125250
5903, 2.0210067375717662, 0.6554683228182012, 6.0007035289976711, 0.4359000036040345
5904, -8.1809673913771608, 1.1986203073556352, 9.9995369201834698, 0.4346467148419259
5905, -8.1996076318516788, -4.0412151934714418, 5.9740043193439734, 0.4789601555148116
5906, -0.3113569055197737, -0.8982742247483368, -5.9484980807122696, 0.4339114858394276
5907, -8.1995313295401928, -8.6991241153102212, 6.5321988047051489, 0.4356734741762494
5908, -4.9204113669094882, -1.9625903777425024, 11.7830433412116680, 0.4547786607499240
5909, -8.1995006942654491, 8.0008590667439439, 1.9122960782278269, 0.4674828911697216
5910, 7.3379852142998754, 6.2401528297880073, -2.3365526228208817, 0.4571948957191487
5911, -3.5133484684257028, -8.8090133255883760, 2.8220189484093150, 0.4342966157446592
5912, -6.9815059259859877, -9.9995767593782041, -1.2133884288161301, 0.4651283653279846
5913, 8.7161331346159070, 1.0946587235005225, 16.3661546761150056, 0.4310384904684889
5914, -8.1996018065220717, 3.3083898594930119, -5.8409139817330491, 0.4371893598565733
5915, 11.7996648362094678, -5.5487979715627525, 3.7606357429165107, 0.4287462933049375
5916, -5.6758573987142347, -6.4728809797581448, -9.9996109633142911, 0.4565078966401735
5917, -7.5381702223187768, 9.9995194413563109, -5.3831000070631143, 0.4469536911605999
5918, -1.1039432392100594, -4.5947554975883680, -18.9998529645760499, 0.4637466991168156
5919, 1.8585458161881632, -5.8066339894802468, -18.9999175343219449, 0.4333420135346006
5920, 9.9250640564124240, 0.1755791702507871, -5.9960413466162983, 0.4324342602666980
5921, 0.4363770223223373, 6.8737415795576933, -18.2970036068681878, 0.4439047866905683
5922, 7.8314274893983624, 3.5494386008266079, 14.1527094796263651, 0.4565995115272453
5923, -4.1871992202773169, -2.5778469483156958, 5.4154761895761432, 0.4502810100556577
5924, -8.1993960707282589, -7.3010432192443320, 9.2871542043916655, 0.4420873341502200
5925, 0.5906050599681179, 9.3624024297012465, 9.9995226123751788, 0.4657837439831298
5926, 5.5647176502064344, 5.9026481080686493, 15.2690425671677019, 0.4280020637639157
5927, 11.7995000000000001, 5.0155316877704399, 6.8340271948676090, 0.4315751257191490
5928, 5.5685559913918716, 5.9031707937595295, -16.1082394935488153, 0.4357095807872975
5929, -5.2001235878305803, -0.2100720652159341, 10.6700417008256476, 0.4569787129509529
5930, 10.5654252677184619, 3.6247305305833288, -9.9994796949763458, 0.4333365378522502
5931, -7.5520487345224403, -5.1994435720396446, 3.0205553560718479, 0.4446988803988310
5932, -5.3902301380314110, -9.9996065224793025, -4.7577125759641170, 0.4704884666358420
5933, 4.4712088278883479, 6.4867315457291230, 15.4336283195181689, 0.4383320206701807
5934, 7.4037216228455671, 9.9991225469633669, 2.2056847428491135, 0.4749923685624568
5935, 1.3721525863225137, -9.9995121137784686, -7.1554551290665991, 0.4500857118822207
5936, 7.0413802207479872, -4.6416660299793477, -13.7587361909568529, 0.4381778312771779
5937, 4.1409604573587950, -2.4630126677422859, -19.0000989999999952, 0.4251584391328797
5938, 7.5159653972327360, -4.0660416819528606, -14.0004471511154218, 0.4398399796339587
5939, 6.1616943732311276, 2.6508884626998102, -5.3818325455083444, 0.4279267557965168
5940, 3.2615134284421625, -8.8514557022278098, -5.8539505193648882, 0.4429368247448998
5941, -2.9845654529694960, -5.8697747204612396, -9.9998469514532431, 0.4162418177966214
5942, -4.7402485052470649, 2.5185629431198402, -14.4479603316024523, 0.4416090698853161
5943, -4.8880741378588120, 2.0587267933275544, -16.9077088394238295, 0.4342721264540727
5944, 2.1111617662918376, 7.0176675167214544, -12.0158804869620699, 0.4291269381473870
5945, 9.8023317622787474, -5.9934328733298621, 0.1048274397591464, 0.4403730634400603
5946, 4.3157005896175464, -2.5782503207573484, -5.4503429906120999, 0.4609320671618612
5947, 9.8187797537979087, -9.9995354292440641, 5.3313732320958973, 0.4653536638337695
5948, -3.3522760256667810, 4.7364439456555223, -12.2859865632799252, 0.4661278741598842
5949, 11.7994395508657526, -6.4267759609516162, -1.7344566521733120, 0.4392880470962607
5950, 1.8767024184979941, -0.6200585160918600, -6.0182033170841063, 0.4625338931332998
5951, -4.9959532342848831, 1.7217795626280066, 15.5104903738347861, 0.4354418815705946
5952, 10.3082414841428456, 5.9979841078144629, 0.2599931556054835, 0.4506034520096389
5953, -4.7115240266772460, -5.8582160194720663, 1.2625298413935742, 0.4863680324994306
5954, 11.7995585131938210, -5.6702999136014212, -9.3068924931194807, 0.4567535775880671
5955, -3.0447674800690097, 0.9827990314495173, 5.9311324810283992, 0.4397359866491963
5956, 6.3242999575129684, -5.3474431598549579, 14.9605843184716960, 0.4666146679971735
5957, 9.2934326792232191, -9.9775299153082440, 9.9994723963234602, 0.4543416691077493
5958, -5.5722499341400127, 6.0177650866248831, 0.1501753302493203, 0.4877681142251881
5959, 11.1898581004648694, 5.1775162075004966, 3.0473330015680125, 0.4221455444429030
5960, -2.2075741368358877, -5.7522999973718063, -14.2797752577227488, 0.4346040099555584
5961, 8.1543274452184882, 2.9494068100611361, 10.6499832401835235, 0.4304310322956261
5962, 6.5194298060167890, -5.1672940579281388, -13.5054923692805797, 0.4331168615893942
5963, 11.7991380210375940, -3.5179302661424692, 4.8748015156989579, 0.4566243308103390
5964, -3.3346248442849964, 9.9991089251409999, 3.1596455581539464, 0.4555813259851814
5965, -3.9074627514893865, 6.8111946634819205, -9.9994918777385369, 0.4339874566945798
5966, 0.9807922351860607, 9.9998054538755579, -5.9846265430949366, 0.4593740165631519
5967, 3.8902689860173782, 6.6799261547318896, -17.0297867253616033, 0.4233155140506645
5968, 10.3222196029334370, 9.4355898233719717, 9.9994311409764531, 0.4534979625462432
5969, -0.9488484416985833, 9.9995288143306009, -8.6955740186471608, 0.4378604851564954
5970, -8.1994882208454491, 7.9607614341400463, 6.9908014889447152, 0.4640326870630027
5971, 8.5379065732491721, 2.0101197031445066, 9.9998751915936488, 0.4278323837176262
5972, -5.5117634473472865, -9.9778819896556410, -9.9994518556973517, 0.4337346805821751
5973, 11.7995906820815364, 9.3473663841165386, -3.3705578556659042, 0.4670458734540626
5974, -2.5499201717740703, 6.9842689604673893, -4.1339294042657073, 0.4602601052825702
5975, 11.7996579220289171, -9.3482520884504634, -2.1958914454757763, 0.4582418267386440
5976, 8.7747767756087836, 9.9996371177361230, 2.1773027674123893, 0.4422694985940637
5977, -1.3771860467495729, 9.9994908762750576, 9.9757457716383211, 0.4346826199414241
5978, -4.2213381552006712, 5.9946729062712549, -0.0441984197334027, 0.4490785852760423
5979, -4.8600505699292906, 2.1493944508791420, -18.2186256818377856, 0.4680966070530902
5980, -4.5703460747752613, -2.9050076200734098, 12.3701770270821108, 0.4460576017473781
5981, 2.8999863682850027, 0.9566522445004214, 19.0000000000000000, 0.4302974332597835
5982, 11.7997102510824661, 3.0371928497821328, -5.2068998259054684, 0.4485347751130639
5983, 1.9710086602324259, 1.1313755602263396, -19.0000000000000000, 0.4426744572736393
5984, -4.9990193542993273, -1.7139665458139595, -14.2044310522382542, 0.4505378189294537
5985, 8.5119850754529089, 2.0845037703436438, 13.2291232662765363, 0.4300047467842200
5986, 5.7286799874830638, 5.6638194952216505, -4.5380440664534838, 0.4544832352998763
5987, -4.9544991628826374, -0.6729650185903600, -5.9939476148343163, 0.4496237134365204
5988, 8.5828662374598963, -1.7817402929286261, 12.6922358178717278, 0.4509676723991977
5989, 6.3435281809511697, 9.9996854465549454, 5.7970466072312963, 0.4522017769942601
5990, -4.0823322168330325, -9.3099006832689266, 1.1588831716166845, 0.4495348898084079
5991, 3.4719830123203947, 6.8146213349963922, -10.6481457542067250, 0.4478368549520869
5992, -8.1995930151962604, 4.4125849842223719, 5.0050890108575672, 0.4224378716957499
5993, 10.5580860242374825, -4.2778263603760713, 4.2048958009274200, 0.4368432427521815
5994, -8.1995398610047960, 7.3270740891597299, 3.7744265085301167, 0.4437176237244297
5995, -1.9479820933790095, -2.8214141804279911, -5.2943267205208722, 0.4723267922864808
5996, 0.8252005525797480, -9.9994999712120816, -8.5242386920435127, 0.4499171787989149
5997, -7.5572829572320819, 6.2089789813079408, 9.9995747215925057, 0.4516158814527064
5998, -8.1992458778818644, 7.4256601138600855, -9.3279750150539265, 0.4450070831709741
5999, -8.1996175393814426, -3.5463986562764416, 6.5116173506290957, 0.4814261814045489
6000, 8.4290745969843321, 7.2188105178289135, -9.9994897978546504, 0.4714229875050142
6001, 1.6710223335825538, -2.7045198155240233, 19.0000695292612782, 0.4421422221529979
6002, 9.7694449870735269, -9.9994745286403006, -6.4057807103723157, 0.4355094778033555
6003, 11.1586405616491984, 9.9995232831356251, 8.4621968572619259, 0.4540278295481829
6004, -1.2732361791559310, 9.9995391973459338, 8.6609133499852078, 0.4488570271598838
6005, -2.9791817646555212, 4.7496706184803532, 3.6816289068641854, 0.4209513404248914
6006, 0.1633803270329704, 9.3047869823227831, -9.9994705951036131, 0.4471785134909202
6007, 8.3303334959752053, 2.5171183561010912, -15.6670372751139553, 0.4421040129796065
6008, 7.8640034025807779, -1.7326156630354497, 18.9998861751799915, 0.4424046230192130
6009, 9.9422060171206557, -3.4203098175488891, 4.9306960828966515, 0.4238221179577162
6010, -3.4489321287062653, 4.6290344284683798, 11.9951361121388143, 0.4695227597662328
6011, 2.1609397997292241, -4.9705370884221569, 18.9999738460131482, 0.4602908542750379
6012, 4.7900182397536613, 4.7790872369239032, -5.2279164170981698, 0.4348670867305391
6013, -1.1370904200440457, 6.2718137791375961, -5.2293777494864386, 0.4453699891192188
6014, 11.0372894504859946, 5.7279080350045595, 9.9993227720202071, 0.4854852147198075
6015, -5.1265598678912170, 3.6420198329084812, -4.7669029649391970, 0.4338158727311069
6016, 7.7980219393160031, 6.6674511482004801, 0.4701074507916008, 0.4709080897705122
6017, -8.1995101824676375, -6.0018217242949321, -5.6819090457158294, 0.4424091161484600
6018, 0.1849218922428175, 7.4445933705932195, 5.7760277800577171, 0.4416344979330704
6019, -3.9068658067861417, 9.9995639405605274, -6.2914763948859074, 0.4258827056754096
6020, -1.0755361221126196, -6.3808282818815334, -12.9460262103118851, 0.4300017414509614
6021, 7.0866480804580174, 3.4926070034075800, -18.9998691125825196, 0.4413265758116781
6022, 6.4617051043850333, -6.7834582666303520, -3.8065271791335591, 0.4263515034406288
6023, 8.8042570058375205, -0.1104065249621825, 18.3518011661056768, 0.4422090807123448
6024, -2.6518947659065719, -9.9788289064818834, -9.9994497520812935, 0.4387353159508992
6025, 2.0471451110614964, 3.1138160001882609, -6.0318815105824886, 0.4467079422811232
6026, -2.5224630878320822, -7.0627898243246028, 9.9996124151331323, 0.4473818641241630
6027, -7.5622054069988076, -0.4392499391846130, -6.0078781233115421, 0.4670763564558441
6028, 11.1247647833153849, 9.9993550551061734, 0.3677693387382741, 0.4527363364364033
6029, 7.5860303178657409, 3.9507123842166152, -16.8925542499972394, 0.4535932656552887
6030, 0.8241552915265296, 9.9994890349827958, 9.4421987801537863, 0.4202989292907914
6031, 11.7740583057865322, 9.9991310805795290, -5.7784572110858079, 0.4354006911153961
6032, 0.3504395271189792, 4.2221340915850769, -19.0000208591776207, 0.4356522636853925
6033, -7.5518944082071604, 5.4092744231697898, 9.9995515141180000, 0.4787443945429428
6034, -8.1994624791579209, -7.1959368157293619, -8.7082853031324721, 0.4555357319800961
6035, 7.1843242217748049, 9.9996992397349160, 5.6785319401133885, 0.4492080433649973
6036, -7.5354560362993439, 2.1702116881682496, -9.9996088350936922, 0.4262144456202417
6037, -6.4143730471069293, 3.0649575796970101, 9.9997119397283125, 0.4305911957074404
6038, -2.9620347478524356, -9.3573765624415461, -9.9994683320405215, 0.4282046784921034
6039, -3.4195264556371363, 2.1374589646008149, 18.9998059578005076, 0.4508955598325156
6040, -3.5883473173524210, 3.9167872494669274, 4.5606631812219058, 0.4342182505964154
6041, 4.4520084756605875, 6.4756001214887711, -18.9780006092154707, 0.4603281236816707
6042, 2.4758983890190569, -9.9994471283188648, -7.3236648538260578, 0.4701679244640401
6043, -1.3764718364622008, 6.2532791933360885, -12.5791605614347386, 0.4356386905268851
6044, 7.6382146434035594, -5.8134564114269427, -1.4881676441035856, 0.4319199254575368
6045, -3.9272722139963170, 4.0334165424388795, -18.3818637963099825, 0.4490563974483731
6046, 3.2995076781737769, -7.9203450488575013, 5.8256155546026207, 0.4786563159963199
6047, 7.0840570740979043, -3.4990074252340841, -18.9998980274729163, 0.4382916200056565
6048, 9.5905998481710739, 5.6746091938833390, -9.9994852681837649, 0.4591189832918206
6049, 2.5497956339142549, 8.8055045425739102, -9.9996106772164168, 0.4554432957806583
6050, -8.1995625150079707, -8.0156012709899596, 3.9226799635413028, 0.4492602240665654
6051, -8.1995735296617092, 7.1219483103849344, 1.8776317561172671, 0.4674828911697205
6052, -2.0132206560382393, 5.8769836218510747, -17.7503062866198533, 0.4259217905993363
6053, -8.1996158391917024, 4.9017237574754366, 4.5107707419018066, 0.4224378716957505
6054, 5.9905945880603939, -5.6102395032737036, 13.1168278680017441, 0.4597300488288389
6055, 6.2901274190456684, -0.4265162073536253, 18.9999797836126270, 0.4272955584014147
6056, -3.2854192031016640, -5.8091951925224237, 9.9997421198249512, 0.4535337024224662
6057, 11.7995318156607230, 0.4373124033375585, -7.9783224250728297, 0.4366927818115936
6058, 5.3101346642495155, 0.1797243854668484, 19.0000309887673566, 0.4452481040911839
6059, -0.0679913242727773, -3.7408782304843822, 19.0000252976428179, 0.4438838612682311
6060, -1.6430646031089440, 6.0948947985830353, -14.7224595891036643, 0.4343992471569001
6061, 6.8346407665867126, 0.7212767648521368, -5.9882700768867707, 0.4349281520345333
6062, 1.7967138395585793, 1.8577212337143036, -19.0000043787941095, 0.4434535033661558
6063, -3.9213264788315767, 9.9994691271363827, -5.5390865491102357, 0.4396864012558793
6064, -4.5988547702459952, -2.8208659532664853, -18.9757850450384424, 0.4347869620217916
6065, 11.7994000000000003, -6.0213938991812936, -0.0426797581768061, 0.4465314824058111
6066, 1.2954141675073683, -6.2859557597934073, -18.9998809783209275, 0.4455709362485465
6067, -7.3975546680113489, 5.8401486469951749, 1.3759063630568202, 0.4599983542694979
6068, 5.0151399039834441, -6.2162444188840809, 16.1627651191684336, 0.4618859660950030
6069, -8.1752336113534181, -9.9993674468800968, -4.8198120533545037, 0.4510197822753689
6070, 2.7593095260927907, 9.4025555864989361, 9.9995551042202973, 0.4133837491744036
6071, -8.1748459905876292, 9.9992846721175912, -0.7113930940278463, 0.4361114666588479
6072, 8.6673055170198996, 1.3221089569996751, -18.2996208084117562, 0.4449342278172955
6073, 0.4007608725453097, -5.9885405060369523, 5.8400182403030003, 0.4602143208145049
6074, -0.3002842813908787, 4.7019647465565511, -5.6173476904946735, 0.4253831410271828
6075, -2.6435415718059878, -9.9994467111323573, 9.1934025669197101, 0.4597202796259644
6076, -0.0819402046190544, -6.7424598780316067, -16.0898361171781907, 0.4474323766440633
6077, 3.5038890394505873, 6.8056164934010193, -11.9152006204910688, 0.4235543114206494
6078, 0.3704392010569026, -0.1425071394119868, 5.9942004653420478, 0.4412286940181647
6079, 8.6068268467709377, 1.5050973965819150, -5.8064455999842428, 0.4268621927879344
6080, 11.7995178298462164, 3.7775798502016258, 7.0086385955965609, 0.4352668255432980
6081, 11.7995194632593936, -7.7920228496448374, -5.3841573622933554, 0.4824979740571480
6082, 10.1205010660272823, 9.9994724772154218, -2.2042123144653849, 0.4824050865360900
6083, -3.7409938443593038, -8.1574266011110996, -9.9994944079139731, 0.4245264554421266
6084, -4.2460312886528273, -0.5793392747059518, -5.9950788180805379, 0.4446171106410023
6085, 4.5712697084919958, -3.2133806224935908, 19.0000989999999987, 0.4292610444074715
6086, -2.3565789156857515, -7.8084869565343338, 9.9994931163552518, 0.4558972953931558
6087, 11.7740769503714731, 2.9279188396610536, 9.9994260675239950, 0.4703233397735704
6088, 11.7996983555077417, -9.9796019473664987, -3.7555868224681062, 0.4673938944682378
6089, 0.1421763537406433, -6.7935597809935393, 10.0268407332762610, 0.4514988670829099
6090, 7.8141773096016935, -9.9996832905291946, 4.2658929982975806, 0.4776145181011759
6091, 7.1953312902321516, -3.7508820189767378, -4.6788221171765754, 0.4787635979920736
6092, -5.2002544559259842, 9.9996185572891392, -1.7163863289855568, 0.4914427593508391
6093, -7.5964300549620942, 5.4879880620112020, -9.9994277836884287, 0.4781139147699879
6094, 8.5534940453327835, -1.8814446041690354, -16.1965670052817039, 0.4306145128826992
6095, -5.7223535330896338, -9.9995980104897182, 5.2227757888195550, 0.4393944826325772
6096, 0.2730535323885273, -8.1261646865245769, 9.9995870988687603, 0.4726691070516565
6097, 3.3355007830049854, -6.8510859793449015, -11.7572630932604252, 0.4316017321314421
6098, 10.4440175804436031, 9.9994794654080899, 0.0057250602683316, 0.4407285867376233
6099, -8.1995369161173812, -6.9692215374639659, 1.9839241168180253, 0.4482801621065916
6100, -3.0755391746814018, 0.9661047569026220, -5.9346281730676989, 0.4450797208863214
6101, -5.1735857437204151, 0.7236205306788248, -14.7803138624844994, 0.4646976781376982
6102, -7.5238787591755107, -9.9995434451871521, -7.5617613780139612, 0.4510775168093660
6103, 11.7995843055343865, -3.9329136090959578, 8.6230371770555791, 0.4393324590559360
6104, 6.8592437603729630, -6.4381606487822030, -3.2221613881722941, 0.4263515034406277
6105, -6.4267803725626695, 7.7802150158617076, 9.9994599492583109, 0.4605530431467674
6106, 8.5919062219314437, 1.7015436857062640, -17.6978994089259665, 0.4370963179967289
6107, -4.1582182102633558, -0.0657123265279567, 5.9932459708147174, 0.4440147950467492
6108, 8.5232476660470358, 5.3325243048051867, -2.7987177944765649, 0.4395931785058965
6109, 8.0910211203194109, -3.1005985040032016, -13.7109584887440441, 0.4312408211225907
6110, 1.5433939822223277, 9.1877724280659248, -5.9954880643471222, 0.4741240249304818
6111, 3.5118025892993456, 5.2518610470682994, -5.7807319705899856, 0.4363947271407533
6112, -3.5879369712210121, 8.8315601299601951, 2.6732132308728174, 0.4656040710765515
6113, 11.7995182687583924, 4.6297813884233294, -5.5491162112936943, 0.4686566280368542
6114, 11.7994555686267084, 6.9539858296190173, 7.6003013412283957, 0.4555975567323378
6115, 11.1117314075231945, -5.4088534275776761, -9.9993301430821511, 0.4572549264386788
6116, 5.3970863000180600, -2.1748271155499577, -5.6170931314333963, 0.4606229166351093
6117, -1.8813027726187084, 3.4428633401545441, 18.9999067072774253, 0.4283601048067699
6118, 10.3764976135693594, 9.9996002452980637, -9.3954102544733296, 0.4712910846393932
6119, -3.5968762764608329, -4.4641755198176174, -10.7261826601487069, 0.4634583645122815
6120, 3.4610455140841698, -6.8150341022654537, 13.9141073695394368, 0.4509016297332840
6121, 6.5546853040563127, 9.9995330313392099, 7.9778063582349068, 0.4730819211405712
6122, 1.6986209715668128, 8.6683866206156690, 6.0126830771887860, 0.4299324341792548
6123, 7.8562689274841393, 3.5101333976843621, 17.0918704274384048, 0.4420910358945740
6124, -8.1995127111847950, 8.6470832993269138, 0.4671950247569439, 0.4331092987283091
6125, 7.4871635360159274, 0.1577592443734563, 18.9999010000000048, 0.4351891115555544
6126, 4.0577426433895445, -4.9647053347336865, 18.9999243276598158, 0.4430325599255260
6127, -1.8231012242223155, 6.0834915440545139, -4.7837778568117164, 0.4453699891192177
6128, -3.6710203089232079, -6.1192421819020248, -9.9997286435088490, 0.4317977975029045
6129, 1.1207418506113334, -3.9001799864373692, 5.9618089221110839, 0.4504025905216785
6130, 8.4561349724951800, -2.1859392180043375, 11.9720421739506264, 0.4465668908383085
6131, -3.7623217033315877, 4.2346456332581148, -18.9996142694703707, 0.4490563974483682
6132, -4.1647167043894786, -8.6827934927325892, 0.7818490262570478, 0.4372978957229642
6133, 7.9372585140434007, 9.9994003180288491, 9.3940488830721183, 0.4841703347248053
6134, 10.4330193242488800, -9.9995214519362356, -3.8493980548736024, 0.4350871523912040
6135, 6.6910853539773836, 1.3939569249446004, -5.8318096920616282, 0.4444916173270514
6136, 3.1255903335712287, -0.9806329661020992, 5.9206996015438200, 0.4259732225600225
6137, -2.9532286424927188, 5.1509159355522405, 17.6924248850559636, 0.4511264125127819
6138, 8.1119926162336995, 5.6563911357782564, 2.0219680947397221, 0.4903787814273623
6139, 3.1951380210251266, 6.8745150830199186, -16.0468683590484424, 0.4360120212801594
6140, -4.8454473997341809, -2.6351615730977600, 5.3888940101201177, 0.4891535226124389
6141, 11.1291497986525041, -5.9944796158394027, -0.5658164809765504, 0.4626027878126890
6142, 2.6721820070131406, -2.6273214394722757, -19.0000989999999987, 0.4253743519717765
6143, 3.0354204652352732, 8.7244718420445011, 9.9996199046948799, 0.4420501849457350
6144, -5.1931815289995313, 1.4009227911450541, 5.8320884852008970, 0.4428806635031457
6145, 8.0771126590668274, -3.1293231750989845, -16.1274378296354293, 0.4401357128475223
6146, -4.1957430304108616, -6.7560387853139252, 0.0217499256488999, 0.4569875758867255
6147, 10.4410736284947347, -9.9992809288290232, -8.1244105911322340, 0.4371278841508064
6148, 0.9259869341710454, -6.9597159789847307, 13.5891953632018740, 0.4342057742556347
6149, 3.9206121677320844, -6.6693905772388531, 16.9458802866778342, 0.4609774081481978
6150, 1.8820780621824793, -7.0094023106357728, 10.6843195783181102, 0.4662584564003803
6151, -8.1994951095460511, -5.0974628350564766, 9.3197220855924563, 0.4619810212059313
6152, -3.4916588341667030, 8.6950623094969455, -9.9993184975371445, 0.4290301894186553
6153, 9.0349385325798188, -9.9996118990119918, 4.8716286403177431, 0.4653536638337646
6154, 10.4230141596324266, 6.5985574479802684, -9.9993952590191064, 0.4503593701819480
6155, -6.2608044259422808, 6.0091094567096786, 0.4249483424878422, 0.4877681142251859
6156, 4.9511594915809738, 7.0748300914440483, 9.9995941221177702, 0.4524149251450195
6157, -7.4283320597481080, -9.9995111940080861, 7.2103092931441957, 0.4536985375413454
6158, -4.4650451160617868, -3.1199432294932223, -15.5579038287668965, 0.4405008932528680
6159, -2.7029863752299281, 8.6988649206146302, -3.9642232718261017, 0.4468297642584337
6160, 9.1740930901241953, 9.9996304053753278, -3.4487508607382575, 0.4478940867827680
6161, 8.7943666102216689, -0.3509585506532484, 15.0878148627543975, 0.4391383270710433
6162, 4.7178699461165863, -5.6713958022123485, -5.2788137435737381, 0.4334997617330670
6163, -4.7541563317687947, 2.4159863054474435, -18.9999010000000013, 0.4488594938232368
6164, 11.7994859781116244, 4.3287302566752892, -8.6345577862438780, 0.4430073341507899
6165, -6.4085971678099654, 3.7756692135002701, -4.6736360032178315, 0.4337181317187004
6166, 11.7994978412776934, 3.5609819210915585, -6.4204680600810855, 0.4617346182543799
6167, -4.1372909288500956, -3.7119381196735284, -12.9028627212591864, 0.4305563353478132
6168, 7.2991335416570609, 9.3913958312779400, -2.4035481557033602, 0.4675705136901894
6169, 11.7996252378710160, -4.0463624394923121, -5.2432903917663634, 0.4503534951385122
6170, 6.1066733653061549, -5.7678117595110150, 4.1770366865021060, 0.4382102862544012
6171, 11.7995000000000001, 6.8632059754624519, 2.9227399122978559, 0.4373674762753132
6172, 11.7996910673124056, -0.8609302405493441, -9.3544059127650296, 0.4535556235059412
6173, 3.2984110315773725, 1.0201344915126636, 5.9313419011313044, 0.4305347110985029
6174, -2.9539031921324606, 5.4670304284597693, 3.6723698483108835, 0.4378719681925596
6175, 8.7642158274210011, 3.0756039168360179, 5.1789700229893194, 0.4617044486485183
6176, 11.7995000000000001, 6.9708006668243216, 3.6136261952578352, 0.4386972430666560
6177, -2.4499326972866400, -9.9995019281537161, 8.3690000573614594, 0.4597202796259646
6178, 5.6257983383124097, 5.8630988412335769, -18.2558951467920920, 0.4527752195505627
6179, 6.5828262290014523, 3.3211972583966931, 18.9997838229135425, 0.4464319567282644
6180, 7.8014503279802492, 8.3702668845729775, 9.9994698044054839, 0.4625531654814712
6181, 7.3801968308585462, 4.2387460159117181, 10.6284690596437397, 0.4586640260774911
6182, 8.7181280905347744, 1.2239735662020923, -10.0001061264678679, 0.4456291964481490
6183, 1.6666342378369507, -4.4921136344885095, 19.0000141961124207, 0.4602908542750371
6184, -5.0522824198452803, -4.7456769751154253, 3.6841595841677584, 0.4486661303734947
6185, -5.0973880009689498, 6.5290083333469520, 9.9994501836154654, 0.4276758860456885
6186, 8.5449593926342526, -1.9420473940514265, -10.6515648880425289, 0.4456412623412400
6187, 7.4027730199989366, -4.2637019689613798, -4.2304865356692902, 0.4375814251419500
6188, -4.7893851050599032, 2.4155851302917655, -10.0002580738888476, 0.4363269749547872
6189, -2.7966734510464701, 2.7218020517435484, -5.3405645867944989, 0.4400792761930237
6190, -0.1803401699897732, 6.7198898004785521, 17.0523638115513201, 0.4358000796513981
6191, 7.6358172487655365, 7.3931679394296745, 1.4391996398871740, 0.4521090043190246
6192, -8.1994994184337333, 4.2328493428627798, -8.8012187003267428, 0.4244723981302135
6193, 10.3345782033039679, 9.9994558271270613, -5.7752698771354254, 0.4629062008690833
6194, -5.7197454089836706, -3.1602467582723528, 9.9996305633467522, 0.4376386643019554
6195, -4.9144207439667777, 1.9915062082738584, -11.3932560287377012, 0.4326508754199643
6196, 8.6353160147151051, 3.4705711294112045, -4.8890193132885127, 0.4384610649616254
6197, 8.3393318904113638, -5.0393932456697312, 3.2522300685517225, 0.4366669569992773
6198, 5.6770317802286252, -9.3979758322885392, -4.5820314769457120, 0.4428443013908779
6199, -0.6766410655975795, -2.6854207186983547, 19.0000989999999987, 0.4436756570909124
6200, 3.4974557352079616, -4.7752973617910293, 5.7958783397825835, 0.4373492623873634
6201, 11.7994000000000003, 7.0508588888411712, -8.1236980644140555, 0.4511053382203052
6202, -8.1995400000000007, 7.3520512187788087, -5.6498188619096021, 0.4301339689263779
6203, 8.8010891861885803, -0.4427010398139321, -15.0357583780999864, 0.4343805036090699
6204, 2.1173895164387271, -7.0194582844393594, -17.7037920472631995, 0.4543488948741166
6205, -4.1871196002054898, 8.0621306574321689, 0.6098500364071768, 0.4837691804013732
6206, 11.1364726863761625, -3.9912200018320299, 4.4961741948436362, 0.4566243308103391
6207, -8.1995026942254263, -6.5462155998407408, 3.4064814395914031, 0.4503774677172619
6208, 2.0207983119716117, -7.0187266708122946, 11.9504456794980953, 0.4335772078961911
6209, -5.6206725499363062, -5.7955759039844894, -9.9996636949439672, 0.4315270677845554
6210, -8.1732526099686869, -8.8704793544604250, -9.9995579341635636, 0.4567274018584487
6211, -5.5753139173299155, 5.3427232736974819, 9.9995415728859083, 0.4337325651151484
6212, -1.8718107411050027, 5.9584278809007953, -13.4880907366820910, 0.4384101447107452
6213, -1.9533725364917407, 1.8243500984178618, -5.7263235177182779, 0.4409040765381665
6214, -6.9003686743589201, -6.0050364939618408, 0.5346359655349683, 0.4526178039430781
6215, -4.5594003542664945, -9.9996053780867307, -2.1353043781096406, 0.4618048972710146
6216, 2.3741530933170472, -3.2693368839847103, -19.0000989999999952, 0.4265823780046890
6217, -8.1996681743558124, 6.3035557720422108, -2.0596504452364766, 0.4341467248141468
6218, 11.7995000000000019, -3.3021614122219844, 6.7442596252518268, 0.4632332942868741
6219, 3.0420611332388590, 1.7081612861693409, 19.0000000000000000, 0.4564084485508340
6220, -4.4012972431748087, 1.2491389785418268, 18.9998000000000005, 0.4531800385813589
6221, -8.1995886130570987, 7.4933017203932790, -0.0574354194460757, 0.4322754696605773
6222, 11.7997963913693180, -9.9778145209849676, -0.6270015447443332, 0.4738275807006935
6223, 7.7908159926631013, 9.9996876276359536, -4.9287311971663703, 0.4778274506537450
6224, 3.9762975490008068, -2.1173881377762358, -5.6331802249043905, 0.4465940186580565
6225, 11.7996531480162901, -9.3384978515988220, 0.8818036454730720, 0.4503601908905197
6226, 6.6836631872862400, 5.0209641448193665, -18.2278557900227156, 0.4626406509852491
6227, -4.9059258316485383, 9.9995402209685196, 6.4207129851942497, 0.4404608601144936
6228, -0.8297674237835956, 2.5678041527261088, 5.4311340285107370, 0.4358595732123087
6229, 4.5819396240875543, 6.4355987168801327, -12.4942962394713177, 0.4263706157721348
6230, -1.6680486145996045, -0.7396489962380266, 18.9999351992875312, 0.4440833780633056
6231, 7.7125393710962014, 4.9118471005270639, 9.9997679947448592, 0.4147919996965131
6232, 10.5375758753804494, 9.9994868929468375, 7.9441937599238921, 0.4452437694878003
6233, 6.4868757580433947, -1.3133424530562881, 5.8507005713244782, 0.4862943494667379
6234, -2.4355199891506083, 8.1534283444027214, -4.2576998096513172, 0.4468297642584324
6235, -8.1996098870895313, -6.4022725698457608, -3.4551367775973154, 0.4395378226060332
6236, 3.7288433062454955, 6.7294210436285580, -15.6069166122712168, 0.4487607189441652
6237, -8.1995939925142132, 7.3119254687190569, -1.3096327151044362, 0.4705888619008253
6238, -6.9040332350338351, -0.2205707366415021, 9.9995799946668917, 0.4701182465098315
6239, -1.2784209899101497, 6.2976319734686630, -16.5096310693221398, 0.4228242667099750
6240, -1.4970542981887778, 6.4551446130686276, 5.0320165479253847, 0.4393277005587295
6241, 0.7538327423448721, -6.9447348945618605, 15.0271024214470810, 0.4415608534719409
6242, 9.4349762793569383, 4.9882010624953450, 3.3273795232073797, 0.4207402719030048
6243, 8.2261315491932976, 2.7810277821724565, -12.9816122078367879, 0.4379070461958408
6244, -3.3453365609992218, 8.0011518750944717, 9.9993448039747541, 0.4460274206567530
6245, -8.1751316692244576, -4.8754504119124782, -9.9994636594719228, 0.4781789821002211
6246, -3.8396007740033569, -6.3798838282673263, 9.9996235508162474, 0.4500660392978975
6247, 3.2084577223346153, -2.8625141953315132, 19.0000989999999987, 0.4489484522856542
6248, 5.6075079719283414, -9.9997847825211021, 5.4738489927921403, 0.4446965375169898
6249, 9.1660510122911596, -5.9911828417138357, -0.2466901289990681, 0.4403730634400578
6250, 6.1068923170686080, -5.5560834377333528, -10.0001147163558279, 0.4333375113598796
6251, 11.7995511827320438, -1.7680517612735445, -8.2345524339628788, 0.4320924932896460
6252, 7.4230108766924960, -7.3290163166918267, 2.1002427440222236, 0.4509496181902997
6253, 8.0647392114170557, 3.1421640921824863, 17.7333350127554290, 0.4376299885923579
6254, 10.4329021543216083, -5.2255076765952913, -9.9993588160489448, 0.4572549264386778
6255, -0.7365381604132917, -6.5317417623058915, -10.5697104225844125, 0.4741828482291511
6256, -8.1995230985696175, -6.7085949611813351, -4.6568011008543531, 0.4648380033335712
6257, -3.0617004659114158, -3.1020179431209303, 5.1622327103311312, 0.4508413227958639
6258, -3.6174034167318516, 4.4456271925408126, -17.2161861894150405, 0.4331937176467558
6259, -5.3120092312567673, 2.8535357843822839, 9.9999430285665500, 0.4458406569145030
6260, 7.6321978194067768, -9.3058796159298858, -1.4241988524200881, 0.4667195412116643
6261, -6.9609801535651759, -5.3679328761733291, 2.6853026393638313, 0.4437762896610422
6262, -8.1993745953576145, -8.2315276025497948, 9.9754074427480113, 0.4347834084727568
6263, 4.3645562233942155, 9.9740173455051657, -5.4455624292785636, 0.4577334624229219
6264, 8.6433329027763328, 1.4960961505867372, -10.7181340927853359, 0.4390578949046460
6265, -2.6463934346340205, 6.2144829618106092, 9.9999450236659513, 0.4200006508702643
6266, 1.4551546573057932, 6.9912551684773430, 18.3576823851461484, 0.4607635210647985
6267, 8.0266405522226680, -9.9997542082663333, -2.3658900865811141, 0.4471076875572634
6268, -1.9662252319378763, -6.6692094361072529, 9.9997165939302732, 0.4514271771928126
6269, 11.7995811753146871, 5.9938321843368589, -0.7445659715059104, 0.4559783788445270
6270, -4.0813156060461866, -3.7959321010582139, -18.3313668973493726, 0.4458459046514038
6271, -5.9077538898706043, -9.9996050898989619, 2.6942869891970922, 0.4844638695914819
6272, 2.9405719559402987, 2.1407645484183826, -5.8892755488860544, 0.4649556798659566
6273, 8.2253813484006972, 2.7771569588657119, 18.3472602503258031, 0.4610802585546221
6274, 8.2056964566107524, -2.8203705659453551, -15.4769511474166137, 0.4359883933172179
6275, -2.5775036502430906, -8.7218096926311652, -9.9994630395964652, 0.4357518867885163
6276, -0.8419412881384900, -6.4837646754998195, -11.1648437938912419, 0.4338387893619575
6277, -1.2146261632453417, -4.8742417550622736, -5.1862701595779450, 0.4688403392704897
6278, 5.1872514895006629, -0.2383487823369181, 5.9942887581443669, 0.4448308314420265
6279, -0.3655976141759676, 5.9368260185767632, -18.9999627167621377, 0.4503267083059201
6280, -2.1489024950347928, -1.2551808197734196, 18.9999309922168216, 0.4429261520229514
6281, -6.2880594065673661, -4.2606448000996160, 9.9995638785328058, 0.4488973321193104
6282, -2.9428988657930790, -8.0680513663533464, 9.9994620104657308, 0.4380885631600899
6283, -5.5123669380738249, -2.5505081458025503, -9.9999385400927796, 0.4495468711240420
6284, -6.1488447452739132, 9.9763354795046588, -9.9994283644810960, 0.4347953561865163
6285, 11.7995000000000001, -6.7128300094794486, -6.1431308836237459, 0.4679135072042436
6286, -5.1982655847345791, 0.5749618671232414, -11.8448549178004985, 0.4380888772343773
6287, 11.7994524327236938, 7.8359545070009293, -3.1071143489757937, 0.4693843645985309
6288, 4.2571491379847268, 9.9996067464122387, -8.1502719275329465, 0.4305881583654730
6289, 10.4481240045022385, -9.9995204299374922, -3.1351354327682315, 0.4334607730482499
6290, 6.3136188296801787, 9.9995739861815700, 7.3333625564396021, 0.4730819211405689
6291, -7.5035883017709715, -6.2591775895949491, -9.9995561314111043, 0.4410539880729475
6292, 7.3197209964530092, -1.2917952043414018, 18.9999010000000013, 0.4314504199123501
6293, -3.7724495362936818, -4.2477113348464313, -10.0283998937601417, 0.4741358727903687
6294, 7.4299851745964061, -6.1636632239529821, 9.9996011273901395, 0.4435267290741879
6295, 8.4374466713773195, -9.9994941859396107, -7.1784025446937498, 0.4548231949367401
6296, 3.7871437768966185, 9.9732191089467683, -5.6512032643549599, 0.4527050529200751
6297, 11.1366416794647112, -4.1020797740821973, -4.3833949040147004, 0.4240565451093312
6298, 4.5808624042056918, 6.4338733037467950, -17.9403946586707903, 0.4426213737055884
6299, 4.8301594106726968, -9.9995929730126072, -7.2721131069258034, 0.4654128367796250
6300, -7.4793801526319736, -3.2627604408469613, -9.9996187655873392, 0.4356024868152278
6301, 3.8362498294156135, -1.2820200598987495, 5.8653315176754859, 0.4287683357591875
6302, -4.7543732415391657, 2.4841458198552098, 18.2808223590293082, 0.4473404872412327
6303, -3.7773404754209334, -1.0335276799247215, -18.9998242580732359, 0.4463168864965383
6304, 5.9915529782953918, -4.2439459783611140, 4.2969198006404614, 0.4917608733680639
6305, 2.1133404965725462, 6.9999029776507395, 10.0254253562549867, 0.4567494637513596
6306, -4.7168758079203181, -9.9995789224774523, 6.2669535865854513, 0.4227315751283862
6307, -3.6868079439395682, -9.9996294538903907, -6.0898655590367055, 0.4525697042270268
6308, 0.8560072158444428, 8.7193436986567967, -5.9483558283884186, 0.4581230830231992
6309, -4.7389602045186408, 5.7651715352010973, -1.6527519047949868, 0.4818903392198027
6310, 6.8619225055902158, -4.8510389254266020, 13.7082746756803182, 0.4398908010472413
6311, -8.1993814678189345, -9.0226541122216890, -8.7422162058593695, 0.4861312327748762
6312, -6.9640224329993732, 9.9995200639014126, -6.4661707602013401, 0.4239811299636858
6313, 6.7414295693702950, 7.8314718814297084, -3.4026518676275121, 0.4666810875828662
6314, -0.8254038768872890, 6.4873170271892979, 14.5084605030307845, 0.4356963481990468
6315, -8.1996001035077644, -0.1221055669330423, 6.7114556969222612, 0.4462353427863404
6316, -1.2649918580102468, -9.3222427899401428, 9.9994773844491540, 0.4549394498281737
6317, 1.8975283879228748, -9.3597122242478878, -9.9995824782520266, 0.4776625590255119
6318, -6.2441853154105509, 9.9994558100597093, 8.6903286522245384, 0.4387384490641958
6319, 11.1919000164669864, -9.9993570435000603, -1.2906917779225771, 0.4696174931700195
6320, 11.7995000000000001, 7.1761164164371731, -1.1649268858535913, 0.4505044453132462
6321, 6.1544102716950606, 5.4966638513949571, 16.3497586799217238, 0.4389336561830857
6322, -3.5088647270767064, -9.9995907865007450, 6.7260604117468317, 0.4309399724448513
6323, 7.4969555681188300, -4.0992894630685504, -10.0224845751903544, 0.4191385044226733
6324, -1.8752036488355863, 8.7530532895375135, 4.7427879301388192, 0.4540136005819651
6325, 2.5391442973047700, 3.7157168978190622, 18.9999670383259911, 0.4609263254496309
6326, -7.1096166427121634, 9.9995424781662550, -9.3818816373859182, 0.4577786843627953
6327, 9.7685305826017093, -9.9995688787889456, -4.9617813920182714, 0.4277012695817921
6328, 11.7997111282852458, 2.9819118818642951, 5.9629231672755489, 0.4422167352079693
6329, 11.0667162373320700, 2.6918021356254007, 9.9994552458058994, 0.4455327638006716
6330, -1.8162643832809657, -5.9577295583519172, -18.9995562657124601, 0.4524060995258595
6331, -3.3501722132199210, -4.7375203419908489, -10.0255560581731036, 0.4346605855931034
6332, 0.1104837627023875, -2.3055996247691088, 5.7619508557382897, 0.4567914016436228
6333, 11.7995461739211080, -3.3853952143289940, -8.1414822438947194, 0.4648220379913072
6334, -6.8718969673054264, 2.9087847398860580, -5.2656523404416236, 0.4753583097121448
6335, -3.4931741872673814, -4.5827842531503089, 14.0715677072733296, 0.4392128903111573
6336, -0.6409210307239851, 6.5659924355714177, -17.7403911850374243, 0.4261764725844037
6337, 4.6118674885837274, -6.4168133054945393, -17.2051477454708142, 0.4316966982038675
6338, -1.6685257395562090, 5.0506521153969688, 4.9087477111071065, 0.4224864287731213
6339, 2.0674655649566560, -3.1378776514354465, 6.0286357370284431, 0.4744785296747351
6340, -1.8215526931727490, -7.4765281608196466, -9.9995753141307642, 0.4438676875089949
6341, 7.9475581649377602, 3.3605921688317055, -18.3036905575847406, 0.4527842820035082
6342, -2.2899093975089957, -0.6842408054769252, -18.9998790653849845, 0.4749739824233106
6343, 10.2641747498338933, 9.9995322516261087, 6.6605298819579613, 0.4576891597057339
6344, -8.1749607760413827, -9.9995363115918234, 6.2297564808093862, 0.4609192193113056
6345, 5.6201689559894321, 4.5798631344843850, 4.6393015789152852, 0.4217233139647135
6346, 11.7743132029873614, 4.6221936765891130, 9.9993472958197547, 0.4927453626010760
6347, 6.1773209567343139, 6.2816864844078024, 9.9997656935078343, 0.4331123115549641
6348, 11.7995092777881165, 4.3578941942180034, 6.5746736752575163, 0.4271330006501378
6349, 10.4309399387056487, 1.8455766183837132, 5.7277444001393789, 0.4438909806932513
6350, -8.1995520507388928, 9.3593294581047459, -3.9328339219814148, 0.4669824997974460
6351, 3.6202684269656844, 6.0863532385141177, 18.9998872697454395, 0.4526103138640527
6352, 8.8311223099010352, -4.2220026634826642, -9.9996272161887827, 0.4266228115551172
6353, 2.1460674348582796, -6.0029782189350636, -6.0179777600975122, 0.4359139100156795
6354, 11.7995000000000001, -6.5009800139669478, -3.3287614515168742, 0.4625256984312897
6355, 11.7995077514132660, -2.9400103438140932, -7.6870496800262389, 0.4542801784992048
6356, 5.4998717231936203, 7.2168206783937681, -4.7462306281531168, 0.4579707375265576
6357, -1.8427820606636609, -0.1145706505650771, -18.9999146505316254, 0.4362423996734751
6358, 6.8887589670136276, -8.7737999425882105, -3.2085857653325456, 0.4331994452706369
6359, -2.0416707184285041, 6.2224336697573683, 4.6040096198758764, 0.4262692120505802
6360, 3.5640428026943876, -9.9991210107120416, -5.7632589796455411, 0.4472521308114247
6361, -8.1993958225393779, 8.6790779298280949, 8.0601149183720260, 0.4405852469638279
6362, -8.1995086902362946, 2.5526470987192873, -9.9740566804418549, 0.4494670465129714
6363, 7.9821106351626065, 3.2982318152565493, -14.8996580573606927, 0.4437061736152697
6364, 9.8644365975952315, 9.9995862389243833, 5.5287217888624616, 0.4212164711974017
6365, 10.0715219642514739, -1.6617934534460908, -5.7759924882770548, 0.4400663456850463
6366, 8.5352489708523844, 1.9469214383164419, 5.7028966960433101, 0.4313895661885799
6367, -8.1995633417362921, -0.4356256422277639, -7.3318241980985457, 0.4466649634780088
6368, 7.3761018489759111, 4.2353427901721741, -11.3899622551092445, 0.4357699899677345
6369, 6.6043282464988504, -5.0588232248629161, 18.9988762082696461, 0.4431563811001240
6370, -6.9758113300752882, -9.9994711662858915, 9.9762320317818531, 0.4466316575567459
6371, 9.1625763347411944, -8.1742813819460807, -9.9994449481069090, 0.4566548494476283
6372, -5.9092241496424140, 8.1557957727747805, 9.9994571770666081, 0.4442289877054311
6373, -1.1697625621838477, 6.3481065422151044, -11.9652657725131810, 0.4358692553515410
6374, -4.8327100865068431, -2.2359256784999832, -10.6872529867782227, 0.4220076329750859
6375, 2.9125713694578925, 6.9097284388290641, 18.4076970102012076, 0.4462555747942258
6376, -6.8304354457271357, -9.9995044990982809, -4.8945271453121766, 0.4440543334116502
6377, 8.0750153875970607, -3.1395128301639659, -13.0796704781276691, 0.4509260399179625
6378, 5.5563604802601576, -8.7827076721259694, -9.9993661326727636, 0.4779098110110570
6379, 5.9951436527669069, 6.8035742796305128, -4.2821645597362838, 0.4527510982515375
6380, 11.7994672920019532, -6.0621314433154891, 8.6627986067043103, 0.4297948876195772
6381, -0.5628660453940045, -9.9984814233373491, -5.5765174757189797, 0.4565876270240642
6382, 4.1307809539819171, -6.6071951616622426, 11.8444062550700213, 0.4305732597124540
6383, -8.1690777734219857, 0.8786336508129355, -5.9408140873065243, 0.4613487877595513
6384, -5.0931393580675435, -1.2323313935571585, -18.4019231478029823, 0.4199184369370279
6385, 11.7994836709266782, -5.9867900316082681, -6.2328748788559123, 0.4446730313142340
6386, 1.4894255981294244, 4.5907734730760987, -19.0000090538846038, 0.4408454016501457
6387, -5.7169892159724487, 9.9995001334912512, -7.1995146956109775, 0.4314377038009110
6388, 9.0798771055890004, 6.1606269637193858, -9.9995101618255191, 0.4381493123603129
6389, 9.2613394331740242, 1.2062528347446406, -5.8758376892229345, 0.4243461173647543
6390, -6.7754690934527426, 9.9995423125252927, 4.9615337289818964, 0.4871642042125568
6391, 6.9054244921314796, -4.8093603558517986, 16.9514503490620534, 0.4840646768604999
6392, 11.7995004589883727, -1.4815963659979263, -7.6242358987108938, 0.4327567790149173
6393, -6.4179060701200026, 1.2001306994422294, 5.8723657484109566, 0.4493119426755244
6394, -4.4996622331029741, 9.9995454832269548, -6.6825257463585421, 0.4580166978657889
6395, 11.7994802870974151, 7.4855783674194143, 6.4829961274009289, 0.4292537937460681
6396, 7.3920799992539736, 9.9993868965595176, 9.9742023466972629, 0.4502205703548599
6397, 11.7994790279840576, -7.2633580885698583, -6.8409919538731447, 0.4744994276042414
6398, 7.6996325737227895, 3.7598760760141978, 10.0233165730773983, 0.4437000039102361
6399, -2.3316650537619719, -9.9995578657653130, 7.5913855931935608, 0.4374749556393162
6400, -2.7829198941841411, -9.2862825113359957, 9.9993649134636957, 0.4495786435739311
6401, 9.9212016540579917, -0.9298881605977756, -9.9996972619686169, 0.4266512492030491
6402, -7.5280018810767002, -3.2290233083082938, -5.0556547408990902, 0.4255127995248176
6403, -6.2058414298655036, 5.5187868402560749, 2.3491734825463850, 0.4327203013620337
6404, 7.5879646611822471, 3.9443400296525484, 11.2248173241634284, 0.4316780241467060
6405, 10.6263827245252696, 9.9993920594466577, -7.9248717049580488, 0.4404138117035006
6406, 6.6556670700538465, 5.0403907724180570, -16.6378851456933035, 0.4510000826451344
6407, 5.2707747801023590, -6.0897440120388975, -16.3094733103186016, 0.4324554507391227
6408, 5.8046343823861237, 5.7417591435492987, 10.6801509146932645, 0.4335961148875045
6409, -3.6814952454449013, 4.3698120262649667, 11.2920198404872707, 0.4427138438145500
6410, -3.6594672366112326, 8.1605091646119856, 2.4970862821928601, 0.4363200596381207
6411, 4.0603128372321819, -9.9996128901913846, -6.2603949625896069, 0.4694173143323954
6412, -8.1994751653271489, -5.7995513788797108, 1.5862109319168007, 0.4858181881297921
6413, 0.0600335705002910, -2.5746243324447184, -19.0000588151413119, 0.4651666137208001
6414, 5.6653213209424118, -1.4892719130472607, -5.8077650450658540, 0.4615209370166610
6415, -0.7165786201815981, -3.9975476279834101, -18.9999426681695702, 0.4287781366617662
6416, 7.2909808599766395, -9.9750296694188609, 9.9995709659928966, 0.4686386799581659
6417, -4.8739076298866921, -9.9995957526558854, -5.3997163273899931, 0.4526635682816594
6418, 9.8737703762380580, 9.9995083302725778, -1.0306996199748331, 0.4544260490523876
6419, 3.0890986212544265, -6.1251589284744803, 18.9998000000000005, 0.4565130526425842
6420, 4.0709758401944800, 8.1049065739191164, 5.5510987047781617, 0.4303642029883946
6421, -5.1989310685214880, 0.0641837780399668, 17.4390799859267034, 0.4463786571273171
6422, -7.5593332714613002, 9.9993884081061406, 0.3557742998418881, 0.4612023198490511
6423, -4.0902690802602066, -3.7837872371647703, 18.3494968784631780, 0.4465121187963920
6424, 4.4392750507215721, -5.9733494032875560, 5.3958875480885045, 0.4379325384959851
6425, 9.8410831706439730, -2.9340979678833405, -5.2563610182692297, 0.4480400791714120
6426, 11.7995425888160383, 9.3171432693047471, 5.2158290949862414, 0.4628535844511498
6427, 5.3168559033161014, 6.0653883003426001, -14.8898583807447906, 0.4420319069685429
6428, 10.5160253482121764, -1.2943202145581094, -9.9995643024335550, 0.4241198718731686
6429, 4.7446040089393513, 2.9060411697923025, -5.2452896989328046, 0.4459461125172053
6430, 11.7731634100752700, -9.9992241244939546, -0.0595764051910178, 0.4769089722429388
6431, -8.1788340620284217, 5.9866591604987764, 9.9996365320381582, 0.4516158814527046
6432, 4.5408901016600902, -7.2249223238145257, 5.3637519850332938, 0.4468397349487581
6433, 7.8990156134167009, 0.7892751962666416, 5.9726512298494967, 0.4370983356028658
6434, -8.1995125297283540, -0.4189015675904889, -9.3040045249880503, 0.4388345824423123
6435, 7.2462219131218264, 9.3193108149006108, 2.5375913771088254, 0.4625750757113276
6436, -4.8921950870003847, -9.9996674413606925, -0.1714830165164877, 0.4362390289268299
6437, -8.1724184709600696, -1.8452398016570342, -9.9996000472742175, 0.4390509912014594
6438, 1.5304062272394332, 6.9963522115861538, 17.1068636406115431, 0.4558635351181878
6439, -3.5420086651511680, 9.9994433637325617, -4.1419476564480133, 0.4554352512938007
6440, 6.3226784119672264, -9.9997342494007473, 5.6077389291507291, 0.4446965375169910
6441, -4.3882993813627600, 3.0191981868580164, 5.2067450658737364, 0.4214362117354707
6442, -5.0293103025554462, -1.5874331932517196, -13.3526389618872674, 0.4656455806337677
6443, -4.2142916861282655, -1.7392203094745735, 18.9998128137678961, 0.4584494998191174
6444, -8.1995263811790089, -6.8782447945736864, 4.7685493058318666, 0.4249454437887253
6445, -8.1994802487202012, -8.4018142917987664, 8.5950223915717956, 0.4598660427201929
6446, -4.5992745942676274, 2.8403226434155857, 15.6562161651033875, 0.4402168305960226
6447, -8.1995262598647756, 6.8643010232271227, 4.9381245974648538, 0.4304057486541695
6448, 8.3333729225040312, -9.3177307716806528, 9.9994835136624332, 0.4469826304718581
6449, -3.2780585840216516, -5.8909837730898795, -3.2002574075294294, 0.4352460700943491
6450, 11.7994039225797120, -6.3944031226278346, 7.9819073681213597, 0.4408853172714002
6451, 9.1906615245696965, -3.2580652266027452, -5.0430806123334033, 0.4283411567751991
6452, -8.1684461002595103, -6.3477120397177496, 9.9994203584237056, 0.4717473838514335
6453, -5.4932783035505581, 5.5938145424321801, 2.1586824391311286, 0.4481368779363253
6454, 9.9749381590915469, 4.7883313064713589, 3.6245119799269032, 0.4221352921687962
6455, -6.8792229738584147, -9.9995423955569152, -3.3874073903205857, 0.4396359169594669
6456, -4.9390791436405834, -1.9005198605980427, -14.8875323575541625, 0.4483839401616567
6457, -0.7677991293375891, 6.5105748294817234, -13.9196720129857852, 0.4442494217510236
6458, 11.7995136802509215, -8.7907597871193897, 9.9781966112843765, 0.4507872130428115
6459, -1.6407422001433658, 3.4275454985472638, -4.9397322908292658, 0.4419427200803339
6460, -0.6010902957534545, -9.9995477236144605, -8.6715606372546610, 0.4346650914075779
6461, -2.9929056083168408, 5.0887651611656679, -18.9987101622922836, 0.4622263338533711
6462, 1.7019261540322466, 0.7025187596680030, -6.0004090452103025, 0.4222510589751834
6463, -7.4580546321764283, -7.9445542759198409, 9.9994884438859124, 0.4553437749323946
6464, 8.1815618479728034, -2.8812483091688144, -17.8821640830051365, 0.4480422644944747
6465, 8.6039603131589484, 1.6084338536628584, 18.9746559308358691, 0.4337782293418813
6466, 3.2491069538975239, 6.8636978813874059, -12.5725248572040478, 0.4390926506302908
6467, 6.7710033106277656, -4.9349260309574312, 12.9368787346629865, 0.4745939113346905
6468, 1.6956134527680145, -3.8480346201365476, 19.0000644526773748, 0.4196269541675841
6469, 0.5586926741143865, -6.8807068879605895, -5.8908784308607389, 0.4552199587280730
6470, 1.9223585160385450, -7.0088012630526908, -10.6590526191335897, 0.4403629255283517
6471, 11.1355726332763947, -4.5921474137020803, -3.8861774783024154, 0.4240565451093308
6472, 8.7884975240021124, -0.7919463540770098, 15.6106637987766170, 0.4391383270710437
6473, -1.6389336313020113, 0.6661844208343123, 5.9940605573844268, 0.4527129416075277
6474, 11.7994891629762897, -7.9551720796501524, 4.0153424906668285, 0.4677711011603367
6475, 11.7994537564072992, -6.6755497829803208, -8.0231163745283407, 0.4733568990562321
6476, 1.3519233179260313, -4.9337799717292956, -5.9784594520887682, 0.4523738947205830
6477, 3.6108926206596350, -9.9994538621603439, -9.9741863734649812, 0.4365018528842417
6478, 11.7994410244688552, -7.3488012682503792, 4.4353010889906281, 0.4677711011603349
6479, 6.0588590903667692, -6.4464540208101990, -4.2183441511296147, 0.4219856670600635
6480, 8.8136612015710920, 4.4114256627120021, 9.9996534670096491, 0.4224968189172999
6481, 0.8256889679579360, -6.9557726179538601, 14.3246356602632758, 0.4374711803302815
6482, 4.3155506050424801, 6.5563691756696736, 10.0177724282035463, 0.4425107074429032
6483, 11.1717860591656954, -9.9993923877851731, -8.5402984194739187, 0.4568798068476230
6484, 10.5465033459063804, 5.6401456082269537, 2.0976427138715659, 0.4195261162449818
6485, -1.5520161965327604, 8.7440405634307776, -4.9893625444924670, 0.4524936322399963
6486, -8.1995259926612380, 7.9898749006268153, 3.3924507027976207, 0.4331972615213013
6487, -3.5371488512433831, 6.2786373851536874, -9.9996642066761208, 0.4304877772189933
6488, -5.7535717088665406, -0.9177137266171576, 9.9996607863570581, 0.4382297948901716
6489, -8.1993509217367553, 9.3546615498419499, -9.1253825623579878, 0.4814003668242258
6490, -3.4043280843592836, 7.9063796258571877, -2.9909791492856623, 0.4835302155969064
6491, -1.6574646419241170, -6.0865353032594349, 13.8915842771310682, 0.4370352368319506
6492, 10.7938290268335013, 4.5351839973652464, 9.9993473038354939, 0.4927453626010779
6493, 3.8899383477406886, -9.3917518004419485, 9.9994468512880648, 0.4798622654281960
6494, -4.0478746931862206, -7.3203568828891044, 1.3315876274559630, 0.4621486522341167
6495, 2.4950424501361588, 9.9995141698190899, 8.6225757523059077, 0.4417117264316297
6496, -4.7330868802416299, -2.5420490114824807, 15.4620055744781215, 0.4404826206084196
6497, -2.1568500856641379, -9.3574345206112586, 4.5168325585959650, 0.4862383713067911
6498, 8.4766923474905447, 2.1529199064063174, -14.3175997591734223, 0.4579206937872710
6499, 7.9454805120051750, -3.3502940806059884, 11.5222417944157733, 0.4617445175843103
6500, -1.3898163795670166, -6.3071722892205608, -5.0899799296916006, 0.4438628103025478
6501, 11.7994628734587117, -1.8834438629666970, 7.0802836894120036, 0.4662609952221305
6502, -1.4750380333034545, 9.3839133391255540, -5.0448473113429797, 0.4346790593139738
6503, 11.7994839912902201, 8.0268635198424079, -0.0583268205012351, 0.4355442997842677
6504, 10.4338298394763900, 9.9995375207061592, 5.9806897132054608, 0.4290884434533667
6505, 11.7996401409375622, 2.3532642850694536, 6.3380318466565413, 0.4567768460110280
6506, -8.1995463401941500, -6.1256701016112158, 6.0129008226392289, 0.4420710728455648
6507, -3.3583173123996271, -4.7288364829023815, -15.7918207400614374, 0.4518758556651210
6508, 4.4924121821706056, 6.4767614692220405, 16.2097482229130883, 0.4454987967948120
6509, -6.8148797461028874, 4.9833225474801104, -3.3459292624926569, 0.4388683134060350
6510, 8.4677630889093951, 9.9994688257921567, 0.2771305350362863, 0.4339086681612084
6511, -4.6205212812956864, 2.7940612195278960, 16.3910727975998469, 0.4386895952888984
6512, 8.3916671198163737, 9.9996270463216028, 1.0148552221289557, 0.4464206034327335
6513, 11.7994000000000003, 6.6466848721451921, -5.7221989479838076, 0.4696014756682017
6514, 8.7966633866152790, 0.6494726820383295, -13.9922658899990928, 0.4386575715028647
6515, -2.2448592395786231, -7.4588065853747505, 4.4474133650635395, 0.4590004429976786
6516, -4.1962264842822634, 6.6726235068708251, -0.0013761982111185, 0.4555924249281535
6517, -5.6078088224461062, -9.9996157500916478, -4.0439080695289249, 0.4376141855646864
6518, -4.5952535074125986, -2.8503881755041061, -10.6602777675326799, 0.4203930890960625
6519, -6.3013536485644961, -4.7860932874026805, 3.6232493111173931, 0.4325449147711342
6520, -1.8229263831729023, -5.9881289066532055, 16.2070781113302047, 0.4369464982585842
6521, -5.3918856526643673, 9.9994202109541028, -8.6399338617447672, 0.4867098165888874
6522, -1.4373058997550123, 2.0972932509786135, 18.9999456766370294, 0.4378104353771881
6523, -3.7930887262537212, -4.2240202935545819, -16.1968497626215608, 0.4680484555881671
6524, 6.5174890214233878, -6.0854945341725495, -3.7430971341167347, 0.4263515034406252
6525, 3.4241714308603362, -8.5368302292862861, 5.7987182260387353, 0.4786563159963196
6526, -3.5885378226853866, -8.1229116395629237, 2.6632026136627824, 0.4629669710755634
6527, 11.7695970557560869, 9.9991529828035901, -2.6308650820243793, 0.4737614278365345
6528, -8.1994512303111193, 8.7834011821706337, -7.9801179449517434, 0.4370627085988731
6529, -2.0812073700440434, -2.3966123735409606, 5.5042517454084914, 0.4520861711351181
6530, -8.1994760638094153, -7.0656687157062166, -6.5747491746803455, 0.4292105221023415
6531, -6.1955782801789452, 2.2786951380901268, 5.5495842252754422, 0.4363488449724901
6532, -4.8560541812755593, 2.1596671552889699, -13.3222789944644955, 0.4461136642573070
6533, -8.1995574120739860, -3.9366776703801776, 7.7522196382269408, 0.4469933530640167
6534, -8.1995134877429692, -0.8633484865642385, -8.6443846574733243, 0.4345777622570382
6535, 9.7978502967895071, 2.3272957922855388, -9.9996767190330971, 0.4444739337469492
6536, -5.9276959902748070, 9.3145574734823811, 9.9995083015668786, 0.4421799244207997
6537, -4.8425764659132122, 9.9995486532217566, 0.8750489628776946, 0.4725553362151073
6538, -8.1994706300944387, -7.9765881740663946, 9.2641320999159955, 0.4346307160247750
6539, 0.8934170574856944, -7.7544787894230973, 9.9996594154051497, 0.4853468287326184
6540, -8.1996317388830633, -1.6112514079051818, 7.1120369903590763, 0.4519848347530878
6541, -0.3791944117138896, 2.3905999149898900, 19.0000222577702509, 0.4280786940364658
6542, 8.6074503168390084, 1.6507090409601097, 10.6828226178813388, 0.4400885106665209
6543, 11.7749938992961685, -6.4297730579859760, -9.9993024947395632, 0.4364941708962459
6544, 0.7813923054558025, 6.9514668655100937, 13.7876486142309300, 0.4450744524220292
6545, 2.0024768670021693, -7.0138484524320726, 16.0693180037723060, 0.4498296830087240
6546, 8.1074608618107860, 3.0509584823765872, -17.6410162589150872, 0.4296833107104365
6547, 5.3603985635829678, 3.1648776990838137, 18.9997970492126669, 0.4534087429939285
6548, -8.1995370111880064, -4.4926761703749261, 8.0478147216819629, 0.4388835497094554
6549, -8.1995125919047425, 9.3344737548326027, 3.3804164745922969, 0.4564606444054205
6550, -1.3521815254775178, 8.2624433504476205, 9.9994797644253115, 0.4533623487329585
6551, -2.1552736034934803, -9.9995053856886251, -8.6467411278978901, 0.4920471024355793
6552, 5.2403535265091374, 6.1005823201411964, -12.4669863592833714, 0.4305640096388905
6553, 3.0895383570491837, -1.3521297995016466, -5.8672882491419136, 0.4500640566524133
6554, -6.7877825557971256, -2.7298358550794757, 5.3385529389659920, 0.4427215356804499
6555, 4.0403752757693479, -8.8776242982901223, 5.5643825754995220, 0.4348092606864954
6556, 5.1234646351389825, -2.2378746719114271, 19.0000749909632454, 0.4409130356606732
6557, 7.7710613759632814, -9.4087024913982891, -0.6764813772975059, 0.5057559133172362
6558, 2.9459487370057902, 4.2380899794899456, 18.9999383935022088, 0.4702509572465273
6559, -4.4658535108970447, -3.1179525305081461, -14.1985041580162061, 0.4386521328715609
6560, 6.1121038928258224, 2.6320088920452429, 5.3868534279999194, 0.4284820843654571
6561, -8.1995978751773784, 4.6425236154189768, -5.5540367194028297, 0.4679611851031116
6562, -3.5556335532715830, 9.9996149585800733, 5.8708637027035087, 0.4329137508804807
6563, -3.9036849685788964, -8.7283229972104142, 9.9994892460136757, 0.4661262598429505
6564, -0.0104124796547287, -5.3161790906958091, 5.7201852999361664, 0.4959115638085885
6565, -4.1593343468497519, 4.9474200886972204, -3.3989286594184853, 0.4658783552362155
6566, 11.7995501220395624, -5.8696985054201187, 4.4393956663725653, 0.4516228494665754
6567, 8.4671611226303121, -9.9996134209369050, -5.7264253859514875, 0.4304783020576620
6568, -6.0867371129339256, -5.6788466964692317, 9.9994276126104289, 0.4440146336993015
6569, -5.1941441401022237, 0.5874965599398552, -13.5226479007970664, 0.4824226680492337
6570, 5.1430526340182174, 3.3980808569246976, 4.9897591426927166, 0.4523598984365682
6571, 2.0345763946954958, 7.0205748011236313, -12.7492075280586157, 0.4515279599189795
6572, -8.1996671964789947, -6.5051604925486695, -1.5231080404256723, 0.4462075839639023
6573, 3.2246117238313667, -9.9994869522191081, -9.2878435410031575, 0.4361465344541747
6574, -5.1666597070552047, -0.7540551211574037, -15.9161907554989241, 0.4629911108626562
6575, -2.2908469433056404, -5.6973824271369979, -13.0212730002726147, 0.4336488130295368
6576, -8.1995717006684306, 7.8485514906666900, -0.7497577904369952, 0.4357838894458379
6577, 8.7440097504932695, -0.9650204877729394, -16.9216090105554606, 0.4742148467822483
6578, -0.4322462363171296, -6.6928971668750741, 9.9998149641349272, 0.4493055508002127
6579, 10.5651887799303115, 4.5546397400980876, 3.9241865997794516, 0.4287911652512752
6580, 7.6195087690861678, -5.1423884438965901, -3.0818462034517768, 0.4381421664127398
6581, 11.7995219415230892, 5.8870852818940271, 4.3770171396618816, 0.4537949166726090
6582, 7.2224669102031536, -4.4250636958198353, 11.8479608228290090, 0.4307476291333573
6583, -2.7134211615382982, 8.5326249921348847, 9.9993567519836493, 0.4479033113284804
6584, 9.6422478358481332, -9.9996070278972411, -2.1904406779560670, 0.4623535850955813
6585, -4.7989478876984668, 1.9487311651541936, -5.7069768265613314, 0.4452967220383852
6586, 5.1761735290938002, -8.8363945921085616, 9.9994032500007073, 0.4736653524382272
6587, -8.1757304438230420, 9.9992840765248800, -2.0634551700156614, 0.4272849949854427
6588, -0.9682876978674652, -6.4305876282884569, 18.3939296106101402, 0.4510948850445534
6589, -2.8038366976178009, 5.2753846372503244, -12.5096785661478744, 0.4420399040434172
6590, 6.1511016235614067, 0.7736826123046183, -5.9760268219683983, 0.4400513244776592
6591, 2.0379341394881685, -1.8762035254672496, 6.0271245514425065, 0.4478120521132434
6592, 2.0673698974851917, -3.3313849551584083, 19.0000985514126448, 0.4439261702399234
6593, -1.3185114557044602, 9.9994827955298948, -9.2896875029955108, 0.4447723629084838
6594, 7.5135120745880206, -4.8020684490557528, -3.6235319583067662, 0.4381421664127410
6595, 6.8829071801274546, -5.9076850556479483, 3.1847603341766750, 0.4438881694327317
6596, -8.1995310277151621, 0.3374614489178148, 7.3530377647854150, 0.4306736669228984
6597, 10.6118319619566961, -9.9747044213937617, 9.9997060560779634, 0.4441241087493983
6598, 7.6500576798106037, 9.9994889012335495, 3.0105230153839706, 0.4601363488154441
6599, -4.3176487334023586, -6.2710335157754216, -9.9997111196228889, 0.4544134279571750
6600, 0.7419673422449703, -2.0925817775218438, 5.9353789356697835, 0.4457296184948958
6601, 5.6607653425518700, 5.8358806193352324, 18.3633910456442280, 0.4569836679332764
6602, -6.9559111256076527, 5.9951502839878996, 0.6114699495393249, 0.4599983542694977
6603, -5.4100214313779444, 4.1570030903394244, -4.3294106085735846, 0.4866377059737602
6604, 10.5331549480080380, -2.7935839266446156, -5.3203910156723850, 0.4421181772331840
6605, 11.0851328398082938, 6.9604355191080893, -9.9993939209243319, 0.4675945285722981
6606, -4.4828909652613165, -3.0813159636769760, 15.8000929094474856, 0.4231864560238499
6607, 11.7994475066569144, 8.1312933395085114, 6.8369562416260568, 0.4353136752874760
6608, -1.4274562283937877, 0.6891524436668995, 18.9999465827058458, 0.4474917462260227
6609, -8.1993349538051579, 7.8431732244629977, -8.7128244362637872, 0.4451668684955884
6610, 8.2059522485429781, -9.9996615668204729, 4.8716248353191016, 0.4435084880153151
6611, 3.6380444114533388, -2.8999576945506989, 5.7350294299070574, 0.4649049230345124
6612, -4.4914369865086767, -3.0657245039919538, 16.4949282360995824, 0.4321381784201370
6613, -4.4502433342692997, 9.9994293163464967, 3.5656907731218497, 0.4398790366640367
6614, 8.8010344361074715, 0.3210929891949960, 16.3972365190471088, 0.4351464732034257
6615, 8.3565476572282922, 9.9996281495089523, -3.4789331966626009, 0.4685055537757473
6616, -5.0393634583317075, -1.5329740378328010, 12.3700293182338861, 0.4703688543486590
6617, -8.1741225356566467, -3.6058616654999605, -9.9995429150205695, 0.4356024868152241
6618, -0.1394605885863186, 5.4178409900736852, -5.6672046786538282, 0.4317745590112617
6619, 5.8190697774129498, 4.1431840522054859, -18.9998758230177494, 0.4455490918908820
6620, 5.2987211552649116, 0.1799223008547405, -19.0000354774904423, 0.4346716551952191
6621, 0.2434543881086882, 0.6902399533405320, 19.0000000000000000, 0.4777539202271066
6622, 2.5226134327649903, -5.5498729589991749, 5.9567395275438280, 0.4341619092590138
6623, -4.0784102269378195, 9.9781661532678783, 1.1842768330674229, 0.4470433486501808
6624, -5.1965830024738366, 0.4648252277943773, 13.9894894516220667, 0.4730185909274594
6625, 11.0912548367647297, 5.5151635860401633, -9.9993067867241709, 0.4641397937796000
6626, -6.0143258288514483, 2.5499013750011899, -5.4280542302046477, 0.4753583097121451
6627, -7.5447494559518944, -9.9995487901859246, -9.1897365309038008, 0.4702565017460928
6628, -4.8614985820830308, -7.5405505000122659, -9.9994961490126215, 0.4239219050326833
6629, 7.7429804888450890, -0.8209945089372837, -5.9702110706857194, 0.4514552156788003
6630, -3.3082328593068371, -6.4779801470544109, 3.1392746733185746, 0.4321939048723042
6631, 2.4233138804163734, 2.3047095517018317, -18.9999825604842130, 0.4434535033661564
6632, 5.6472699107359832, -9.9995044423396813, 9.3706910119030997, 0.4317851213318831
6633, 3.2087784071317560, -6.8763041705010020, 12.6519232464022267, 0.4582599654438790
6634, 1.5818409738324954, -7.7919963433912542, 9.9997193319843731, 0.4618669205218833
6635, 5.4274765087956487, 9.9995638676308900, -8.7801803418891602, 0.4480693685759981
6636, 0.7391014264345772, 0.8486971008927979, -19.0000078662086906, 0.4258203339085619
6637, 9.7818000280751338, -9.9995948053673196, -3.5464039321273297, 0.4281389538751376
6638, -0.5230324076929533, -6.6138807959873374, -17.1208550723020707, 0.4383355747915649
6639, -3.1345300757694896, 8.7838547087678176, -3.4139798738684992, 0.4767072596989122
6640, 1.9947576954693009, -8.1156859096604954, -6.0275198043595335, 0.4334907128185529
6641, 0.0413306063751381, 9.9994664899991381, 7.1508367674996078, 0.4593751026463707
6642, -8.1995297392599351, -0.3043937824502290, 8.6661177555708395, 0.4411176507986717
6643, 2.0943144429991678, -7.0229249806067502, 14.5186953346399399, 0.4330991528852149
6644, -6.0330421104966412, 0.6749695222308605, -5.9945783251480735, 0.4613964295297308
6645, 9.9688587586093060, 9.9994502170780191, -8.2893327191725739, 0.4398138282045274
6646, -1.5536872278604728, -9.9996346167239860, 6.5345724685487294, 0.4415754649478257
6647, -4.1965214058899738, -6.0212159140872306, -0.2867174971867225, 0.4660526028902156
6648, 8.5697681834588284, -0.7917534249034983, 5.9712545477055228, 0.4408523702298940
6649, 9.4271763396368922, -7.6846760616449421, 9.9993581773113718, 0.4444082512957861
6650, 2.6000094249426815, 6.9515746545933927, -16.5375556761587461, 0.4239908086852348
6651, 7.2444915798644951, -4.6190039999555070, 3.8280468055600734, 0.4751187085973011
6652, 8.7947699370066861, 0.0927893339947255, -16.5394653442021422, 0.4344143273696939
6653, -4.4685241597861260, -4.9335913319497964, 3.4142206100170043, 0.4689492092458273
6654, -5.0017404240764503, -7.2583196663545833, 9.9995187437990545, 0.4391783168053112
6655, -1.5145604546053868, -9.2982231393708332, 5.0246470378703680, 0.5038331537540810
6656, 7.7372661782728427, 9.9996485565581246, -4.0254013494896563, 0.4597871440509351
6657, 11.7994358448886896, -4.8264940933175398, 6.4999525527050963, 0.4634284880675096
6658, -1.5628274872097205, 2.4258917984966009, -5.4940307488238087, 0.4472495618233044
6659, 5.9354345068319363, -5.6519533372439197, -13.3747566731959324, 0.4471666306224157
6660, 11.7995824669781033, 4.6843867865295028, -9.2985918579486775, 0.4652126040885847
6661, 11.7758415369853555, -9.4417811689557016, -9.9996237090445366, 0.4656472604866833
6662, 0.1640271891854319, -6.8091533574206791, 17.8009396889545144, 0.4299764852853117
6663, -2.4831993035095725, -5.0457932575045330, 4.2238757254804025, 0.4662110966779295
6664, 8.7874111596409037, 0.5785222130603676, -16.1101582863732702, 0.4321987848772814
6665, -8.1994980024613060, 8.4173062366079989, 1.1377082679152590, 0.4506881965839467
6666, -3.0575867505749876, -9.9727438939765367, 3.5205286809352074, 0.4484799967842664
6667, 5.5638206056578570, -9.9995896278999954, -7.2334166837638731, 0.4557435210242962
6668, 11.7994246050010538, -5.0266578633943864, 7.8544596622739400, 0.4872576186719563
6669, 5.7590191326971238, -4.0403433855871178, 18.9999010000000013, 0.4423524438243059
6670, 11.7995534032341993, -3.0255919413768471, 6.0228582885372095, 0.4632332942868719
6671, 0.8211145444152473, -6.9507838961681214, -18.4054457075681981, 0.4449235862528247
6672, 8.6810802916258165, 1.3408454732635955, 18.3139274252242608, 0.4353595715286416
6673, 9.7871257280038240, -3.5517875637278795, -9.9995440546256074, 0.4203006196604842
6674, 6.6514657532483730, -8.7323005196011003, -9.9993062386351586, 0.4311575055429840
6675, 11.7731577744242593, 8.8115976614917475, -9.9994535330232193, 0.4628260265344581
6676, 7.3550844846481507, 3.0287175133588362, -5.1984212277272874, 0.4530163403005441
6677, 7.3740953470705479, -5.5607438686193875, 2.2640308132350500, 0.4825060157414320
6678, -4.0780111122045186, -7.2470148909479839, -1.1970991701243616, 0.4321502002321963
6679, 8.1551579492420512, 2.9635307113438700, -12.2679283771042620, 0.4369359888262185
6680, 4.8155743597508751, -6.3159337579206101, 13.5714102454423848, 0.4308280145672181
6681, 7.0531121272843293, -4.6286588834486517, -17.2173789395098957, 0.4249577942618487
6682, 10.3650692800808510, -5.6891692220308396, 1.9358933811508774, 0.4432238676604644
6683, 11.1715128478940944, -3.1629473781189499, -9.9994169865347260, 0.4630476441681342
6684, -1.2034051804715213, 5.0009043211927686, 18.9997836138801155, 0.4245595970379232
6685, -7.5595007013091271, -3.6070458981584439, 9.9995796776246451, 0.4340635532888373
6686, 3.0775524270049130, -9.9989948914451894, 5.8764955814286228, 0.4441227919022697
6687, 2.1485129901783360, 5.8119335550290314, -6.0187944299521785, 0.4376320429643610
6688, -4.0741768503976887, 7.8016302938904625, 1.2165185606278848, 0.4834865418912566
6689, 5.3755627925297844, -6.0304889533616306, -14.7966528685924956, 0.4495978810906868
6690, 7.2059506141259861, -4.4437680603267928, -14.4308387043516575, 0.4398399796339626
6691, -8.1994719931808948, -5.9518726415752061, -9.3919180327190226, 0.4599254478265772
6692, 4.9237548731891705, -8.6188522846638147, -5.1175970658094787, 0.4425279887612923
6693, 11.1096847961607850, -4.5320327423285418, 3.9494346290642461, 0.4514837722261001
6694, -5.9149142767010430, 9.2927418911147850, -9.9993718414571102, 0.4347953561865173
6695, -4.8854731912479341, -9.9994370247072748, 8.1104589399991305, 0.4232916494399344
6696, -2.2792382027686409, 1.1878417247697624, -5.8818422956975089, 0.4383167807083868
6697, -2.6136604214530559, 9.9996623030948601, -6.0568215422819396, 0.4590953278109413
6698, 2.6191554855679455, -6.9498811995275673, -10.6408854083597859, 0.4357451968884447
6699, 7.7146516724956431, 6.5945574209808839, -1.0066661463776208, 0.4359483464491663
6700, -5.0867846391229286, -5.5380023565153138, 2.3114640632567829, 0.4626438858200041
6701, 2.2366037822582117, 5.0445778070027956, -6.0017676972243770, 0.4376320429643608
6702, 7.8179288816530264, -9.9994382649389362, -8.5813871064823672, 0.4689826921888890
6703, -6.8258889123765227, -9.9995983929286041, -0.5544798194490267, 0.4725673170299576
6704, 7.0008807910038300, -3.5761937629776659, 4.8053316035663247, 0.4471544547195135
6705, -8.1995530578195197, 6.7394447582351757, 4.1915555157624516, 0.4437176237244290
6706, 11.7995000000000001, -7.4574524165481613, 2.8272586140919946, 0.4460311607055095
6707, -8.1994037894011846, -9.4032562319973927, -7.5348314278951705, 0.4400895841082474
6708, 7.2539640498490083, 4.3856170576792257, 18.9736809978634469, 0.4579414321871669
6709, -0.8450177834150697, -0.5114595069091631, -5.9947421427953858, 0.4286251157204530
6710, -5.9736779767288910, 1.6919984159173524, 5.7674177374610611, 0.4493119426755248
6711, 4.3013019157352934, 5.8064728923727165, 18.9998504957484471, 0.4526103138640534
6712, -5.7430017953602217, -9.9994264847953076, -7.9094723526974917, 0.4417708162540172
6713, -5.1071160839222651, 1.1385874714441331, -17.6873851571504481, 0.4476838543165343
6714, -8.1995381886361951, 0.5894661092234965, 6.6856528623052087, 0.4364629681544502
6715, 7.6175880809088214, -3.9135247980422596, 12.0465494851377155, 0.4604987455965506
6716, 0.8172141829774308, -6.9511767472550057, -14.3160440219679703, 0.4304922703968938
6717, -0.9591284090552612, -6.1917381639574822, 5.3294351848130814, 0.4507941741420287
6718, 8.4589283899031678, 9.9994675732242406, 8.3506643121854296, 0.4298699166612386
6719, -4.5171480160531861, 9.9994324761542348, 9.3287612866188372, 0.4635707425655223
6720, -8.1994931196379852, 8.0290225700791193, 5.5875574126922976, 0.4527047585168747
6721, 0.0354251855468911, 5.3414534635012547, 18.9998386320843551, 0.4410355612070032
6722, 1.8882850670486002, 3.5076037504927551, 19.0000136788557938, 0.4500870526786417
6723, -0.5687956813391033, 5.1423270591358117, 18.9998628291054708, 0.4316496463932920
6724, 7.5426790145754072, -6.8907814660539906, 9.9995398050995554, 0.4417986293925487
6725, 5.6435668450896888, -9.9996766146944740, 6.8010057424685950, 0.4577347978908083
6726, 8.6336456628234632, 9.9996648321677082, 5.2105740050839380, 0.4334882542820802
6727, 6.5510564529261490, 5.1373206088601453, -10.0214834305445599, 0.4450794082485459
6728, 4.7661111343413856, 0.7592509116870610, -18.9999945757235480, 0.4378704325650806
6729, 5.6385929514781088, -3.8564304434529655, -4.6085665466556529, 0.4453664447670905
6730, -5.7504057365726657, 3.6773935179853718, -9.9996489359898995, 0.4353898199347673
6731, 5.2951738383625662, -2.9997949484420006, -18.9999970998661567, 0.4290435842407582
6732, 4.3703292512367398, 6.5241860223604249, -15.4500871246113185, 0.4392945642899299
6733, 7.2847313704885419, -5.3168559905410628, -9.9997264918200539, 0.4283142335360299
6734, 3.2929431938787523, -7.4789643515323734, -5.8397941556892263, 0.4297118656266823
6735, -8.1995099240137375, 9.9795970784068047, 2.0481127001494279, 0.4505665400458287
6736, 8.9294853767448661, -7.2391372378752248, 9.9994105142008358, 0.4458546915402675
6737, -8.1995204912122706, 8.5490643458548803, -7.3101151799332298, 0.4545518405967111
6738, -5.7386553771362223, 6.7706549997689534, 9.9994353254869708, 0.4242511989280655
6739, 4.0463467105776356, -6.6296846513494874, -18.3751439864318584, 0.4208794921417647
6740, 0.7755752165599435, 6.9516512870400806, 16.0388949432683390, 0.4559628402000376
6741, 11.7996180848121615, -9.2993952001363773, 4.0517897000416827, 0.4409321478193707
6742, 3.2821535926506811, -9.3555052298302375, -9.9995138180755827, 0.4276524962027430
6743, 11.7995903148806089, -8.6860271762791736, -3.4559533695207763, 0.4517868605090925
6744, 11.0868437638727819, 5.7547192695420604, -1.7935760861634731, 0.4700198459394731
6745, -4.0105625333862909, -5.8249187337928099, 1.5536092514582347, 0.4296154597450617
6746, -7.5497197833577845, 9.9994272096559822, -4.6218776792451308, 0.4469536911606012
6747, 11.7995224504365765, 0.4119477954151552, 9.9716961379955098, 0.4518613301218607
6748, 3.1797447370798406, 9.9995743669325083, -8.7641157168759189, 0.4370883682057564
6749, 1.7979319037642865, 9.9995101033032725, 9.9742281983930070, 0.4295820686776111
6750, -5.5727543711929481, -3.5690452572986882, -4.8201063230144481, 0.4306408464335367
6751, -8.1995579084000436, 8.2303301626502883, -4.0327821755280668, 0.4464195406670019
6752, 11.7995432810607852, -0.9791773105896712, -8.1322869560075084, 0.4327567790149164
6753, 8.6536960592895351, 9.9994845315105163, -2.2422762707601946, 0.4379536736866576
6754, 1.1655509383698592, 9.9737305141964452, -9.9994647646542809, 0.4544989062996933
6755, -0.7683853638458825, -0.7294834776218653, -18.9999968948213578, 0.4293135159195757
6756, 1.4920214853432692, 0.1905171748267730, 19.0000358756370282, 0.4562968634707005
6757, -3.5749002362061892, 4.4642750868645606, 18.9988306778765157, 0.4475330018817584
6758, -2.3937902470975567, 2.2400545535917411, -5.5830764905210826, 0.4472495618233039
6759, 1.4455757800432267, -6.2971002060574444, -5.9872834963251620, 0.4584100503494165
6760, -4.2020479245859432, -3.6202198210352261, 15.4556078500394474, 0.4361461449929431
6761, -2.3199944305304570, 7.4498014304898419, 4.3817798182308296, 0.4298128291966104
6762, 0.0736869110892664, 1.7998078086605891, 5.7460568925486681, 0.4135911279890762
6763, 11.1258384648896769, -1.4651241191664854, 5.8225904342536952, 0.4521327745563924
6764, -5.1128420137180353, -1.0852969106595032, 16.4826704425121839, 0.4528698011475698
6765, 2.5426045977096314, -6.9701407523094403, 18.3468904451881656, 0.4419635107761581
6766, 3.0242046108012728, -6.9187977880951470, -10.0001584031584212, 0.4288819881604670
6767, -4.1984241218253464, 7.3477273443854427, 0.3727337851558764, 0.4837691804013747
6768, 4.1350837169552817, 1.4357639985048563, -5.8193003401274144, 0.4279311995105245
6769, -5.0204170948783222, 7.4307630129481383, -9.9994241006545348, 0.4461297017316034
6770, 4.0425775639369466, 7.6515631170947120, -5.5604127225678850, 0.4751763173353236
6771, 1.4592472396564571, -9.2799301126867721, 6.0004869950644721, 0.4618824449782643
6772, 2.8101529704661239, 6.9250239238881628, 17.0238347692885803, 0.4285508601270551
6773, 7.7208703291941880, -8.2998291933617523, 0.9614705259967857, 0.4628702332973670
6774, 11.7994978053805557, 9.9749641657088048, 6.6636623662977783, 0.4676083763047967
6775, 9.9707314191019325, -9.9993845289103884, 9.9738888165582456, 0.4302716289881454
6776, 11.7993999999999986, -7.8902776912431438, -9.4037803058314804, 0.4357582236725431
6777, -6.6647199190667061, -9.3775632896908334, -9.9994691977827905, 0.4586766109898424
6778, -8.1995557571537283, -5.8736667402982619, 5.3713037039796880, 0.4517265354927580
6779, 11.7995000000000001, 8.3633623942159261, -2.5222055371118239, 0.4722177417455701
6780, 0.6551036458968007, 6.9232482515382392, 14.5141129253255290, 0.4606546513080799
6781, 4.3951683709476805, -6.5267035041400847, 11.1850686994053490, 0.4471992696231434
6782, 2.8043817318885398, -5.4438552589276084, 18.9999048654369425, 0.4565130526425809
6783, -0.4926939330321484, -6.6276528393073395, -14.8996418503903794, 0.4460464352870389
6784, 3.3386789135956505, -9.9995759672225208, 8.6269068942783917, 0.4932991230969095
6785, -4.8261393591167758, -2.2521803800473936, -17.5797932936489438, 0.4511458541145020
6786, -8.1728709256070839, -1.6074986294782976, -5.8038427694057129, 0.4323686530911425
6787, -5.1899478468525126, 9.2978848730726291, 9.9994824421145712, 0.4473707743577209
6788, -6.9163367195799674, 9.9994955820437212, -3.4864878554641212, 0.4264760673687258
6789, 11.1540925063788414, -9.9993409437073506, 4.1347094290786321, 0.4154902104234138
6790, -4.6775042118402226, -5.3092273897136231, 9.9996444475782944, 0.4638743607258652
6791, -3.7354741007934602, 4.3040714057269405, -11.8963986444771326, 0.4661278741598801
6792, -8.1995464979172361, -9.4229863861612770, 0.5840765538732390, 0.4327601308012815
6793, 5.0452028725261142, -4.8265969755946694, -18.9998789222688877, 0.4354278719238479
6794, 1.6631760629015093, 4.6063058851921896, -6.0027173124991329, 0.4551200410490574
6795, 11.7993730605983096, 6.8754632939441649, -5.1523089814998544, 0.4761902292877535
6796, 11.7994801076586757, 8.8051905294762776, -3.7695222871915366, 0.4178480412992601
6797, -4.6119939035803332, 9.9994698866264180, -8.7097787394496855, 0.4580470609716046
6798, -8.1995755760398890, 3.8745320918135668, -7.0397008608863993, 0.4416302868104437
6799, -5.2451519033325962, 8.0147508545627169, 9.9994243696956584, 0.4316937437410990
6800, -8.1995278059726076, 9.9732489620642646, 0.6935780355955553, 0.4633501772597232
6801, 4.0642110218600589, 4.9935906366100618, 5.5549388896069800, 0.4509161788342571
6802, 6.6730012203765350, -9.4126449682904489, -3.4978835935541022, 0.4401051428081352
6803, -2.1634718651477267, -4.0021253322987160, 4.5092742889963793, 0.4770636427309694
6804, 9.7982008757698917, -5.0766170639928818, 3.2072072196639616, 0.4502066882652900
6805, -6.4158541040008528, -0.1418187126523787, -9.9996660334002740, 0.4462278828490652
6806, -8.1994668195767897, 6.3313466047513351, -8.6979981158749435, 0.4294323961874820
6807, -4.7443158120373079, -2.5063499599292247, 14.8046890722363464, 0.4404826206084164
6808, 8.5149677611098262, 2.0624210464816106, -15.0991588507983199, 0.4438710160443298
6809, 7.2095366782818564, 9.9993033544916976, -2.6600030667287444, 0.4701960160372993
6810, 6.2714715664387688, 4.5720276037819705, -18.9997981602338548, 0.4268841432191991
6811, -8.1995782874599037, 6.3112223541420311, -4.6610114004944165, 0.4353810817002187
6812, -4.0179641780217814, 3.8903105200666399, -14.4840506547413899, 0.4366200817288264
6813, 6.8503150367707244, 4.8613808127889593, -13.2851409710269017, 0.4393225732429458
6814, 7.4733983029746147, 4.1217378811976237, 15.2863980182801207, 0.4356013794836732
6815, 7.8693308595872571, 2.0642067039657426, 5.6570679833161108, 0.4314554995120489
6816, 6.6343338807733208, 5.0624961006174534, -17.3532720682953290, 0.4626406509852539
6817, -3.3992781223570780, -4.6845075200198441, 17.0077190773462661, 0.4394245460194056
6818, -8.1995382932433465, 1.0566142983454807, -7.1671121950040755, 0.4386088581902237
6819, 3.9899999226357230, 3.0765210101094587, -5.5868692328594136, 0.4612415066917898
6820, -1.8702890607579468, 9.9995858889079265, 6.5696650267382113, 0.4554854193104642
6821, -1.9878852182052047, -9.9772946848068855, -9.9994301561663530, 0.4358418394361434
6822, 11.7994532328913486, 9.3395860415483760, 7.6604233089076326, 0.4451356713255550
6823, 11.7995495374683674, 8.8529155507945543, 9.9778398775585266, 0.4511285821959585
6824, 11.7995761940752022, 0.9629142565902185, 8.6335374260297488, 0.4400949363094422
6825, 11.7991594377124382, 9.9752572943854201, -9.2821111618581043, 0.4772988998525943
6826, -8.1994956210382135, -4.6886705489108929, -7.8698399071227492, 0.4380629183350868
6827, -2.6532429906895540, 2.1623244896089857, 5.6266797450600139, 0.4584375345289359
6828, -2.2181516291075214, -4.7599191536113477, -4.4671407593437813, 0.4191884634349386
6829, -3.6218311030637573, -4.4470322661886552, 11.2801484293082233, 0.4365283183073181
6830, 5.1261422823274030, 4.1601895578997929, 4.9980132560310686, 0.4292113219808878
6831, -6.1450608257866985, -1.6183296154449327, 5.7744181900491869, 0.4441209276016763
6832, 8.1998036267235381, -7.2535186526220077, 9.9994649998376506, 0.4651674180961818
6833, 11.7750207386542023, 9.9991424304640493, -3.2367563262212138, 0.4694603176380524
6834, 11.7995000000000001, -3.1632489469842944, -6.5532099413786584, 0.4463417406734146
6835, 4.0313591433793254, -3.4280398651692958, 5.5663925908283920, 0.4649049230345129
6836, -5.4283914105865847, -9.9995515223696838, 6.3768603943464086, 0.4440270674955398
6837, 4.9927312093400431, -4.9428309454589039, -5.1035842913069338, 0.4797391760476921
6838, -8.1995295557013890, 4.6385668758981389, 7.2201820798178789, 0.4519285546471094
6839, -4.4593974137946821, -0.9063398156255793, -18.9998178453476250, 0.4451492651795654
6840, 9.1721922442429360, 9.9995925321003210, -0.0584710878263201, 0.4465495243725931
6841, -3.4432066288309695, -9.9995108957224517, -8.7744918818144093, 0.4300405891599016
6842, 3.6791757407888226, 9.3516787119669793, -9.9995310224551428, 0.4332308621821302
6843, -2.3934267027308320, 9.9995812031810054, -5.0319044462480935, 0.4404943111247662
6844, 6.6379420231137365, -5.0598067047179169, -16.9002244786204692, 0.4617630801323833
6845, 9.8696851439272582, 7.9176156791730250, 9.9993994922012170, 0.4553395519041230
6846, 6.4787532836004846, -6.3021913422191131, 3.7718042192024628, 0.4643451889626412
6847, -4.2764998974357340, 1.0905798862395633, -18.9997817963832532, 0.4655615626534428
6848, -2.4947654846165297, 9.9757510920831312, 4.1748517727804835, 0.4337676899636300
6849, 7.1000679294279392, 9.9996105439310821, 3.8932823839226289, 0.4462321376529781
6850, 3.1399086712027655, 9.9995066589597030, 9.9742945280290289, 0.4328719636118989
6851, 9.1057834504722290, -9.9996208079021223, -0.6956115886599035, 0.4691391505567104
6852, 1.1093531662627789, 6.9703981898538458, -18.2917751451539274, 0.4352270845063041
6853, -8.1996371902044096, -2.8541548818252478, 6.7706670188058409, 0.4756786092600606
6854, -1.7621244870062729, -6.0238923476849067, 12.2738949271754958, 0.4871880555907810
6855, 2.6558015846910998, -8.5106179598453604, -5.9349424271290347, 0.4429368247449036
6856, -0.4773105062390181, 8.7532146572932614, 5.5711328211688489, 0.4741265120124082
6857, -3.6237694198254440, -4.4382567901915895, -18.9788133421036065, 0.4651657961785085
6858, -0.0578172539702492, 0.1311352429430817, 19.0000000000000000, 0.4778286316228941
6859, 11.7993999999999986, -7.9420258735047753, -8.7876231216251366, 0.4619321889885761
6860, -1.8151908945022817, -3.3252344179231028, -18.9999178204953338, 0.4448460909691688
6861, 2.6349489518594580, -7.7955698512298932, -5.9400619139957929, 0.4296669036335670
6862, -5.8876162457740771, 9.9994351054221458, 9.3218012027666095, 0.4386954372939583
6863, -4.2577236026622041, -3.5375466916249216, 17.6325876159524633, 0.4509095485358080
6864, 5.6405477790888767, -5.8435642613113448, -18.9776542773649552, 0.4518808977951753
6865, 8.5116616133773757, 3.7287962261052843, -9.9997944808212953, 0.4250263655545374
6866, 10.5742635708150683, 0.8539176380714928, 9.9996002388759528, 0.4618277534444372
6867, -3.9205162659187263, -4.0349769114312837, -13.4800409705623689, 0.4645938711671385
6868, -7.5512205190212516, 1.6908115218115909, 5.7648279036438090, 0.4460581130317933
6869, -4.2588704949822311, -9.9995193495589643, -2.8204757990496159, 0.4471331115027508
6870, 11.7996113149694377, 4.8408634902718122, -4.7519029711333491, 0.4581846083848530
6871, 8.6162719259202163, 1.5931025507836076, -16.5157582316667728, 0.4428563563981707
6872, 0.4111585745348479, -8.7549720809412115, 5.8455608306835352, 0.4453710930895787
6873, -0.9390985873211204, -9.9995193532931168, -9.2956614878399666, 0.4600723082150407
6874, -8.1995652638515431, -7.8354036129275171, 1.0478801038943188, 0.4356383747562539
6875, -8.1995251814557726, -9.1243106760334509, 8.7573155092690858, 0.4633422975721313
6876, 10.4401682499439303, 8.8427759155068681, 9.9994033307871337, 0.4603149821110447
6877, 5.4930218343197268, -9.9996956762886278, -5.7552603490624703, 0.4761156156075557
6878, -5.0567155117678881, 1.4366016987801329, 17.6462215478753137, 0.4381084872448937
6879, -2.2091836109717362, -5.7593617591721307, -18.0982404645809858, 0.4697930095010761
6880, -8.1726110072921543, 4.9998791755427883, -9.9994526816793634, 0.4678628133902732
6881, -2.1730271929446712, 0.5339350397225482, -18.9998913462834338, 0.4265295227221865
6882, 2.9249315997119174, 6.9140848734143132, 11.3105586272904137, 0.4352774568432355
6883, 2.7304915352537193, -9.9994736725423117, 9.9800281953955086, 0.4483199630802455
6884, 6.4285296966161747, 5.2515567863031958, -15.1486744977321663, 0.4300365050240497
6885, 11.7997217744524985, -9.9753036662542041, 1.2482279666516616, 0.4409674374049257
6886, 6.4442319088648699, 5.2038821076886421, -18.9992164466945255, 0.4450190090271759
6887, 6.9103175939682409, 4.7954248545857547, 18.3679188287105255, 0.4697705258330266
6888, 11.7758469914816839, 2.9002165689762220, -9.9994318588334448, 0.4576966119056001
6889, 7.2374643496975626, -8.8010479323098068, -2.5452028536462543, 0.4170848357622276
6890, 11.7994763656641872, -7.4054266947005702, -0.1821298121093288, 0.4528104745547510
6891, 11.7994000000000003, 7.3656517064659468, -8.7076951140383212, 0.4511053382203079
6892, 0.0246827708540883, -8.0754465542121121, -9.9996107662462563, 0.4307381869426962
6893, 8.7989327497334635, 0.4878543204288849, -13.3416744016677278, 0.4469560550066539
6894, 11.2054066845584046, 9.9776140452464261, -9.9982137549957741, 0.4772988998525911
6895, -2.5968088972267420, -0.0212478763554313, -18.9998560743579432, 0.4313497213303382
6896, 4.5373176870449639, 5.0138454209517453, -18.9998479978173300, 0.4261768187813241
6897, 7.6368887893501993, -6.4729299785829459, 1.4306212589535532, 0.4434633125926482
6898, 1.2128326205092748, 9.9995191549662152, 7.3802473403207154, 0.4553225640307846
6899, 5.4800513773159150, 1.5379610369839796, -18.9999375393859609, 0.4453978769098592
6900, -6.2017328433668713, 9.9995854228725491, 0.6817073369705257, 0.4441765831834881
6901, -0.1516108290133607, 6.7267458678143583, 14.4521359532370255, 0.4606546513080773
6902, -3.2380854393607872, -8.4271937965926469, 3.2559520456143232, 0.4485452375648573
6903, 6.2850799642529589, 3.5171815886572464, -18.9998689512190211, 0.4423841155504825
6904, 6.6265261335664798, 5.7090839418167345, -3.5589434900260288, 0.4740664105767985
6905, 6.3447346223065288, -5.3252190993362793, -12.8301736887515325, 0.4546712581483817
6906, 7.1422874877767377, 4.5202236199312615, 12.3669172502718663, 0.4610422409674826
6907, -3.7906278993267972, -9.9995998661553820, 3.6059262239598682, 0.4331254461545693
6908, 6.4718746938229268, 5.3765260245643942, 3.7960671831329842, 0.4191629615814250
6909, -8.1995443308001636, 6.6265638157781153, -5.8593832630390263, 0.4452893160631935
6910, -1.4992300427986849, -0.7100439362095508, -18.9999419415089328, 0.4426077996355341
6911, -8.1995154538416255, -3.4100622873872490, -7.9417390621248458, 0.4485209016418901
6912, 0.7643878272422141, 7.2115227162783313, -5.9417123214895993, 0.4453675952957253
6913, -2.8855922605675599, -5.2080358906877917, -10.0245197665575567, 0.4205284970716330
6914, 9.2879619084131360, -5.3774308969508384, 2.6772770696399228, 0.4429090840186016
6915, -2.0137749769941045, 9.9996374311409131, -5.5849273935642563, 0.4590953278109415
6916, 5.8524645678363614, -5.7071506624279840, -14.5222799386093531, 0.4470600261619990
6917, 7.0735972410685610, -4.6040623649797263, 16.2252601351334143, 0.4840646768604848
6918, 11.7995504660604134, 5.1196430586093165, 8.1810724959874026, 0.4391462884490114
6919, 6.5196034460240808, -5.3753266195039240, -3.7284537754302591, 0.4319737226269015
6920, 11.7995688228750311, 6.4016205444233574, 1.8045526859899506, 0.4607993858052077
6921, 0.3314622299753950, 6.1731332242493178, -18.9999701023610825, 0.4531858717482729
6922, 10.5626190846661547, 5.3442881394957809, 2.7264341274071144, 0.4195261162449789
6923, -8.1995062482717493, 9.3569826678964407, 4.0401876268293009, 0.4437253044561987
6924, -3.8532687086029962, 9.3154996306909457, -9.9993133753642454, 0.4288198117417198
6925, -1.0422284024275474, 6.3947019108346632, 11.9303204000232164, 0.4309504600629952
6926, -8.1995456414891823, 9.3638292722479388, -4.7523661862483335, 0.4669824997974469
6927, -6.9533421087872576, 9.9771921790197808, 9.9996458930400767, 0.4570786586297793
6928, 11.7995997657182610, 9.4006153367239165, 3.5269747103318596, 0.4871460597850447
6929, -1.7173545075562473, -9.9996858502435639, -4.8929593483026332, 0.4789421063425057
6930, -0.4631533210633380, -6.9328138210991508, -5.5788585526572305, 0.4482837716649049
6931, 11.7996690230226875, 0.6059457362977784, -5.9898577173621819, 0.4295583676406776
6932, 2.0604836754340581, -4.6405320443378724, -6.0274225733675406, 0.4523738947205835
6933, 0.4676420484007995, -4.0659659042727281, 5.8670818477924014, 0.4321880245744185
6934, 1.4415471056213451, 7.6149284990565658, -5.9837440367159314, 0.4453715864673052
6935, 11.7995650617508971, -4.6118943956313485, -8.7563023613320059, 0.4413560770560040
6936, 8.2137255278912935, -2.8003369258234794, 15.4345040584579838, 0.4385082899409048
6937, 11.7995261186324072, 7.5843976107288267, 9.9740546479420544, 0.4501612088912620
6938, 9.9213600621389464, -5.3834902321056282, -2.6602038197741456, 0.4265972602317291
6939, 10.4505046676102307, -5.9961340457657819, -0.2077782329029152, 0.4348724343501109
6940, 7.5146032008885575, -9.9774142070465022, -1.8306653594425306, 0.4482061908977512
6941, 7.1593760260446260, -6.8768159221268261, -2.7216597288907298, 0.4688080360934112
6942, -4.5302656082727752, -1.9367605080208592, -5.7073371251535745, 0.4459745175236318
6943, -2.6671159328999536, -9.9997357865578582, 4.0393949867977659, 0.4855468553656540
6944, 7.5655225486055420, -3.7290528602144093, 4.7002061466466634, 0.4504891515362946
6945, -6.3243977887722140, 9.9994758153022687, 7.5134520503728801, 0.4283721086029263
6946, 7.1776146590856920, -9.9997150574117502, 3.9912070655957885, 0.4776145181011777
6947, 7.8989393489918323, -3.4328875989325107, 13.1508633802137638, 0.4302051152303171
6948, -8.1995882520858974, 3.9273383903975159, -5.5198347651014235, 0.4751876351103480
6949, 8.7957843010406283, -0.0407184427102536, -15.7569284359872164, 0.4344143273696989
6950, 3.0481301541915329, 5.6741060138870614, 18.9999230337327347, 0.4490838282204988
6951, -0.3405180012569414, -9.3559794181976379, -5.6162087231072801, 0.4565876270240628
6952, -8.1995027146865169, -1.8424819092220150, -9.3655491329047980, 0.4389532881273217
6953, 6.5124177110124402, 2.5961862213099192, 18.9998460549664614, 0.4471657997263863
6954, 5.5877133481562016, -2.3279465883237314, -19.0000230100891194, 0.4220745764679490
6955, 0.0698064474723621, -3.9275862364043150, -19.0000000000000000, 0.4603638937107701
6956, 11.1806354553875771, 5.7515242290343993, 1.7651161472361616, 0.4196297907344418
6957, 5.5532739050530413, 3.7559891910220586, -4.6850856515899260, 0.4472679876365295
6958, -8.1994930143407370, -5.2909206759927692, -7.5427045299013278, 0.4330926825587635
6959, -0.8604966186230326, -6.4711290798266852, 17.0110194963267212, 0.4295231263577717
6960, -8.1995076474702220, 0.9884135666852574, -9.1975767430912452, 0.4749874343824864
6961, -0.1458774821192621, 9.9993031347897396, -5.7112787884004081, 0.4602099154035134
6962, 8.2062530473979667, -9.9997537306206432, -1.6512984317769279, 0.4304736977426563
6963, -4.9883763904657252, -1.7448257708166288, 17.0604376960144570, 0.4528698011475744
6964, 2.7011095319840654, 9.9996191872218407, -8.1561082398376428, 0.4457132951859530
6965, 1.9404739682750956, -7.0193855238483547, -15.0144038152049788, 0.4374025460193215
6966, -2.0834412345287823, 7.3405589562322788, 9.9996254934806696, 0.4285455000998194
6967, 7.0143271568815102, 4.7135788166752146, -10.0000380334654562, 0.4297189474703378
6968, 0.9159905135558816, 2.4497595140324568, 5.9438099722801443, 0.4454847617638561
6969, -5.1923257363905710, 0.5995320322665730, 18.4409052622673180, 0.4269088022132901
6970, -8.1995200785163647, -9.9746179875385756, -1.5953477682077424, 0.4560289457060730
6971, -4.3175937781544347, 3.4398010141843858, 17.6305964240671109, 0.4862745114733553
6972, -3.8187964923540387, 5.6033691977489104, 2.1290636433799386, 0.4652092350326301
6973, -5.0153717627510845, 1.6670916125724520, -12.7589619636137677, 0.4291259888041505
6974, -5.1117807375019870, 9.9995595756904923, -5.3604686429458672, 0.4413761864116025
6975, 4.9513280187332800, 9.9996946589959066, -6.5786515339842015, 0.4589346417179124
6976, 9.7233012176528799, -9.9994002318862734, -7.1461704210040056, 0.4408290446074506
6977, 5.1529080946910977, 5.9372044824668748, -4.9679470518208362, 0.4356041768196038
6978, 11.7994523411730476, -8.6260137070734917, 6.5652742489648341, 0.4438764539951874
6979, -8.1997359720884866, 5.5971932001260143, 2.2368232557660606, 0.4423899636580758
6980, 9.7902978899157684, 7.1410111634881215, -9.9994704548353219, 0.4904658527748827
6981, 2.4531049481757043, -2.7784802474724914, 19.0000989999999952, 0.4346631156508119
6982, -4.7271153824681749, -2.5629093210372922, -15.1884115011597878, 0.4413845575776313
6983, 11.7994868332254530, -1.4080489420513826, 7.5051556266387207, 0.4662609952221296
6984, -0.9354882529507389, 7.7186681582045065, -5.3330120282321172, 0.4359902536488502
6985, 4.3655900960830847, 6.5256034008100574, -14.2969506850861112, 0.4261749147470241
6986, -8.1995183494428012, 7.9600408174093005, -6.8048568466755324, 0.4392189882621551
6987, 5.6211382200070874, 9.2994009210095250, -4.6418090753784433, 0.4375095106848383
6988, -4.2790985419650980, -3.4988081060149772, -17.7138166304759679, 0.4324632909589079
6989, -8.1603212272613757, 9.9981318662231953, 9.9605086317831439, 0.4275588434062755
6990, 11.7994755184588520, -0.0050224479692349, 7.3599998265216620, 0.4343081920514427
6991, -6.9256094940971620, 3.2013561989566024, 5.0759702985527086, 0.4261503339132016
6992, 11.7995000000000001, 6.0483841844982500, 5.1427715050014431, 0.4330017464927348
6993, -4.0724532941519511, -3.8114562590458423, 11.2969983444848872, 0.4365283183073176
6994, 7.5518717155553521, 3.5558113899039774, 4.8271144774484158, 0.4238347021716862
6995, -6.9540804373841256, -8.6776689558315390, 9.9995032287408083, 0.4553437749323939
6996, 7.5051085482556630, 8.4041632745898891, -1.8484408273020880, 0.4514706064839056
6997, 9.7622369972374461, -9.9995877932750119, -4.2452902429797259, 0.4281389538751336
6998, 8.5696145201991083, -1.6540627236174894, 18.9995394083750497, 0.4424046230192133
6999, 10.4188525870752162, -9.9994707204829218, 5.7712906962428479, 0.4463490614904776
7000, -8.1995154219331390, -4.1115139864109045, -5.9827494859499515, 0.4329372143999708
7001, 11.7995000000000001, 5.6755985207707349, 7.1509358872939970, 0.4457287204689255
7002, 0.8297495845146615, 3.5102576818666842, -19.0000866903560102, 0.4502958197099723
7003, -1.3459168126816998, -3.8477516692567497, 18.9999844458544267, 0.4440350874425815
7004, -4.9675223100105859, -1.8076192815266527, -17.0240654630300305, 0.4511458541144964
7005, 9.6781016764114494, -0.9774780791283713, -5.9257943411652647, 0.4434954153631985
7006, 4.6292771430084674, -6.4063809404276872, -12.9780491950595422, 0.4628918217044458
7007, -4.7882703831565854, -4.9947445987863652, -9.9998075899795609, 0.4374748296838347
7008, 7.4977062421612599, -1.0341753705246350, -18.9999010000000013, 0.4200008482336199
7009, 11.7941577569780165, 2.4307816486561240, -5.4819645841406404, 0.4475824624749994
7010, -1.1735728079151138, -6.3395259257145229, -15.0233928642294998, 0.4540348254750263
7011, -8.1995812709713451, 9.3955781715739413, -2.4929079033385722, 0.4815270900248478
7012, 11.7995000000000001, -7.4636405990127264, -4.1490103717831666, 0.4312065610009114
7013, -8.1992564275186215, -9.3085098340234769, -9.2939703410781505, 0.4861312327748756
7014, 9.5270430934936510, 9.9995347482797428, -5.9749321736436150, 0.4629062008690873
7015, -4.2801003595913718, 3.4978624801562006, 12.8698262946916824, 0.4467198538728783
7016, 10.0152861614304687, -5.8811483316854529, -9.9993819936060948, 0.4222370472064053
7017, -8.1995723877117754, 6.9945507386748753, -4.4829296062537702, 0.4237330061378579
7018, -4.1714758453562730, 6.6659974822492556, -0.7252898176578362, 0.4555924249281512
7019, 3.4757544307521209, 8.0006844247221949, -5.7870384792086158, 0.4567961421987077
7020, 7.5488643765789130, 6.4997106333775099, -1.7206000186811350, 0.4571948957191482
7021, -7.5413913691503174, -9.9995600721360471, 6.5171912902386371, 0.4728254171185149
7022, 9.4836159474295307, -1.6842559459801851, -5.7709418975564128, 0.4279166328747577
7023, 5.0376793747310247, 6.2052403289433995, -16.3830636074475073, 0.4357095807872964
7024, 8.6761822430081121, 1.3245523188721500, -17.1443509467423851, 0.4695262358661679
7025, -8.1778615684354037, 9.9996485586023525, -8.6633357710621510, 0.4325948284504595
7026, -8.1995221772760960, -9.9752188527729455, 4.9493924085087313, 0.4283386690486595
7027, -2.6959346409173226, -0.2507258631364103, -5.9958123712602527, 0.4434752095172640
7028, -0.3248917765914299, 0.7975926540612451, -5.9776875327303394, 0.4436893105858916
7029, 2.0917362228735574, -3.9483987950366046, -6.0293929921929523, 0.4244583375097133
7030, -4.1314726084335431, 8.8144104058811870, 9.9993883041452118, 0.4263010088811090
7031, -5.4970430766306029, 9.9995279485876267, 1.7763549123661377, 0.4789839788915052
7032, -1.9138004068971235, 5.9329661004313516, -14.1411514642940226, 0.4104602282848009
7033, -3.4138441554178480, -9.9998491847202029, -4.1250723295136371, 0.4442496363632229
7034, 6.0676417492954320, -5.5571021154070559, 16.3959925207257307, 0.4383780209964926
7035, 11.7995000000000001, 5.5034215034265541, 5.6288548089080193, 0.4257956208218385
7036, 11.7995159754799062, 6.2270799139474731, 3.2314906807441806, 0.4967928177243680
7037, 1.5993579140519230, 9.9997004781369405, -7.3747384957695479, 0.4461364593208084
7038, -8.1996262990618760, 7.1677629533748126, -0.6503265232633865, 0.4705888619008249
7039, 1.5015376690793900, -6.9912054531135217, 14.0767350864686538, 0.4310181496610621
7040, -6.9614719379443368, -8.7852804834854332, -9.9994671654638729, 0.4248105126069934
7041, 6.7419958799681234, 5.8707841197554389, 9.9996978324068344, 0.4331123115549644
7042, 6.0857320766948435, -5.5443395551598806, 17.6932609545433444, 0.4333009312041485
7043, -1.6314472907173818, -5.2623742777226106, 18.9998246838201368, 0.4551765119817173
7044, 0.1495338556333211, 1.2160818427470346, 5.8819213696035089, 0.4279706508240761
7045, -6.2980182886222256, -9.9994272953031622, -8.3877996667538213, 0.4445782537781769
7046, 9.8491953732247719, 6.0056114737138593, -0.2065365831844409, 0.4526564731067991
7047, -6.9120954616561114, -7.3375402637185374, -9.9994963008614945, 0.4484850181245247
7048, -4.0144927295594819, -8.6097969505303418, -1.5141352172197895, 0.4509878066368753
7049, -2.3341868724293766, 4.7784550095092095, 18.9996336382875413, 0.4598884059309363
7050, 5.8726600370315198, -9.9996410646017093, -6.5210626038664774, 0.4639807828906896
7051, -8.1994560877871177, -7.7515816941760471, -8.3181907389208334, 0.4555357319800973
7052, 0.7974011393547189, -8.1569955974059329, -9.9996611771534365, 0.4274761196610111
7053, -0.8285136157567392, 7.2200071832779162, 9.9998208724121511, 0.4266848679877772
7054, 11.7995976082684813, 9.9714945742232235, 4.7739889006749374, 0.4571601732680230
7055, 0.6888689813245777, 4.8906791711333515, -19.0000000000000000, 0.4408454016501460
7056, -8.1994387266108433, -8.3609445750746580, -8.5914779073030267, 0.4448054462714579
7057, 2.8264221442722799, -4.9804441958007137, -5.9067676120542583, 0.4411730268576666
7058, 11.1138680167304305, -2.1618475410625844, 5.5978069033532192, 0.4314547305315549
7059, -0.7192234915034379, 3.3560453820379852, 5.4752581053838991, 0.4423674890402786
7060, -3.8348039106028806, -9.9996469347423744, 5.4649126473754368, 0.4231739714385559
7061, -5.1967532604615254, 0.4467966011587962, -15.9749242038995245, 0.4306713958376366
7062, 8.0505618706558000, 1.1341791793830245, 18.9998743896977587, 0.4279457666140392
7063, 11.7994814482682493, -4.1329334521406187, 6.7189756937083489, 0.4449088732438260
7064, -7.5899799247716029, 9.9996511051849257, 7.3653667063267223, 0.4694542552900616
7065, 11.7994346783526538, 7.5383549680649180, 8.7322885094529017, 0.4395920985113906
7066, 7.7210227556063140, -7.5338451017964312, 0.9543923918448871, 0.4571630373905128
7067, -5.6924208373179432, 5.3037963933374925, 2.8379838448850156, 0.4341449087714366
7068, 6.1443443080093099, 4.5818429789114097, 18.9996818120529980, 0.4552215403436669
7069, -8.1995185781149882, 1.9166090605921338, -8.0095843968000278, 0.4539100619811359
7070, 6.5882580005803462, 0.8065195524635564, 5.9682409178619826, 0.4537556635191574
7071, -8.1740133461531350, 9.9996971548369462, 6.2819825017912905, 0.4649104222837013
7072, -4.2817862590737334, -8.1993871668753133, 9.9995239828873217, 0.4294524190246410
7073, 9.8409840012956273, -3.5180159395051627, -4.8550518932630338, 0.4279469583568340
7074, -0.7980180765346184, 9.9994790648285292, 6.1203214321733954, 0.4455811782002941
7075, -8.1995649491178870, -8.6966967888241982, 2.9176314048450309, 0.4973825555664859
7076, -1.0169295341028537, 6.4074172409839747, -18.3627576868350566, 0.4654602879164986
7077, -3.8615193722757351, 8.6677756798091838, 1.9850497917008121, 0.4309689087831586
7078, -5.2578684525296282, 2.5264203953326794, -5.4391424953619012, 0.4419074198849068
7079, 6.3966964830585944, -9.9761047737998059, 3.8604089750749830, 0.4448883919456521
7080, 0.9450899079932993, -6.9959947721496762, -10.0000027647748038, 0.4395919053142182
7081, -4.3803292486294829, 3.2917071746439026, -13.5014910848681797, 0.4593625671670836
7082, 8.8024188837735764, 0.1444359394148178, -10.6847327409635202, 0.4483972579204114
7083, -1.4226845818704432, -6.2256471291584159, -10.8307159135810149, 0.4736175333358252
7084, -1.1546602238653556, 6.3475867133109372, 15.1628852051202880, 0.4317850356781446
7085, 6.3854839879567935, 9.3412152310342744, 3.8791164850624642, 0.4559008455774917
7086, 8.3406741951307453, -2.4914435853972754, -14.8660143723982721, 0.4307680764997374
7087, 5.2497238351828139, 2.8400276715787371, -18.9998340198389606, 0.4345730925274499
7088, -3.6436390401800232, -7.9326088670529362, 9.9995497199906875, 0.4661262598429487
7089, -7.4465426407450384, 0.1183189404163997, -9.9996271497595970, 0.4644118581543714
7090, 4.6861413210996297, 8.1685279985899282, 5.2697918830608099, 0.4310891379359721
7091, -4.4998392391568727, -9.9994246585454754, 8.7105338509224168, 0.4306058709849874
7092, 11.7995794959551059, -2.3800313407067275, 6.1800206884729958, 0.4526130315050653
7093, -1.8743477986967885, 5.9558332491156278, 13.8239820240323841, 0.4420630465261448
7094, 2.2103889116835513, 7.0112372387620425, 18.2336472521661435, 0.4533787240525755
7095, 7.8178689606482052, -3.5684164633314319, 18.9753086892365239, 0.4403346466772354
7096, -2.6420027388039791, -4.4648067971757435, -4.0287840596660303, 0.4219858727780370
7097, 3.2093588353227225, 6.8710340675622801, -13.8200068613161555, 0.4384134983272027
7098, 3.2406606946161971, -1.3396111996861837, -19.0000990000000023, 0.4293495827048990
7099, -8.1994987184821859, 7.4334778069242233, 8.1601553486087290, 0.4448802369751804
7100, 11.7994169263830457, 6.2015357605419164, -8.1275037042012777, 0.4473120087934624
7101, 11.7991816141661268, 2.3716127083236098, 5.5289538398058991, 0.4422167352079665
7102, 7.3711948896918154, 4.0530116050738965, -4.4509312036150357, 0.4291220766305534
7103, -6.9539020060191250, -9.9995424525944223, 5.1728876712886223, 0.4685275129166073
7104, 8.7929253490433421, -0.7162145351896582, -12.5996904498436351, 0.4318798608802993
7105, 2.3717352079736052, 6.3162398744725206, -18.9999086840254243, 0.4531953661746991
7106, 11.7788364092721718, 4.5639827202678482, 3.9230255140856154, 0.4265549869320691
7107, -8.1996461366716549, 5.8167038570914187, 3.4015936549697781, 0.4478521814340949
7108, -7.4483463239122063, 9.9995091363097099, 4.5570741053270662, 0.4871642042125588
7109, -8.1996610547886437, 2.0200046958730571, -6.3976735215464720, 0.4399718923315580
7110, -4.2188571681743152, 3.5953254623840385, -10.6638348107468701, 0.4466076590779144
7111, 5.4365698968417080, 5.9972578393187783, -11.7754251797396314, 0.4622265495392659
7112, -5.0308894226248837, -9.9996238779884781, 5.0201244795790165, 0.4300899996577210
7113, 3.8354282985115140, -3.1291864370540869, -19.0000953237280470, 0.4344714461569805
7114, -3.5806061774201692, 6.0779797765147103, -2.6749925016059821, 0.4390417864272068
7115, -1.5309259403653905, 9.9994879410974669, 5.8728854997720186, 0.4513299947101278
7116, 2.2449377337138889, -7.0007515070155497, 18.9988986921158407, 0.4368427864357741
7117, 11.7795681754243766, -1.9934767875940582, -9.9994383093421675, 0.4270971024849819
7118, 2.3090769378363531, 6.9906658604610925, -15.1480222182870250, 0.4539394679988259
7119, -0.7350308783846974, 2.0527233890046332, -18.9999967426264114, 0.4322491377179296
7120, 8.2500283028165367, 9.9995871686141733, 4.0551335067966860, 0.4308618610350323
7121, -3.7810801441087984, 9.9994722604469803, 9.3682116314421879, 0.4304950452763379
7122, -3.5004851217169057, -9.9997073022095631, -5.3208398891472894, 0.4488726293340218
7123, 7.7117479543615142, 8.0116247991782021, 1.0414644579639332, 0.4413604798209068
7124, 4.9565901999247890, -8.4839503310534283, -9.9994614184708954, 0.4779098110110567
7125, -7.5080499714658941, -3.6861481182380573, 4.7434021711848402, 0.4757085874031404
7126, 5.5793113373201253, 0.7341262446642448, 18.9999891299840549, 0.4371069568384384
7127, 5.5493613036716498, 9.9995107023808334, -9.9778771804969413, 0.4349225640757617
7128, 11.7995905814275304, -6.3891359834009247, 1.8232627735171334, 0.4252760636627412
7129, 3.8547979180672365, 2.5764116775443533, -18.9999269105781465, 0.4344376155465388
7130, 8.8356191253839942, 4.9812528295737426, 3.3391467315872254, 0.4345189924728733
7131, -4.7787624773648378, 2.4007513909500431, 14.4466093726781093, 0.4412602996912656
7132, -0.6032833814716085, 6.5794720438971925, -15.2234000624244921, 0.4333645666504196
7133, 9.8459602126777988, 2.8952449811981871, -5.2691741932280456, 0.4317764752397202
7134, -8.1995962706053103, -1.4288971120675851, -6.5000711099864565, 0.4415398989816628
7135, 7.0045968432076942, -4.6847578602786157, -18.3114809193967290, 0.4765146928903798
7136, -5.1074812598680923, 1.1237618251288251, -13.9472266860359841, 0.4658976015989581
7137, -7.4980482848132031, 9.9993972796938415, 0.9777838691734470, 0.4699468435332625
7138, 5.4425835162901111, -4.2778753763304618, -18.9998924677031624, 0.4369992826811485
7139, -8.1996239391594621, 3.2659156826328775, -6.5868618328133284, 0.4359027949847570
7140, -2.8575371983595339, -9.9995151846770352, -8.4785941084848115, 0.4934898001537777
7141, 7.9560881945983022, -5.6568711786190251, 9.9995990894697311, 0.4435267290741889
7142, 7.6550566095427017, 3.8507458672442878, -18.9696702244807653, 0.4527842820035050
7143, 0.7299953967048415, 6.4370229204832325, -5.9376380660564276, 0.4538250595093671
7144, 0.8028289056566883, -1.1333465273853394, -5.9461446642522118, 0.4268595290316302
7145, 1.6999803065731276, -0.6655986245610108, 19.0000265211015638, 0.4562968634707005
7146, -7.5953508659083333, -1.2038739762379185, -9.9996563590185357, 0.4745201583198237
7147, 9.7828708423427475, 2.2330954603791309, 5.5823308666142371, 0.4509381534668765
7148, -0.0482675419193457, -0.8243318961868308, -19.0000555620229612, 0.4257467973134320
7149, -3.3422700717612899, -9.9994339211911143, 9.3323174259722332, 0.4535698582289458
7150, -0.2142600766945560, 2.8870837648662877, 5.6460923029087562, 0.4318127257413596
7151, 9.1556519348982341, 9.9743444623262079, -9.9996834654943960, 0.4382282742347213
7152, -7.5263929054263157, 9.9994125006369483, 1.6404988873905806, 0.4591445011880658
7153, -4.9791172486398976, -5.4758159971701614, -2.4388692582079106, 0.4343412957642435
7154, 4.9084867789092179, -9.9998003070087318, 5.8336129501959721, 0.4390410324448571
7155, -5.6945246955944162, -4.5618895152381889, 3.9137882639931596, 0.4311693660562060
7156, 11.7708302762696739, -6.8208067612212959, 9.9993614319297919, 0.4646265629246373
7157, -3.7952548806215129, 9.3514756552591596, 2.1723865025144913, 0.4322380526084004
7158, 6.5438797662175210, -0.5793691947703268, -5.9935074049227817, 0.4400193212284600
7159, 9.0825623807335045, 2.4156740436918107, -9.9997899373105259, 0.4366391675082753
7160, -4.6615552251023349, 1.9357271581248101, 5.7112467843131016, 0.4294510666102311
7161, 6.2909766754904419, -5.3766013003033306, -10.6352830502162536, 0.4471559867280978
7162, -4.1959916725173931, 8.6494278244005720, 0.0173215511042214, 0.4343093929823435
7163, 2.0510128700382459, -9.9996082506141359, 8.2451965974155463, 0.4475947119080550
7164, 10.5852591515090335, 9.9995061359904280, -8.6858193445551937, 0.4430495341615935
7165, 2.9621065785224352, -6.0746320426068072, 5.8842356847003279, 0.4286639813142903
7166, -4.0776161974455523, -9.9995100000000008, -9.9786521492489335, 0.4243283636543865
7167, -4.7243694645287198, 4.1512372976950873, -4.3352856326458493, 0.4866377059737608
7168, 7.1599759884185854, -4.4999900688771239, -11.9315837555709638, 0.4323149706580610
7169, 5.4690983759684260, -5.1736000969923097, 18.9998813994362301, 0.4356846732396327
7170, 1.1005787087761676, -5.8848542153328278, 5.9615693409468626, 0.4371853615612926
7171, 0.2399038431389497, -9.3025674041457194, 9.9995200521582550, 0.4786809765520988
7172, 11.7994784530395194, 0.0051009772844806, -7.3671974173996810, 0.4339013005792167
7173, 1.4061775223096129, -6.9881482852756500, -12.4372611027525117, 0.4420341536882337
7174, 2.3877284793290898, 0.9489348120948585, -5.9671414634903499, 0.4242020344121097
7175, 1.8278798222769246, 9.9995119401490129, -9.9793028368866281, 0.4544989062996918
7176, -6.2787902672630880, -3.9094361508693263, -9.9996869873650009, 0.4557386027067573
7177, -8.1994979411835232, -0.4338820019727713, 6.0351063795289237, 0.4633756723335863
7178, 4.3528179983596509, 0.0351010029951295, -5.9946657233920249, 0.4367844611375028
7179, 3.3598632683196428, -6.8429468297230276, -10.6316777629319379, 0.4373517622969935
7180, 6.8530957121804850, -4.8596305235502415, 14.3974272192881187, 0.4666146679971685
7181, 10.4336995319631445, -1.0592720328460103, -5.9035335025495739, 0.4400663456850465
7182, 2.4496191643128689, 5.6509437134857095, -19.0000000000000000, 0.4531953661746997
7183, -7.5529725116302160, -9.9774712807888406, -9.9995155542591121, 0.4702565017460910
7184, 6.6426948453247494, -5.0564826458995693, -11.8191400844740251, 0.4728631081762176
7185, 11.7995382915340219, 4.4447203603367047, 8.0313355998278677, 0.4373517841264700
7186, -1.8785547732359702, 5.9534610350196404, -16.5639069903362675, 0.4208287429979792
7187, -3.9851743599191978, -7.7894421502599478, -1.6738036279278223, 0.4471169649586559
7188, 11.7995000000000001, -6.8921914996467564, 2.3978745517425533, 0.4424253612518873
7189, 5.5913461275209064, 9.9996768554826154, -5.5068397011559727, 0.4309379411662259
7190, -6.0084108945772110, 4.1995388778731906, 9.9996327745352946, 0.4412668880341496
7191, 11.7995765135667003, 2.1328548546406538, -8.6752568390977398, 0.4555086578310283
7192, 1.5157728886439890, 6.9917590901408060, 10.0246088299038867, 0.4433287624494998
7193, -7.5988210237566332, 5.9665221807228184, 0.7771447096473221, 0.4491516836060697
7194, -6.3625809570321898, -5.7522655349340974, 1.7661905159193967, 0.4368125660834785
7195, -0.9223921746710746, 1.1460037799712302, 18.9999831066037146, 0.4331090629465915
7196, 1.4046909807811245, 6.8829796058879600, -5.9817079301918437, 0.4538250595093677
7197, 11.7994269825696314, -9.2968657727170658, 8.1522652977098247, 0.4328601685763354
7198, -3.7995970598088085, -8.2054288757513323, -2.1433011601467058, 0.4625588987760208
7199, 7.5013550881434927, 9.9995400377305561, -7.9822742937321571, 0.4426467398185016
7200, -2.3674022266197197, -3.2907158445437230, -5.0303844500163084, 0.4814168125353473
7201, 9.4188140379977945, 0.4303990834488157, 9.9998524460432971, 0.4296944510504848
7202, 2.4371459769868289, 9.9997605660502416, 5.9840883116598640, 0.4339649989284109
7203, -8.1995589547595635, -5.4114127573930544, 5.9863526162911729, 0.4399902199637866
7204, 10.3696965946379507, 9.9995012548543301, -2.8434844145975888, 0.4396213401094670
7205, -1.6649097170579932, -7.2524290529463551, 4.9096668146665339, 0.4320311231687240
7206, 11.1274085021169622, -3.0517124294945952, 9.9994577738886417, 0.4635867246703862
7207, -2.9357277083879829, 8.6185600185684486, 3.6949177235493189, 0.4394336114748779
7208, 11.7759503173590634, 6.9454569581090899, 9.9993099981699398, 0.4404547944863081
7209, -4.1131469642116860, 5.8853743869925417, -1.1419610133717104, 0.4530856019973600
7210, -2.9090232590363154, 9.9994944957827396, -9.9788311008618997, 0.4653589051521386
7211, -4.8355782650828010, 5.9286212416389725, -0.9819437658256730, 0.4377452397587895
7212, 7.5868857810429278, 3.9497090875708540, 13.4884384320851574, 0.4452089362569412
7213, -4.2257848773393398, -9.9995624687411642, 0.1575103814907786, 0.4537051909943501
7214, -3.1539475191574882, -3.0343325091190887, -18.9997230791301703, 0.4480575784430689
7215, 6.7436713698268305, -7.8481737484977350, 9.9994442100020393, 0.4573453462535548
7216, 8.0141913383563441, 3.2603109142957156, 11.2503942346227301, 0.4316780241467060
7217, -5.6759721388093221, -2.3334443554052240, -5.5275659194678273, 0.4496242715092549
7218, -4.6196600648932495, 5.4551791601947395, -9.9995955977507514, 0.4471523224751732
7219, 10.4569600433679888, 2.3016323860747736, 9.9995307640611539, 0.4455327638006732
7220, -5.1951732309811973, 0.0887884751052011, -16.9824411302266540, 0.4534225249740373
7221, -2.9080506986157220, -6.2865517031282714, -3.7144441968758972, 0.4591985697770226
7222, 7.2865153863488725, -8.6655666166006693, -9.9993065406469839, 0.4265459846657678
7223, 4.9059154871232664, -9.9997103987258207, 6.6334513441476499, 0.4577347978908071
7224, -8.1771311629267576, -8.2649206491694454, -9.9995689564226513, 0.4715808571478136
7225, 6.9082098034604016, 2.5748856396389246, -5.4189723209194289, 0.4584870235273073
7226, -6.0650358631189105, 5.4879454132967993, -2.4228494336242075, 0.4479980040954551
7227, -8.1996131032915223, -5.9660878271410622, 0.9641239489436806, 0.4575156423613286
7228, -8.1996076448461093, -7.0264985659578203, -2.1499202686131214, 0.4412390991515031
7229, 2.5792980414003051, -3.6420187794545020, 5.9490458639098387, 0.4395976829307885
7230, 11.7994852436838826, -3.8045038446643837, 7.3272908449713299, 0.4449088732438253
7231, 3.3863601342911078, 6.8416236783881574, 16.5798365800173997, 0.4613204282828048
7232, 11.7995084130257251, -4.1729056759788978, -5.8731928231872832, 0.4383936844529570
7233, -8.1994847403238929, 9.3356516063258095, 5.4623642772770680, 0.4496672691359834
7234, -4.9826583063680898, 1.7652439211719031, 14.0149151732926409, 0.4465554580009102
7235, 11.7995308440315014, -1.9312569688914591, 8.0087427084556566, 0.4686275256585466
7236, 6.1735593986418884, 6.0525541057963306, -4.1107483612538989, 0.4740664105767983
7237, 7.0442418125905615, 4.6383747410796232, 15.5985248217806856, 0.4280718732467831
7238, 10.4858378547835862, 2.3348412220668360, -9.9995503158452816, 0.4912452344593884
7239, 9.6035054145975831, -9.9993065316701895, -9.3391029727391768, 0.4484897704730493
7240, 6.0614210440721203, 6.5308605977685472, 4.2192690933104950, 0.4464604644570745
7241, -1.0459800888273147, 8.6911340056956252, -9.9994753364590743, 0.4651513998453597
7242, 11.7995887157836119, 8.7438448236952855, -0.4433763326044386, 0.4433565156724083
7243, -4.5285729825033334, 9.9993710706198691, -1.9931580710270969, 0.4347864051909102
7244, 0.0795248167093282, -1.5365437389061740, 19.0000989999999987, 0.4367410858379944
7245, 11.7995000000000001, -7.5690196062929855, -2.0680463369611650, 0.4437417832394740
7246, -6.1860614953454176, 9.9995746364418459, 6.1404022515652796, 0.4335787891125580
7247, -2.7568908152361056, -9.3734011833328630, 3.9080270054029262, 0.4862383713067897
7248, 2.2143164621123259, -7.6591586941523442, 9.9997468754277303, 0.4618669205218859
7249, -0.4680413362902135, -1.2405506309470127, 5.8665343639763599, 0.4444269883164725
7250, 5.7443496432873689, -5.7801838550084081, 15.1851499289771521, 0.4358727632623213
7251, 4.5252667912041851, 6.4835608825336033, -9.9997078317681947, 0.4310013907887801
7252, 10.3938896319472995, -9.9994989108584846, 0.0528481053582232, 0.4590981765565487
7253, 6.5855512809679153, 5.1075037467319762, 11.2937937981017242, 0.4332592189816369
7254, -3.5331376413762974, -9.9994896156191597, 8.1013742649940568, 0.4316699342689925
7255, 5.1148589490587240, 6.1648620136770669, -10.0216531274271610, 0.4362637591106897
7256, 7.0988041650338340, -9.9996618841116085, -5.8000080452865284, 0.4982128170709815
7257, 11.2098304390709611, -7.9913911129835578, -9.9995251509680223, 0.4322690134767362
7258, -1.9564787445990157, -1.2812431918932576, 5.8568016283056989, 0.4429765487261986
7259, 8.3326858282887777, -2.4884452447885592, -18.9998805605994043, 0.4703795808484481
7260, -4.1731920872917465, 3.6665392392582623, -17.7797857535994659, 0.4363201173379354
7261, -6.0657315478732112, -3.1441515587146687, -9.9997488576637554, 0.4593078869583114
7262, 10.4491093251416807, -9.9995016173016964, 0.6760295861108236, 0.4293666677957034
7263, -6.7785670190014757, -5.8485163001660334, -1.3222535379140015, 0.4711601406823909
7264, 8.6628001548158267, 1.3703167895308610, 13.2162690954537041, 0.4359868746025898
7265, 7.3900166593836412, 7.0948326467284781, -2.1949391392711481, 0.4571948957191512
7266, 7.9587258350459127, 5.5054694301303737, -2.4042346715668641, 0.4298554534949983
7267, -0.1386755231037232, -2.6849067055215818, -5.6849489806380680, 0.4488683888793563
7268, 10.5309891424845041, -9.9994850935059922, -1.1090242590788100, 0.4355889952581172
7269, -6.7769681083311815, 5.8102853319348950, -1.4645718380923805, 0.4371135922516511
7270, 5.6631435310747564, 5.8366263124918589, 16.6887377321271941, 0.4389336561830864
7271, 8.6861706190491912, 1.0780266529546152, -18.9996842223904565, 0.4302256265054238
7272, 9.2342762163631313, -9.9993386029270130, -8.7629324102784985, 0.4770597335502923
7273, 8.3332439655917092, -9.9994972711149579, 1.1327768242648613, 0.4486215429237790
7274, 4.4924639561230135, -6.4771919136214722, 15.7160815219901231, 0.4413980098314430
7275, -7.5595249682032915, 9.9995983762902654, -9.9680607266157857, 0.4800207684501681
7276, -8.1792420463848750, 5.0304408577519730, 3.2767954492236266, 0.4552772315706607
7277, 11.7995000000000001, -7.5681008107352303, 2.0917461272723061, 0.4273122579800104
7278, 1.5144537418412347, 6.9937626997692828, -17.6400613276173672, 0.4341292408749464
7279, 9.7249652209642363, -9.9993392371747554, -7.8915561286611808, 0.4818374404755804
7280, 0.9643869568060036, 4.2080335674101841, -19.0000388555573529, 0.4408454016501460
7281, 11.7995559427935675, 5.3876604061888731, 4.8789599637502548, 0.4264400948929999
7282, -6.9171674687748173, 9.9995156003376859, -2.7416080686617459, 0.4368985953248752
7283, 9.2451585640183964, 9.9996346090788126, -4.7171635348032721, 0.4420586454393312
7284, -2.7769693688552421, 3.8187488776878733, -4.6286309276631918, 0.4553242520995651
7285, 10.6111685671224887, -5.4512509479631950, 2.5079442161207002, 0.4223791819642418
7286, 11.7988220579998284, -3.0236553328286675, 5.2374330707539514, 0.4507049798113464
7287, -0.1426294932015574, -9.9994904969226006, 9.2813167340141440, 0.4333202943233536
7288, 10.5284197171865088, 1.5662118109007050, 9.9995780139030348, 0.4426343405431889
7289, 11.7995332971856666, 9.9751748020645348, -7.1775443174111597, 0.4464934571077978
7290, -3.0813769660252004, 7.5078811174417899, -3.5062484342253932, 0.4475035992141225
7291, 8.2797078269173490, -2.6430517360826897, 17.8475678380073752, 0.4357583416722779
7292, 11.7791319779656014, -3.8921742249849571, -4.5720261398083979, 0.4419237246340973
7293, -0.9286819532014686, -6.4448591059672067, 17.7515226565360997, 0.4518052794004654
7294, -1.0451044004140819, -0.0898010915996964, -18.9999731044737494, 0.4427604828493372
7295, -1.1750716018126257, 9.9996129003593399, -7.3454191892231151, 0.4322324671694545
7296, 5.5806761059113246, 6.6862664335219835, 9.9997239514208136, 0.4470990282899024
7297, -0.0203605683710760, -4.5712544655028458, 5.7100558427583907, 0.4973410861887128
7298, -5.5894457243173594, -0.0941438449072532, -5.9958484136062360, 0.4613964295297296
7299, -8.1995041973129386, 8.6105734174979656, 2.3615396713564860, 0.4319865945592963
7300, -6.9188614688469281, -3.2187863961370615, 9.9996114958302833, 0.4321636163163067
7301, -0.4048451418534669, -5.7921005810387580, -5.5975092650316327, 0.4333105504280056
7302, 6.6583935074341341, -9.9994663218878532, 9.9807475279753000, 0.4686386799581643
7303, -2.1320819918105602, -9.9996656005501610, 6.1229919599090756, 0.4496922893196627
7304, -0.3569058337017370, 8.7552800478644102, -5.6268095492742951, 0.4369948095863478
7305, -6.1626098030022440, -6.9453392950565478, -9.9995122860249701, 0.4649702916343625
7306, -1.2507966012415355, -4.6412239428012043, 5.1734074946161899, 0.4648611714547073
7307, -5.5237928878101794, 7.9129895755800046, -9.9993764891189993, 0.4339604200501479
7308, 7.2116127474866056, -4.4368141663161502, 13.2606010282503526, 0.4301259561768034
7309, -0.2212423455862012, 6.7100111247590428, -15.8447915696302175, 0.4400437483530278
7310, -5.7363220226089817, -2.3370045350712911, 9.9997004206124025, 0.4506174591687244
7311, -8.1995679602081193, -1.6889022108061482, 5.7964428087028965, 0.4459166453323345
7312, 8.0418492555661629, 3.1336157556498341, 5.1378308533732406, 0.4617044486485164
7313, 11.7996837037993458, -9.3081685830863314, -1.4519997076221332, 0.4446864922121063
7314, 8.1000362301028819, -0.7580216991271251, -18.9998690492075504, 0.4649227172669650
7315, 9.9399329544166175, -0.8186059591927403, 9.9997035539448031, 0.4823761066489687
7316, 11.7995341590015634, -8.0411971125303268, -0.6737584859109403, 0.4463291785028156
7317, -7.4872630523958046, -5.4649845564540813, -2.4759496635655855, 0.4418047479186025
7318, 3.0523260141387873, -0.0234745700307354, -5.9920123396864495, 0.4363865286348145
7319, -3.4186794296015450, -1.8629641047750278, 18.9998233595360020, 0.4584494998191148
7320, 11.7995399543082584, -8.0864053942161789, 3.2479031189255907, 0.4373452028241824
7321, 1.2758256317334173, 6.6194419827671886, 5.9729464073149767, 0.4558874653050867
7322, 5.7864298472923750, -5.7517822551529445, 11.9514519288726966, 0.4528931962242707
7323, 0.3815641528924519, 9.9996414361321442, -7.8864002561647562, 0.4964068987430574
7324, -0.5675999717447613, -8.2416017669432318, -5.5457702114937124, 0.4285233183616774
7325, 8.4671842235876120, 4.9840669240818061, -9.9996679710553735, 0.4369536351313111
7326, -5.0090212976585713, 9.9994773453806456, 7.1747151905433260, 0.4384975035642376
7327, 2.2232833943230457, -7.0140355223173012, 16.8591518293553975, 0.4838070369981273
7328, 4.5770835303025494, 0.0773306573771870, -19.0000437076226234, 0.4294389387254040
7329, 1.4443065535071729, 6.9888654810847859, 12.5457992505427463, 0.4647149268315763
7330, 10.2371750400597517, -4.0379753926041584, -9.9994394902036277, 0.4410690768220976
7331, 3.6842541717048558, 2.0379997098156140, 18.9999818035270671, 0.4564084485508344
7332, -8.1995101907682866, -2.8067779541087514, -6.6350410705882874, 0.4783463880144987
7333, 10.3303377369682803, 9.9994180254032337, 9.3275018335002979, 0.4546832980088643
7334, 3.9456485708250133, -6.4844156782177418, -5.6080204120139863, 0.4221978368185226
7335, 6.0784939524786195, 5.5568469734816111, 13.4650321232936907, 0.4450951490523853
7336, -6.9110880744863614, 9.9995207667930757, 3.2905640714093853, 0.4387625224711330
7337, 3.2287053214906676, -9.4548986291702857, -5.8618943649757167, 0.4170864134507395
7338, 11.7992878615957544, -5.4947821196198960, -2.4641716445209454, 0.4319061127840849
7339, 11.7994000000000003, 7.3255899374708662, -7.4644304551988325, 0.4419152911154463
7340, -0.4696409371936160, 3.9534265260128114, -5.5613778676261152, 0.4265550346231571
7341, -1.9416774603446270, -3.5396869704904881, 18.9999923159696600, 0.4227044112329617
7342, 11.1090163325045381, -6.0002680143572702, 0.1565486079830879, 0.4465314824058090
7343, 6.6310326049569577, -5.0670446048739732, 17.6378551201382692, 0.4380137847299271
7344, 3.9435048899028771, 0.0666263592192262, 19.0000440386409331, 0.4370757355490077
7345, -5.1546345707714325, 0.8197947566898627, 17.1554419391446089, 0.4394357849341841
7346, 9.2261250409762354, -9.9995953170507370, 5.5367079387635156, 0.4551136459037858
7347, 8.7944021831792956, -0.2546340147373604, 16.8656385214809852, 0.4285599880844915
7348, -5.0119854324220787, 9.9994286981357252, -9.3050627618320902, 0.4590874210371706
7349, 6.0531702240655640, -9.9996070193685060, 7.3567835407854352, 0.4730777866854453
7350, -4.4604650195972591, 6.2899332258285865, 9.9995130881079088, 0.4248167514154425
7351, -5.1079517623513881, -1.1177963569339182, 15.1729344434268310, 0.4609058579283775
7352, 10.6401020989266488, 9.9994392354931634, 9.9727720252065364, 0.4546832980088654
7353, -8.1995365477036550, -7.1486072026789795, 1.1410239146050780, 0.4460202133696092
7354, 6.0099700276034653, -6.4787202483423334, 4.2681529784607743, 0.4483282434706691
7355, 9.7696142619649979, -5.9693134275012891, 0.8259988934812256, 0.4436781190329918
7356, 9.2036084277563699, 4.8144741747291810, -3.5964183258320270, 0.4371519831957149
7357, 7.9067028491494016, 3.3650469118863566, -18.9999825904577193, 0.4413265758116795
7358, 2.7649868652339977, 6.9312057995559160, -10.6668986510578652, 0.4501414430636039
7359, -4.4616499245104313, -3.1264870731808858, -14.8323429358139638, 0.4552983313364845
7360, 4.7886796836203063, 9.9995143016271530, -9.9782062543702832, 0.4301794161206549
7361, 7.8214226930172899, -3.5661113022565525, 10.7447996913345136, 0.4592817427579670
7362, -6.1631218251945894, -4.8110891778333844, -3.5803803461027872, 0.4391095780752224
7363, 6.9066242884796623, 3.6014891645947436, -4.7921674389499387, 0.4351680118944595
7364, -8.1995384263685942, -8.0854443730176602, 6.1746717528316077, 0.4321920051217325
7365, -8.1995679027651871, -5.4988514356049141, -4.6388039108151276, 0.4329687001997287
7366, 7.6933172727394732, -3.7793516950857344, -17.6466944828200170, 0.4583094502641837
7367, 6.7838044007213609, -7.3155779278162276, -9.9994376499526663, 0.4386923160227074
7368, 7.1976723217732115, 8.1284150829730670, 2.6112699861386703, 0.4709420413212636
7369, 10.1165813331780186, -6.2684535448489589, 9.9993961467094330, 0.4784343557465178
7370, 8.1757381995320486, -2.8910963879782909, -16.7928156228067600, 0.4401357128475172
7371, 11.7799291840287967, -9.9991821459749080, 4.4641679499830618, 0.4398940895530215
7372, -5.0003498889173024, -1.6075838490795569, 18.9991587268324906, 0.4402695370184985
7373, 9.4784847704758679, -4.1855315462931806, -9.9995240841512132, 0.4351883543114210
7374, 5.0060728439923032, -3.6357828297234094, -18.9999730805140707, 0.4219316960998859
7375, 2.1806566553936220, 5.4155040134856947, 6.0107734998473807, 0.4469304596618113
7376, 11.7780657849111350, -2.5631464125307382, 9.9994573425529740, 0.4371691280019954
7377, 7.9944054924969432, -1.2315099639396190, 5.8696497186891810, 0.4461438328646468
7378, 1.0848707160071247, -9.9994885843581507, -7.8127503050365616, 0.4401933074992280
7379, 10.0033240799648713, 2.9794707921124304, 5.2250301104929031, 0.4511754446317489
7380, -2.1535688617143478, -5.7890007842793265, 15.0264054495417039, 0.4295906054232385
7381, 7.0000547967961033, -4.6306631706474057, -3.8287547679487930, 0.4237793726538369
7382, -3.9615510841629558, -3.9715359155478662, 18.9769201425959579, 0.4490155949712054
7383, 11.7995000000000001, 8.7170636310230112, 5.6624346716573912, 0.4452379180685631
7384, -0.0511513185289980, 1.7341063955100648, -19.0000457950594956, 0.4152163132147139
7385, -3.2281213878999693, -8.1260513884397696, -3.2720372373517179, 0.4401110253481264
7386, 3.6333103930680068, 3.0175792423972378, 5.7348955334565970, 0.4666430829570714
7387, -8.1995180096076439, 4.4070525400216134, -4.9617244866461112, 0.4362279850061920
7388, 8.4100042759188423, 9.9996199146043097, -1.1092847018249612, 0.4626704614054532
7389, -8.1995432285560508, 8.0585401925501454, -5.4352168707017174, 0.4299075839096405
7390, -4.7343246158578758, -2.5423029698208675, 18.3223713243028676, 0.4326790056702562
7391, 8.6545995735490671, -1.4040706035253037, -12.4575990808821686, 0.4358655368537551
7392, 11.1646120557981003, -0.2055135368575926, 9.9995354311647144, 0.4518613301218647
7393, 4.8234310137090501, -6.6230244084328014, 5.1841989942281197, 0.4433487587345040
7394, -4.8634423299628313, 9.9780975999531396, 9.9995012049631313, 0.4366617674914963
7395, -8.1995903323996568, -1.0138520457232880, 7.3693848406859894, 0.4427501366232042
7396, 7.9951430235120959, 1.3597441786806155, -18.9998804337344573, 0.4537683029235116
7397, -0.3673221399516979, -8.6587463266573188, -9.9995384309099293, 0.4360380797757912
7398, 7.5395578506334724, -4.0320632994318730, 15.8249793175795688, 0.4420869038994680
7399, 10.7072317481892849, -1.7473089201623597, -5.7616842240880297, 0.4345053591690141
7400, 11.7996732832449354, 2.0708814119882346, 9.2496804772993908, 0.4547072994817922
7401, -8.1995082535666217, -1.1250689383826926, -9.3013584339980788, 0.4324243694083136
7402, -5.1942316821775334, 0.6053453954918230, -15.3800071841721788, 0.4550927047948234
7403, 0.2705757606992312, -6.8296398041085951, -14.0901573024981595, 0.4244560939448030
7404, -4.0705510810552372, -3.8133389224638492, 12.5215306875503742, 0.4488932280907598
7405, 4.0279037304421994, -9.9995838524857845, 8.4557436916683635, 0.4598391688015039
7406, -5.0177462572238332, -5.9975781437075044, -0.0013742695749257, 0.4660526028902163
7407, -7.4039930244721752, 1.0896215677800083, -5.9074233587152953, 0.4658017754754915
7408, -7.5375948057617332, 2.8483226719427384, 9.9996387888053828, 0.4500134129766826
7409, -2.0694221468568208, -9.3420062176607939, 9.9994047750633790, 0.4482948815476198
7410, -5.2029233932465031, -0.2762006876243709, 12.6950702534542401, 0.4327985106883431
7411, 6.2930270445788432, -5.3718981731593107, -15.6514382853558480, 0.4478991601866184
7412, 3.2617984444929942, 6.8690204409238573, 13.1742633937922413, 0.4267152181696529
7413, -1.8653591253069453, -7.9724070643149290, 4.7438421886848072, 0.4492661457088970
7414, -8.1995897572569554, 6.7939747748685964, 2.6461429518761919, 0.4535076950607906
7415, -3.6309580736384146, 4.4292490166255618, 13.7401046484268843, 0.4542483774094971
7416, 5.1419202998382119, 8.5261015511308127, 9.9994902897958777, 0.4421840719642011
7417, 11.7995307186524609, -7.9701818384617455, -1.4403240990428965, 0.4468690169550218
7418, 6.9693159536112717, 7.6921697682604657, 3.0787603783370292, 0.4191478716450117
7419, 2.9767801239196063, 0.6300785470181104, -5.9973042387222186, 0.4363865286348146
7420, -4.9591617151230567, -1.9722380331933815, 10.0003644864670704, 0.4506174591687234
7421, 2.6127791530619273, 0.8196582145001076, 5.9606000017576486, 0.4446404343158014
7422, -6.5914621352741296, 6.1165992122356885, -9.9993923637520581, 0.4423191987170600
7423, 0.4425616061403782, 6.8736933632601964, 17.1715777880636260, 0.4354669905647881
7424, -1.0945317774029319, -5.3645589528997766, 5.2482604432250985, 0.4507941741420319
7425, -4.8783357143773074, -9.9994964070180998, -6.6842770277652761, 0.4344583635204701
7426, -5.0406242166295021, 0.6942698823219978, 5.9910679135006788, 0.4391647346827982
7427, -3.8687640620623038, 4.1084899995053483, -12.5550083443347731, 0.4426356790674911
7428, 7.6174780602037133, -8.6249359061767219, 1.5066960023805691, 0.4683079925748744
7429, 4.7946600116088787, -9.9995951694163470, -5.2361252988177274, 0.4761156156075508
7430, 5.6069479149446826, -6.7650834085866833, -4.6802443534328875, 0.4281175217514321
7431, -1.9183358186378761, -9.9994922804534863, 8.7525845142227610, 0.4597202796259630
7432, -3.9007998068535379, 0.7592655677608772, 18.9998000000000005, 0.4292668951067020
7433, 3.3641782049925335, -7.4969410618507206, -9.9998634517580687, 0.4237475781250727
7434, -1.7108341996058052, 4.3453476074843476, 4.8785206303413489, 0.4356665095316917
7435, -8.1994802325275256, 5.0222808405930763, 9.3197856357866726, 0.4332667528804892
7436, 5.1622603890800223, 6.1493502526531545, 12.5879440659703015, 0.4714247504117104
7437, 3.5773134996915723, 8.1120055432442708, -9.9996607238604103, 0.4400454617641428
7438, -4.5375994317920139, -9.9996184907440142, 5.5797304590286876, 0.4231739714385538
7439, 4.1538401223850645, 0.7591384996389245, 18.9999938641929091, 0.4364795161491205
7440, 11.7994549654902450, 6.4152731873332520, -3.3951118545556631, 0.4466945252788845
7441, -5.0294011306283872, 3.9588527764465007, 4.5303873572714393, 0.4354189230983374
7442, -3.3973331644268776, -7.1460662464670701, 3.0113940553990233, 0.4350367531414351
7443, 11.7995820444914337, 1.6918131748575058, 8.6025244828000460, 0.4472639638661231
7444, -5.4577756243676818, 4.9933169567635680, -3.3267540385171683, 0.4513071960999960
7445, 1.2669915935854277, 4.6141629611423554, 19.0000083327673011, 0.4535144816242677
7446, 3.9086297441332691, 6.6732803518015924, 15.9027739617803583, 0.4630247368529501
7447, 4.4867758373508515, 9.9996408140980488, -7.5206119023891089, 0.4451943088500942
7448, 7.2946030830886750, 8.0209581236259933, -9.9994846897530874, 0.4580828057089082
7449, -4.5402919868495006, 0.4812116693262498, 18.9998000000000005, 0.4467746687547771
7450, -4.2310052923777555, -4.2997128532182298, -4.1832788452656793, 0.4660705970938414
7451, -1.1354318409576309, -8.1219811889069380, -5.2276683667693646, 0.4590339390985175
7452, -8.1995421251841876, -9.3317358659180627, -0.1110510963908689, 0.4461789949625453
7453, -8.1993895672229709, 7.0542097041476417, -8.6974126024687521, 0.4408094906343161
7454, 2.8775069602033243, 9.9995471920139618, -9.3807585203755117, 0.4274337986495109
7455, -5.1685198295061507, -6.5548823035330788, 9.9996020999479995, 0.4384121805523075
7456, 9.4871657851577442, 4.4222707398449401, 9.9995666334197075, 0.4306886877785636
7457, 6.4106469897485781, 7.0691802499682348, -9.9995486191937797, 0.4644919518568206
7458, -2.2673288044040070, -5.7151685485031107, -17.4502243769877090, 0.4676246605125232
7459, 2.4662567824119357, 2.0415804029802360, 19.0000000000000036, 0.4722627510632391
7460, -3.8217307676075425, -4.1760962224647997, 10.6594474166282538, 0.4365283183073173
7461, 11.7994530728407909, 7.9201590189978166, 0.6138564077188101, 0.4405596080634134
7462, -3.1329772571803951, -1.2160453741263391, -18.9998489063671165, 0.4680771819601723
7463, -1.8554491986534327, 5.9687644285884778, -10.6726065419281095, 0.4259761684955554
7464, -5.1688030989274409, -0.1232505939512906, -18.9997539083441218, 0.4417118502421754
7465, -1.0930438577321901, -6.9559009362984066, 5.2497236111375321, 0.4461636359382036
7466, 8.8025798245778546, 0.2211784930294124, 17.8134225974897582, 0.4422090807123539
7467, 10.0125110376007775, 9.9995259520784199, 7.3732520219278799, 0.4321447892674642
7468, 6.4526938292958791, -9.9993770269407900, -3.8286509654158007, 0.4538780941557907
7469, -1.9808075741425566, 2.0441186516916883, 5.6717939973302718, 0.4584375345289358
7470, 4.7862173745984453, -2.9316408137929590, -5.2436305630480753, 0.4726420205983303
7471, -3.0591151157917102, 9.2790850634520758, 9.9993609860862733, 0.4479033113284808
7472, 2.7618634390361763, -4.8736852518581273, 5.9183141681468019, 0.4341619092590137
7473, -2.0338832484172369, 5.8582417522154877, 11.3059049240378879, 0.4297200691552012
7474, -0.9402847285050264, 9.2193349649516723, -5.3404636715740716, 0.4524936322399959
7475, 7.5671533065225152, 9.9996154667905710, -6.4936221176634827, 0.4553347492205641
7476, -2.9313784624918964, 5.1722196197105808, -13.6729179425400442, 0.4383582543337716
7477, 9.7659521178039501, -9.9995656490033937, -0.9869668615672188, 0.4691391505567132
7478, 4.6525434055159831, 6.3929007072313260, 11.9720610173965465, 0.4327600784710630
7479, 9.8200698249293570, 9.9994405424604569, 8.7171662245042860, 0.4410744028235550
7480, -4.0471965512070378, -5.8023697034750965, -1.5318815268454695, 0.4541657803855003
7481, -1.6675843564399164, -9.9995187888146759, -9.3057172294737072, 0.4422993561020164
7482, -2.0557631885263805, 5.8457245103245503, 15.8668389671799606, 0.4450938793366049
7483, -8.1994867925101609, -5.4884416466368480, 8.6773219193553395, 0.4356585093100053
7484, -6.9530501031198604, 0.6253822538014842, 5.9971527787760524, 0.4347580308293765
7485, 8.4802183040094299, -9.9997125734410517, -2.8716162640531264, 0.4446514582954743
7486, 11.1315841938989468, 1.5172888680919647, -5.8081960974861087, 0.4266525244370595
7487, 6.6279510331148019, 9.9993240103454841, -3.5821017074853030, 0.4385871181413086
7488, -3.5645851042832830, 0.9261641686462194, -18.9997767419150101, 0.4439770210120698
7489, 11.7677550777322342, 9.9991383407070202, 3.5773947846593175, 0.4650729814256560
7490, 10.2975599423102064, -9.9994038177379174, -9.3533603949481670, 0.4534376396048795
7491, 0.2815198407286746, -6.8314469679307095, 13.8406948239405541, 0.4463967136726794
7492, 11.7994926285651420, 9.3130607928094715, 8.4349280874135566, 0.4492522529288136
7493, -6.4348299178901298, 9.9995514405076005, 4.3648714191121298, 0.4776625252082426
7494, 1.0518775533816715, -6.9479946877852319, 18.9730772569894697, 0.4678557792434914
7495, 4.9242672732965573, 6.2898728149996357, 10.0000067480212973, 0.4415894963551261
7496, -8.1774183530538931, 9.9994248275183359, -5.2063361610677932, 0.4469536911605994
7497, 5.1284515935906372, 6.3869933086976802, 4.9920170472746612, 0.4180388266505042
7498, 11.7994000000000003, 5.9039477900710882, -7.4031007673141058, 0.4614959506032261
7499, -5.1528608342965301, 0.8659410796961846, 13.1453594170933385, 0.4730185909274617
7500, 11.2133331925577355, -9.9989592441747615, 9.9802799773409419, 0.4498385169134875
7501, -1.0600782616159781, -7.2723690062219237, -9.9997237801073915, 0.4874053822706521
7502, 8.9452946103028133, 5.9036697745555307, -1.0404239261792867, 0.4608047877498868
7503, -5.0395403867447728, 1.5139290358137061, -18.3071713447804925, 0.4354508533730464
7504, -1.7565185385356845, -9.9996268946066209, -6.2032927067550956, 0.4285435286580576
7505, 3.6855755847348335, 1.8863848130944334, -18.9999813763135386, 0.4201279826215701
7506, 0.8084037944893733, 4.4319517976974634, -5.9371338613431144, 0.4551200410490588
7507, 1.4588412609912143, -6.9902164901902495, -13.1949174610863285, 0.4394699536855309
7508, 2.4102848412451783, 8.8413264085440364, 9.9996114870095933, 0.4124705186375994
7509, 10.4517318853752066, -9.9994776172809399, 5.0710920770409667, 0.4301153622003396
7510, 11.7995000000000001, 4.4157237425414220, 7.3130625562137839, 0.4352668255432975
7511, -1.3585932105537486, -9.9994813260757436, -9.9741376377143105, 0.4581091143656293
7512, 1.9190101857275057, 7.0214589495692161, -16.3698694534457694, 0.4492274532896596
7513, 8.3554465718985309, -9.9994227680934973, 9.3398409287328068, 0.4181879662360197
7514, -1.8646354566850023, 9.9996225925529441, -7.0860225226468287, 0.4329608217784349
7515, 10.3313723224826823, -6.5782117450074082, -9.9993758008145317, 0.4458147773032602
7516, -4.5340037641311390, 2.9769484356103266, -14.9985983872405040, 0.4499194651918944
7517, 3.4238400622131815, 3.2045797146376684, -18.9999145798729039, 0.4789818202590421
7518, 9.1136605824894161, -9.9996515972284943, -4.6348505005282856, 0.4260671691063670
7519, 11.7994000000000003, -8.0160983961978971, -8.1024547586639066, 0.4418091443779859
7520, 11.1203849692804742, 9.9993591158252624, -3.0511211947098364, 0.4694603176380531
7521, 2.6815367737190616, -6.9412177942745759, 14.8830535848018926, 0.4337352123614708
7522, -7.4929421558372180, 9.9996130230363232, 6.6852822485407639, 0.4409882423909409
7523, 2.0103255275139071, -0.7844919277150131, -19.0000068416701104, 0.4667444971507467
7524, -8.1995079090020706, 3.7980178476807560, -9.3087080278563725, 0.4815256223370515
7525, 11.7994126507127017, -7.9823634355986970, -7.3750085558047536, 0.4744994276042376
7526, 8.5605528888000588, -1.8365873371512533, 16.1474784103647266, 0.4367738962833761
7527, -0.0629446788278394, -0.7096237147413773, 5.9891823170341434, 0.4663742546732209
7528, -8.1785696576179490, 9.9994313568157995, 3.4965623716624812, 0.4564606444054132
7529, -8.1995349463120935, 2.5116049517816066, 8.6786114776553855, 0.4321944606268558
7530, 0.0010496205485461, -5.2260725839328090, -5.7209270984202956, 0.4331802066557405
7531, 6.5935584576115458, 9.9994837564381172, 8.7302001323693634, 0.4728287415439240
7532, 7.7514507864527262, -9.9718713486960251, 0.7495724517406409, 0.4611039609947743
7533, 8.0901093743284171, 3.0957303987961695, 16.5707792823447164, 0.4277334912902649
7534, -8.1995919816994380, -4.8177455856504139, 4.6380414719204142, 0.4676576976663387
7535, -3.8841943770797558, -7.1252517902722623, 1.9362136429297716, 0.4443369754382206
7536, 5.2222466057408043, 6.1190406928815166, 10.6539988111343629, 0.4224635605809045
7537, 11.7995408180722450, 6.8477761510100619, -2.6692048523600227, 0.4715636070981241
7538, 10.4684399831832806, 7.5149518716115500, 9.9993675565204274, 0.4198498761953599
7539, -3.1675346925782160, -9.9995166410230123, -7.6841031975970209, 0.4613011854465613
7540, 5.0221289351956671, 9.9996206688255338, 6.6082300745930471, 0.4546827302275516
7541, -5.7184965578469624, -4.0246563053289082, 4.4645598133197568, 0.4324881655563178
7542, -8.1995346308162951, -2.1687220967669267, 9.4270324022453842, 0.4492965893028595
7543, 11.7995000000000001, -1.2837919115156327, -7.0070937522528212, 0.4701092470209531
7544, 10.4746281893316837, 3.1809487691307732, -5.0932286469289441, 0.4491532559223968
7545, -3.1221964271203988, 4.9893026239925833, 12.5980035368747423, 0.4315749135331484
7546, -8.1686301230749496, 3.1884106806507839, -9.9996005381943096, 0.4549402175265602
7547, 1.0390014877689793, 9.9996024668939896, -8.6277586576778589, 0.4964068987430584
7548, -6.2660781093190350, -9.9996009075669718, 4.7278626458930111, 0.4424910050776629
7549, 8.3473766893381232, -2.4782478872719325, 16.1129253157928787, 0.4767484605607905
7550, 4.7263902682655203, 6.3603219440787706, -14.9145391962996996, 0.4420319069685422
7551, -2.7445445155922474, 9.3068462291060818, 3.9121340319610924, 0.4492908353836256
7552, -8.1995400636230542, -9.3406673535640223, 5.3872650674309641, 0.4392317454672611
7553, -5.5514126559070132, 2.2948765972604606, -9.9997375149755268, 0.4612957724494906
7554, 2.6514149435527532, 6.9451340347640054, 14.9180602339356305, 0.4192318904656889
7555, -5.1761107119416012, 0.7463798135386248, -17.1803934238432916, 0.4272190146162038
7556, -5.0967540550864401, -1.1856193227395218, -12.7363894092804433, 0.4656455806337643
7557, 3.7417127207736898, -0.3730444262107537, -5.9922181470194866, 0.4197057711201113
7558, -7.0111387540233503, 1.0389500052751524, -9.9996309575118509, 0.4393290699772125
7559, 1.2809127898020007, -9.3762069902560832, -9.9995681602148814, 0.4740334857662660
7560, -5.0939506665002838, -1.2111150074076140, 18.3341199550770817, 0.4519304241329877
7561, -8.1994778613526424, 8.6525523966061240, 7.3344712066235331, 0.4495599490919615
7562, -4.6898684361427261, 6.8087962931025965, -9.9994247596551080, 0.4350141691857939
7563, -2.3359479709158624, 5.6473108511958285, -18.3334357370572576, 0.4490637484197249
7564, 6.0833746973178666, -7.9533056196714513, 9.9993953590698723, 0.4573453462535557
7565, -1.0842678106713215, -9.9995938364463477, -6.0672294521579335, 0.4550371360996790
7566, -8.1995442274020132, -8.3636542030146650, -0.8057080853655378, 0.4683730082657392
7567, -3.0813312061516038, -6.5064923071850203, -9.9996591776708801, 0.4476388293406254
7568, 7.1963757944230036, -3.2257386657119071, -5.0762288910186184, 0.4787635979920701
7569, -4.8656132795219538, -3.7541282501739062, -9.9999442417097697, 0.4314344362579839
7570, -4.0273585227893447, 3.8776143437398378, -17.1266816888584508, 0.4486150873731021
7571, -4.0561533533826584, 8.1891202734839972, 9.9993727680619422, 0.4533560064435350
7572, -2.4875224864115819, -5.5357410587549429, -16.1455664275721489, 0.4334050784739114
7573, -8.1994896769005532, 5.3397311613526428, 8.6779934037231783, 0.4454313921569297
7574, 8.5531862255558480, -3.5974008172859131, -4.7987293238783097, 0.4251541845451684
7575, 8.7985012454954017, -0.2599532443411844, 10.6716467354411968, 0.4592168880657896
7576, -0.4931413721040464, 6.6217050909118313, -11.9929579234545169, 0.4358692553515410
7577, -5.7778518727598129, 1.2872756839457926, -5.8571111339097177, 0.4389198632090180
7578, 0.9680343133995182, -4.7354749688982434, 18.9999786741086005, 0.4349133540925374
7579, -8.1995462423829881, -8.6642700751820616, -0.2092520261597642, 0.4683730082657359
7580, 7.7565437586070693, 7.4661541430082261, -9.9995233956106144, 0.4404938329965294
7581, 8.2100433691742776, -2.8092232842303733, -18.4569129936082419, 0.4270220656700864
7582, -7.0265326441720966, 5.1903746778179913, 3.0446265351916759, 0.4231731516639828
7583, -4.6359272695944140, 5.1710166477691129, 3.0617021032238791, 0.4276365147432311
7584, 11.7993154790683548, 7.5767314733297821, -5.2160359846576583, 0.4761902292877537
7585, -1.7659487724623750, -6.0557833197400281, -10.0002583455718810, 0.4667285507784432
7586, 1.7089865552306125, -2.8171824628169846, -6.0035496425122270, 0.4231440659559106
7587, -2.4163954500370695, -6.7441347595749690, -4.2948054761659353, 0.4591985697770206
7588, 7.7647036925751527, -9.9996779097798907, 5.4417107900865709, 0.4515476883649014
7589, 11.2213558084971226, -5.8772335394774933, 9.9993512166942864, 0.4294158675776285
7590, -5.1036642522643803, -4.2585346349737101, 4.2253035424843803, 0.4324881655563176
7591, -0.8758057739565148, -9.9996364929716748, 6.1997671294285270, 0.4470770101051094
7592, 5.9586549014294929, 5.6344215615432454, 18.9751388035858888, 0.4388957550605297
7593, 8.6188578519646217, -1.5813108605152371, 16.8978092960742785, 0.4423211186940000
7594, -0.9439481047030156, -4.8562807227366127, 18.9999207388393359, 0.4445006453865827
7595, -1.0903361275308898, -3.3370175637430890, -18.9999819826810388, 0.4299302724207311
7596, -0.5627342412922082, 9.3174344660332924, -9.9994228664956761, 0.4385667396120001
7597, 11.7994981549352751, 7.6289712648194650, -9.9765770031542527, 0.4636833686633277
7598, 0.0397096564921464, 6.1446108406877054, -5.7352105563842457, 0.4482127729295293
7599, -7.4966654445651608, -9.9995227430188720, -0.1383798084761116, 0.4390411962922268
7600, -8.1997838533395413, 6.7387742197198328, 0.0208026287028297, 0.4350143355631125
7601, 3.4170488459808368, -6.0270029621716175, -5.8111756110057575, 0.4402339786440398
7602, -8.1990630742775323, -9.9738961618545137, -8.7501640713539253, 0.4861312327748789
7603, 3.5125161051555676, 6.8027244424004740, -13.1840323475306729, 0.4397923292868174
7604, -8.1995074410165287, 9.4047975434242765, 1.5574806938779635, 0.4437075763641570
7605, -8.1995896376130837, 4.6197990083693208, -6.1491150426314638, 0.4751876351103492
7606, -0.8193038132929336, -6.4910093448346338, -17.7259876797289913, 0.4567652044645383
7607, 6.5684493828433270, 0.1135337794775947, 5.9957023169878862, 0.4470015646820173
7608, 8.2309741344245566, 5.7642250360008322, -1.7241628048950424, 0.4696196249543245
7609, -2.1324582009460187, 1.0857518030609496, 18.9998952787362256, 0.4576235990562073
7610, -2.8133090504403091, 5.2656496101029857, 13.2292732196282561, 0.4455610683062892
7611, -0.9146870861758061, 9.9758861435604533, -9.9992919033786389, 0.4296348899235116
7612, -4.9189403427174678, 9.9995472993327663, -4.6040825444798523, 0.4509158835520187
7613, -4.7167981984932350, 9.9995165984041510, 1.5929624095046500, 0.4789839788915049
7614, 5.6360971377994522, -7.7515200576023000, 4.6284786985028292, 0.4679152918587876
7615, 0.3012048378252457, -6.8373822215725628, 17.1227579326274757, 0.4264382619074149
7616, 8.7666223670741186, -0.8738414743475839, -11.2739923145393277, 0.4372051610689705
7617, -0.7313785394978447, 7.9456469308899100, 9.9995602077756089, 0.4533623487329614
7618, -3.5304973949174521, 4.5425791138554850, -15.3855575571949093, 0.4202103432238358
7619, 1.7217276990667154, 9.9995982130828764, -8.7097698629985114, 0.4684538242664510
7620, 7.4683826266212661, -4.1259902013572329, 16.4912457810751079, 0.4790840549531407
7621, -2.1576090503929750, 6.4297974937175679, -9.9998148980764334, 0.4412006153268258
7622, -1.8767876125633305, -5.9545965121766393, -14.8792868226906005, 0.4517899351178454
7623, -8.1996700837317213, -0.8559751331665653, 6.6788599845458698, 0.4473802889083827
7624, -8.1995456555719421, -9.9788171862625745, 2.2864332421369369, 0.4486673751631190
7625, 0.4775767052731981, 3.0742396197436759, 5.8734394342248208, 0.4290097000886097
7626, -2.1379110810381632, 2.7644708468181651, 5.3142236755495729, 0.4788870735133409
7627, 7.2995562471877431, -9.9994907826091382, 8.6702458219622613, 0.4558278849529288
7628, -2.7170081248806266, 5.3103755363709606, 18.9997027349208949, 0.4598884059309361
7629, 1.5264112701231765, -9.9997367901807532, -6.0222937553275777, 0.4584952077232199
7630, -1.0703963868422843, -1.1729475877477828, -5.8869131109112853, 0.4305581519398456
7631, 7.6503849823209862, -9.4086842597429889, 9.9995541171528384, 0.4374545162778139
7632, -8.1996677821972259, 6.4845093080613365, 1.4730913698726382, 0.4334907504438428
7633, -8.1995613462558659, 5.2498647856761087, -6.5030529838394573, 0.4316017811046021
7634, -4.8252738056504070, -8.7449952845769641, -9.9994526749862747, 0.4232909828315018
7635, 8.4579742924676768, -3.8003756342225379, 9.9998956541331285, 0.4281065394917231
7636, 0.2070014522005459, -3.8875302522519459, -5.7805798006258868, 0.4525230547270829
7637, 11.7994857408660323, -8.6380213745605126, 5.1265458756308959, 0.4378904547533656
7638, -4.1714091143495260, -6.6864285823362275, 0.7038973095614367, 0.4621486522341166
7639, -5.9149288441506158, 9.9994486156401496, 8.0691974899546608, 0.4387384490641953
7640, -8.1995771321218225, 7.9491704703264192, -3.4211756390199111, 0.4563439394876076
7641, 7.5245016942609722, 4.0502751191179538, -12.1135788658800312, 0.4544937943590552
7642, 11.7994000000000003, 6.1267187183393013, -6.7220488257084430, 0.4614959506032251
7643, -0.8475399175587793, 6.7516853946507362, 5.3862105446676996, 0.4831570532877245
7644, -1.0298508087482490, -5.6341589942365982, -5.2882282840585670, 0.4688403392704909
7645, -2.0275644153452994, 5.8644913405360004, -15.3012303528387523, 0.4468693815590672
7646, 4.3150588456523593, -1.4976194933872813, -5.8022461306221009, 0.4448629965370450
7647, -3.3100293382997541, -5.0936875559235393, -3.1705959928405902, 0.4576292504875852
7648, 1.9790230358435263, -7.4173183914301584, -6.0265267340055164, 0.4559409570807077
7649, 3.6549381468333388, 9.9995596393238699, 6.5152658643513943, 0.4579764552040737
7650, 11.1683196103113005, 9.9992036892736600, -7.5377547493242885, 0.4454846498564810
7651, 11.7995753358239952, 8.5853701270088632, 0.9748659280672961, 0.4378593077166816
7652, 7.5127412939092855, 9.3022441146295911, 1.8486740122785079, 0.4558604237563612
7653, 6.9064779937572451, -1.8819081091175083, 5.7118677518028500, 0.4862943494667386
7654, -5.5871758129032782, 9.9995285084021717, 6.6339405053258185, 0.4374326128983575
7655, -8.1994487135511367, 5.9741875829638618, -9.3067631336496959, 0.4370596906134315
7656, -8.1995205415385364, -6.7626076958553201, 2.6602857083238098, 0.4482801621065940
7657, 3.8431106793126300, 6.6919410161898174, -16.3174007057874597, 0.4487607189441595
7658, -2.3300047372208090, -6.9775878868642112, -9.9996298841319380, 0.4476388293406251
7659, -3.8192284380438806, 5.6061212515419445, -2.1822704517553775, 0.4791761235416296
7660, -5.0649940842061643, -0.7311911553853365, 5.9911558122028366, 0.4308595690121391
7661, -1.2241184045038151, 6.3231070884214855, -13.2844326815583553, 0.4442494217510289
7662, 7.8120100350240955, 5.1690836872376504, -3.0328471692943770, 0.4399894592332474
7663, -4.5422401450427818, 2.9597480387429349, 12.5661764128353770, 0.4467198538728762
7664, 1.9856352838455753, 7.9962681522202317, 6.0274355941749524, 0.4320467754641630
7665, -4.0674027030581206, 8.0792192079098832, -1.2590704455621591, 0.4386434809931359
7666, 7.7628312944669950, 7.3081039446008429, -0.6985141805723916, 0.4551603151367163
7667, 2.0984858861138842, 8.6529382481740118, -6.0245289103593631, 0.4434281223598797
7668, -6.0889886226200716, 9.9994047317817181, -8.7794868930307128, 0.4867098165888883
7669, 8.3388701610669251, 2.4959775242137106, 15.1892428391941188, 0.4517226915159196
7670, -1.7453171150924049, -8.1002632695313022, -4.8483133198098010, 0.4374604568680553
7671, -3.7733057001300168, -4.7092204088777034, 3.7490871526531038, 0.4537093643977401
7672, -3.6947056126216649, -9.9995262055792793, 7.4319789769721361, 0.4512673800820753
7673, -4.3738864200449123, 9.9994979917810713, -7.4181526781042058, 0.4580166978657893
7674, 10.4117192051488772, -5.8740379623269598, 1.2331923643756411, 0.4385513585776589
7675, 10.3949716857651957, -9.9993849309303879, -6.7603030477996819, 0.4429141167041279
7676, 8.3214504893379093, 9.9995649772888662, -6.8357755609875168, 0.4602060128159705
7677, -1.3103853018977032, -0.0302858892179311, 18.9999542618702044, 0.4474917462260221
7678, 7.9112891636785321, -5.4459524811248530, -2.5277128332287382, 0.4240320999987011
7679, -3.4493024262011911, 4.6246040827486325, -18.3013910652087226, 0.4663411226399568
7680, 11.1269552431278065, 2.1598290599659280, -5.6057969610112126, 0.4241876796447213
7681, 7.2899432052750193, -4.3435824287901159, -12.5847256992187830, 0.4342139733309294
7682, -3.1721837638042780, 9.9995509447194433, 7.9387653815255943, 0.4547954306340328
7683, -8.1995910506024199, 8.0077369776428622, -1.4378797106333192, 0.4395930235380611
7684, 10.4828741005525767, 1.0280652131500492, -9.9996258589149072, 0.5024762540955999
7685, -8.1994853865848381, 8.1531749369135049, 6.3064290111688406, 0.4561109898707407
7686, -2.5884313702367048, -5.4521816456577339, -10.6439877086760379, 0.4315681697125306
7687, -3.9387797647655680, 0.0520087591859021, 18.9998000000000005, 0.4524545657519523
7688, -4.0084893630769116, 3.9031446831763463, 16.4911600244651737, 0.4294268691726890
7689, -6.0168901096740814, -9.9994535501065638, 7.4784810318458979, 0.4523941938512456
7690, 8.0172592376300429, -3.2478685445170017, -17.3934627803547990, 0.4548110859462847
7691, 8.9332473032095141, -9.9996141556835365, 6.1289183216242566, 0.4407790392928401
7692, 9.5798696778706454, -4.2995476206963321, 9.9995393142035010, 0.4353841716572167
7693, -6.9040624660985701, 3.8238239114626102, 4.6469341384173184, 0.4282699519699769
7694, -3.5213620003913726, -4.5492980146306365, -12.0950298172580819, 0.4344985554578361
7695, -6.9584749049077876, -1.7228852992015491, 9.9995700065707780, 0.4275249904482734
7696, 2.1840857112251237, 7.0075963792891951, -10.0219371310154131, 0.4746453917235426
7697, 0.4893118649095945, -6.8796930292251410, 16.4229968946244327, 0.4344597626980130
7698, -2.8560219754356861, 9.9995435787759614, 5.6110133077831348, 0.4355322141986072
7699, 11.1447830447438072, -0.9297793808190696, -9.9995146991310442, 0.4300977098878151
7700, 10.6089477691384513, 5.9960732408686397, -0.3763479222673124, 0.4542854234336799
7701, 10.4084532393405915, 4.3579814075265055, -9.9994523092606915, 0.4557433549849857
7702, -8.1994971362628508, 6.6674124658987601, 7.3139871688186178, 0.4369353382375111
7703, 2.7881438140459807, -6.9271966617123191, 14.1458148752896449, 0.4533344179492592
7704, 9.3142979721115058, 9.9996338026412825, 5.0552550447394928, 0.4334882542820789
7705, -2.9832773867245037, 9.9994712525535103, -4.6103744704591936, 0.4507462460423818
7706, 8.4154896298400210, -4.2456154506987343, 4.2454528016390460, 0.4502302770043598
7707, 7.3508803454218778, 4.8805716991408143, -3.5169183767215042, 0.4496917101868472
7708, 5.6398009911048277, 6.0900782156839579, 4.6425693858751647, 0.4253643033310097
7709, 10.5634900972295966, -5.5235884255807592, -2.3328500267003345, 0.4236800720706507
7710, 11.7996977884898779, 9.9728570460711552, 0.3767740288686082, 0.4450524954860298
7711, -3.7292408791703608, 8.8275492427386002, -2.3261103829483569, 0.4625835612496600
7712, 4.2390611128703819, 3.1861807385231122, 5.4832238858589566, 0.4466888999399563
7713, -8.1994803386944266, -3.9114524468894665, -9.3859271600204153, 0.4266886833252013
7714, 5.6537063037576463, 9.9997300139155243, 5.4581753168803600, 0.4522017769942607
7715, -4.3447430833511156, -3.3747072071882158, -12.3470097282167419, 0.4379159700723753
7716, 11.7994633028329279, 7.2941210565861674, 0.1292099128264809, 0.4578066586918408
7717, 7.2030522894981770, 7.9294908609802741, 9.9994608937716709, 0.4420439332541328
7718, -2.2438573911678406, -5.7310405081792917, 12.7772483922889730, 0.4549879167052365
7719, -3.6454594242271869, -3.4287685038775928, -4.9230373825240958, 0.4488750564598452
7720, -2.8097221101475238, -4.3215652920307903, 18.9997946264619308, 0.4538117733204217
7721, 1.8526464027781575, 6.0429859108869577, 6.0149099920584339, 0.4469304596618102
7722, 11.7995000000000001, 8.6868701611118073, 2.3612036337788442, 0.4348091273000395
7723, 9.2741021182389414, -9.9995653635101700, 4.1602188053586993, 0.4297699975673788
7724, 4.0517953345316942, -6.6262594857543986, -13.4579787067841181, 0.4628918217044495
7725, -8.1771949075121686, 2.6396375518185820, 5.3823934312757915, 0.4285475049799816
7726, 3.1909334389674826, 9.3711610984207816, -5.8545759083302231, 0.5042457681907770
7727, 4.4443627240740664, 3.8730168873833319, 18.9998145039361752, 0.4595425258218550
7728, -3.7878589981431645, 3.3760494942190937, -4.9602881835228674, 0.4410920459512842
7729, 8.7953298638241968, -0.0201965150907234, 11.8621580338551489, 0.4456863749842837
7730, 11.7750128979814104, 5.8846645599245733, -9.9992431822089252, 0.4437793551336284
7731, 0.1881566948712850, 2.9602940887432689, -19.0000641067310738, 0.4540769586653928
7732, -3.6671347811619111, -2.8535505758148534, -5.2826438159869040, 0.4389505035609195
7733, 11.7994495235906545, 1.4873825403052954, -7.2208717560486617, 0.4440490106283818
7734, 4.9448396040887488, -9.9994959096283331, 9.3487646886433762, 0.4298887280075383
7735, -5.5417730024250256, -7.7159580278655095, 9.9994229268263641, 0.4574693433797535
7736, 7.9957346161042633, -8.0498437933625997, 9.9994782691724033, 0.4484047811262746
7737, 11.1415109287790042, -5.0025841602356627, -3.3107689666983755, 0.4195809955301185
7738, 9.8496414835324781, -0.0241521176898722, 5.9964605292517108, 0.4352028887524695
7739, 1.4027510528954217, -1.0404896571036442, -19.0000480664837106, 0.4605615323192510
7740, -8.1995436948275682, 8.8079336433715039, -4.3738800193876051, 0.4288142324958691
7741, -1.9572858764040049, 9.9996779030825902, -6.3408921802609646, 0.4310260502456804
7742, -0.7110599249062853, -6.5316756340596998, -18.9761400835052498, 0.4382890629518212
7743, 7.8869181262930113, 3.4657289907315771, 18.3809131865701794, 0.4622606746270524
7744, 4.5256771964794877, -4.3314864281295664, 18.9999943778749909, 0.4449537012805067
7745, -1.6929052134542408, 9.3553637024207017, 4.9016262700871307, 0.4540136005819626
7746, -3.2783249847027260, 3.7623585047847543, 18.9996658859480867, 0.4594557716090229
7747, -5.6556789507619989, 9.9995477658863070, -4.9520412848567421, 0.4464891212407235
7748, -3.8743747744668999, -4.1074711649794242, 17.8442037666517912, 0.4352254341798537
7749, 5.7115224197699233, -3.6575125883127462, -18.9999194879209803, 0.4586221369246386
7750, 5.4745458096025521, -4.5634198386526998, 4.7369481676649219, 0.4848288362358216
7751, -2.2315957793725607, -0.7657541112827952, -5.9807014635276827, 0.4336508489663914
7752, -5.0450463586928933, 1.5020070698260775, -13.4293037454932556, 0.4682916157602999
7753, 9.3111792999988356, 9.9995180893287809, 7.5194780733249269, 0.4231158295719065
7754, -1.4649389253520968, -8.4792461396036032, 5.0568928225393330, 0.4471755690914226
7755, 11.7996237573100906, -9.9729538010512577, -6.3276877311052937, 0.4482898624653877
7756, 2.7666293276307328, -6.7584574054424360, 5.9173087399314781, 0.4266386125512435
7757, 7.1873369644568328, -4.4662033841237960, 15.4790419918571072, 0.4420869038994659
7758, -4.8988912963935167, -2.0249183152904613, -16.3790146238685566, 0.4463196850909080
7759, 9.4521896452655945, -2.8443765062758182, -9.9996605318080238, 0.4295320976919238
7760, 7.2371458224826331, 2.0186191968396923, -5.6804965529979539, 0.4584870235273030
7761, 2.7462274792122416, 2.9806886642646386, -18.9999489989261932, 0.4298152930230831
7762, -0.7229796143211537, -6.5306158307076050, 11.2916966971785833, 0.4539692133706788
7763, -8.1995018965695241, 4.6424617503000993, 8.6410581039152436, 0.4418579946820537
7764, 8.2766981678400562, 4.1791558097306574, 4.3091996471561744, 0.4443493063211787
7765, -4.3162090796129036, 3.4366500810028056, 12.0188405248912389, 0.4467198538728753
7766, -1.8061895560513657, -8.6958229592932046, -9.9994654126879503, 0.4320095274567271
7767, -8.1994623239914173, -9.3267172519017674, -5.2762368639068304, 0.4782543283066043
7768, -7.5602848723858891, 9.9995636958108278, -7.6183104192141524, 0.4282114358277121
7769, 4.2746211596753145, -8.6730681030522501, -9.9995021503545196, 0.4319541581313788
7770, 5.0775912646496018, 6.1847410706126222, 16.4442460663730650, 0.4373555019252428
7771, -2.6803142553683181, -7.3895816512542423, 3.9853967758731002, 0.4888662947948907
7772, -3.6414774143709217, -9.3620070961461366, 2.5459326528686965, 0.4683348146535698
7773, 2.7642621013612048, 2.2147874952371343, 5.9159818390400964, 0.4327794268959149
7774, 11.7994507086642457, -5.5379517811617669, -5.6838969435810522, 0.4442075002383731
7775, 11.0219985911843121, -6.7169921193293494, -9.9993480404927766, 0.4458147773032550
7776, 0.7337589140902273, -4.6423385031008673, 5.9340189755715738, 0.4973410861887138
7777, 11.7993785147392032, -7.8738319083276016, 7.7922826955561426, 0.4593084513350056
7778, 3.3340794518027597, 6.8796821744170877, -9.9999454326374213, 0.4478368549520867
7779, -2.9721131236257801, -4.0776452000039978, -4.4147776796466331, 0.4334991974691509
7780, -2.6875999789859821, 5.3716908468227267, 16.9661386505037193, 0.4964723911807585
7781, 0.8911520037391669, 7.9097165313102247, -9.9996950574579415, 0.4828201297865024
7782, -8.1995115374810297, -2.8704408485110235, -8.5515277942696866, 0.4472918606121383
7783, 2.3866542622382911, 8.6778420960422888, 5.9783292974334081, 0.4282409604657395
7784, -0.0749208909045379, 6.7417641524831255, 18.3591390830488663, 0.4640493098102140
7785, 11.7994454509588227, 9.3373674332431289, 6.8683832068354906, 0.4676083763047935
7786, -2.4175963971685270, 5.0283105428975272, -4.2801712085495787, 0.4382854223874299
7787, -8.1994911752624375, 6.7783332269927810, 6.1315457329113396, 0.4489051825940269
7788, -7.5358420587895552, -5.9715045788440522, 0.7956150534767795, 0.4630733904447334
7789, 8.3009677265355304, 5.8991650849449924, 1.1865498469574272, 0.4802593917939488
7790, -4.1806718039252688, -7.3774138842570771, 0.6794491195453261, 0.4569875758867234
7791, 7.8424479959488540, 3.5308607855407663, -16.2647375178196683, 0.4386630261156932
7792, -8.1995572606216971, 8.6486571438756208, -6.5648878085266791, 0.4432072973254169
7793, 3.2125623400738221, 8.0891199246182026, 9.9996390282734122, 0.4420501849457369
7794, 4.9106344208753159, 0.5322270687708167, -5.9973060118212134, 0.4352967545966010
7795, -3.3739062871837655, -9.9996440550089307, 6.0261750985890501, 0.4210632313649904
7796, -2.3956892008519599, 2.9176865169121511, 18.9998695533905959, 0.4297694621732401
7797, 8.5418221083257233, 1.9220263138622287, 11.3270552655859245, 0.4400885106665173
7798, 7.0928994515228974, 7.4814458260674668, -2.8227655069484578, 0.4474477222655920
7799, 4.6428675550939147, 7.8877046418369776, 9.9995313379291293, 0.4524149251450194
7800, -6.1102317456645734, -9.9996106579487929, 3.9890390907629318, 0.4506543192503484
7801, -4.7155052438502620, -2.5936004690236474, -11.3141202236851708, 0.4251312032694815
7802, 7.4772763726695777, 4.1103029432826546, -14.1361649065751660, 0.4348410614776895
7803, -1.1644568664027519, -2.1352601245063458, 5.6293035260442643, 0.4607099279255805
7804, 3.5625668283029612, 2.7591233233191388, 18.9999370045628382, 0.4407619003157466
7805, -0.3387234866270155, -9.9996374332456401, -6.3251328748340496, 0.4587253265411868
7806, 8.6062630114352920, -5.3761585162839207, 2.6598385559113891, 0.4429090840186019
7807, 9.6055728152350515, -3.8759830269443141, 4.6078405499208550, 0.4600827999748855
7808, 2.8818195670836335, 6.9168858933540216, -14.5559409663340134, 0.4539394679988266
7809, 4.2941104587011498, -7.2780038587890052, 9.9996314974059448, 0.4470280749036256
7810, 3.8653675888281596, -1.4467918483138729, 19.0000989999999987, 0.4437225310731176
7811, 2.7594307321920493, -9.4366016642437618, 5.9319075222654014, 0.4229912439121817
7812, 11.7995000000000001, 7.6840727863312237, 3.9310535810916303, 0.4340191438886027
7813, -8.1995226021914878, 0.7872431912053328, 9.3029296925429481, 0.4362352260842166
7814, 1.0864986799609342, 7.0219391766580896, -9.9999820889766298, 0.4828201297865011
7815, 9.1501877596089614, -4.2720735103030893, 4.2065481742659188, 0.4364451692691098
7816, -0.6143351346032323, -9.9995083706134356, 8.7714323666777325, 0.4623119576087811
7817, 8.3138808668954081, -9.9994377057475816, -7.9505289301197353, 0.4689826921888851
7818, 8.7457108875750595, -0.9517095438955044, 10.6662246030708943, 0.4334692066774006
7819, 7.1274693307096273, 4.5391638751671097, 16.9637503743566320, 0.4214808384437976
7820, 3.3938367647215859, -6.8333548279042073, -13.0877034101542034, 0.4392435807073942
7821, 8.5178573816209795, -5.9967482515594952, 0.0919927839217859, 0.4447934734868734
7822, -2.7324989964767474, -5.3335574343444581, 12.5010940903519980, 0.4426236124382894
7823, -5.8327273741391528, 7.3231447272272749, -9.9993725777004787, 0.4461297017316033
7824, 2.9083630213650173, -6.9120923514766961, 13.3705717499794687, 0.4582599654438810
7825, 7.4700654718175725, 2.8394283454655138, -19.0000225713307884, 0.4472156197149471
7826, 0.5905210974977412, 8.0582322106084217, 5.8977260943939775, 0.4261334048064138
7827, -6.9465434222355356, -9.9723543681570099, -9.9994928444142293, 0.4586766109898407
7828, 4.2164030346004253, -8.7927569100374861, 9.9994573534390536, 0.4741682223432749
7829, 3.7275593283665684, -1.8962743365576664, 5.7076331090321801, 0.4154839067252652
7830, 11.7995999999999999, 5.8642146426511568, -1.3518360655566908, 0.4637525207296878
7831, -8.1994752079709219, -6.0423185633523548, 4.0607322578448102, 0.4503774677172618
7832, -4.2396590565702965, -3.5663735180130556, 14.0044426614788637, 0.4464662110855782
7833, -6.2619356944901794, -0.1860540998568659, 5.9907566022653596, 0.4375288577846665
7834, 10.3977509792589782, -6.8491471494934126, 9.9993536180847755, 0.4608766378526174
7835, 9.3799316800059813, 5.7957601351403873, 9.9995135200955598, 0.4411297487732580
7836, -1.9960347702353842, 5.8811956876409006, 12.5890812448639160, 0.4318570447161951
7837, 11.7995461691422410, -1.2902573142080536, 9.9773465880918355, 0.4385240989611588
7838, 8.0571064008246704, -7.4156842901441129, -9.9993997419433871, 0.4282425502925788
7839, 11.7994369456452635, 1.9202150715107302, -7.8451574832160267, 0.4741680307177547
7840, -6.3886978368131340, 5.2322861448920843, 2.9807010476261335, 0.4500551546680660
7841, -3.0610766515247549, -8.7389946917954955, -3.5392422326298574, 0.4421697598927257
7842, -3.6652219911762232, -4.3939570611914123, -18.3304642755697813, 0.4680521846418582
7843, -5.6874958211217796, -9.9996263274510344, -2.5717463216011520, 0.4484181316089005
7844, 0.7273269393537647, -8.7285452123777318, -5.9327169155479771, 0.4592763808464813
7845, -5.1928860241451655, 0.6329085084135998, 11.9181928809870694, 0.4268910575699688
7846, 1.6834977199514614, -4.4819093424948857, -19.0000588673709139, 0.4635224433366475
7847, -8.1779684606527052, 4.3850380485391591, -9.9994977304775663, 0.4678628133902776
7848, -3.1998606321436833, 7.1813035474188389, 3.3168778882877743, 0.4440783472577485
7849, -5.1994302391431120, 0.0544999725285360, -11.3033978422849160, 0.4225651052463406
7850, 6.5396084440562658, -0.6208241272776927, 5.9931579974744942, 0.4470015646820189
7851, 11.7994073641608281, -6.7189767661010507, -0.3819091043284895, 0.4435742801855294
7852, 8.6498712265744331, 1.4243591986083139, 14.4915486558556594, 0.4406445062683737
7853, 5.6764177421718562, -7.3126068455825486, -9.9995500150683920, 0.4236805060175534
7854, 8.5135748389048818, -2.0236531523557688, 10.0234612401124838, 0.4313493634194960
7855, 9.9615576395797820, 0.9356421013543519, 9.9997171290508522, 0.4618277534444359
7856, -3.6978241175353328, 9.9995469762732494, -7.7641617993767946, 0.4720485305095076
7857, 4.1960391442018272, -3.2577590175825217, -5.4966697233374306, 0.4609320671618625
7858, 11.7994972368062481, -4.6677550179116221, -7.5136443699379365, 0.4245227525483881
7859, 0.6005431484395610, 6.9066769218772972, -13.8500636732480071, 0.4291555447736021
7860, 11.7995869631294283, -8.6525742608038900, -1.0747272426700638, 0.4457377181850904
7861, -8.1995020159585064, -5.2757137122739151, -6.7755150646384585, 0.4330926825587637
7862, -3.8554590367258785, -4.1274804529018052, 15.1455635328463423, 0.4367367637487560
7863, 1.0677242819516215, -0.4592875694890663, 19.0000719644473932, 0.4562968634707001
7864, 0.1276591340006021, 5.6365517184791880, 5.7575300735203205, 0.4454109450296291
7865, 1.2158632911918454, -7.6231939807291553, -9.9999051943523867, 0.4227379588233339
7866, -2.2684487918418665, 9.9994621156223626, -9.9742596530553396, 0.4429358992096881
7867, -6.9822615399427006, 0.8575438276184779, 9.9996391070319426, 0.4848420702325987
7868, 1.1129898825879978, 2.0305245617233996, -19.0000658558770752, 0.4301142357734030
7869, -1.3721921992856625, 3.9416637053709653, 18.9999074002213781, 0.4382312594951981
7870, -7.5285621141731527, 9.9994072441179913, -2.3886325482180628, 0.4368985953248737
7871, -2.9844211960721458, 6.1050106936995441, 3.6196296755158830, 0.4431362653590942
7872, 5.4906136915084822, -1.0574686437974754, -19.0000469270771895, 0.4287307028539583
7873, -5.0164983843646835, -1.6142789254352001, -10.6816961311892378, 0.4232876255001977
7874, -0.0984045596263240, 6.7486840656068843, -12.6081356483177061, 0.4534021993365785
7875, 11.7995113756650056, 0.7063654351837244, 7.3217601865611970, 0.4335834064682177
7876, 4.4254613777663900, -2.7190243328752497, 5.4016254167185469, 0.4649049230345124
7877, 6.8435112868855832, 6.4003902072337864, 3.2519347146504947, 0.4240971832324946
7878, 8.9472367481061923, 9.3083859114330227, 9.9994875087443731, 0.4482066591693065
7879, -0.1973347817760459, -2.0069226621218026, -19.0000989999999987, 0.4348802189720720
7880, 1.4674057510846881, 6.9879317458279981, 11.2831722700402448, 0.4235247201836203
7881, -8.1994977344170508, 7.3564010256392383, 7.4807455309180231, 0.4392071659697186
7882, 1.7268344541717084, -9.9999646732779457, 6.0091439362623182, 0.4438160845338887
7883, -0.4341136358557049, -8.0367395292946195, 9.9995731780805492, 0.4433082115683306
7884, 1.1665541588996338, -5.5974068355294344, -18.9999892768819016, 0.4350421145365428
7885, 7.0801474980191470, 4.5957777673054752, 16.2896977099329945, 0.4249697061710384
7886, 6.4559689433566394, 7.6034386151218287, 9.9994873340599124, 0.4368794021439081
7887, 7.7462516473973970, -2.2075720192770083, -18.9999560153622085, 0.4726498413416963
7888, 8.2721375417207330, -2.6633645415869260, 11.3842967503761265, 0.4617445175843111
7889, -6.3062346199786328, -9.9995981572748232, -2.9069857702141375, 0.4642124292093878
7890, -0.4511294607201864, -6.6436763476946705, -11.6680564617992033, 0.4482186377771531
7891, 1.0307813815241800, 0.5332477243571077, -5.9953104508510959, 0.4585952027153675
7892, 10.6232061669322171, 9.9994561780867119, 2.6223942442597163, 0.4558121023051326
7893, 10.5017502363562176, -1.2387164923998781, 9.9995866276536312, 0.4298080313435854
7894, 8.1159157073543469, 9.9995946968300000, 2.4916388679813211, 0.4749923685624556
7895, 0.9571661754162596, 6.1824224047370002, 18.9997358292963590, 0.4671813669411353
7896, 3.8933200720198209, -7.1928146159875954, -5.6173151251028370, 0.4167857179106788
7897, -0.6697671282071946, -7.4641758264459153, 5.4787285136919737, 0.4439848888817990
7898, 11.7994265674252166, 5.9020830927279446, -6.0175149059216446, 0.4550611647532894
7899, -2.7765845374142959, -5.2963916384345593, -14.2909878540702060, 0.4232696687295967
7900, 11.7995586157281345, 1.5032540466378403, -8.5587198367926689, 0.5113523234813179
7901, -3.3885174268267746, 4.6955995836622924, 14.2701979228678830, 0.4519523231206894
7902, -0.3965243656950962, -3.9245344227853840, -5.5955842352182970, 0.4427896341274225
7903, -0.2605586574087753, -6.1388745735209094, 5.6408156349168559, 0.4602143208145045
7904, 0.8130423468537378, 6.9510831413872385, -17.6155593186905683, 0.4685828232667497
7905, -8.1729813045926605, 5.5800893829659444, -2.1777734947409093, 0.4308004160185893
7906, 4.9815233631585896, 9.9996975094065093, -5.8723730565166479, 0.4307294435415555
7907, -3.4111245713730862, 4.6746885704218295, -10.6891467151979267, 0.4471961979472219
7908, -7.6265579652084909, 3.5946025270082562, 9.9996173354880238, 0.4864052341533915
7909, 4.2959895502662091, -9.9996211643308630, 6.1863592016258604, 0.4372566662501160
7910, -2.1942773372128834, 1.7354062485121626, 18.9998903204920460, 0.4404983701708667
7911, -6.9080652211620546, -9.9995233038762095, 6.6901477675714380, 0.4731047833161510
7912, -8.1993084728167922, 8.8466724736267572, -9.3965035356425233, 0.4454687398935062
7913, 9.6466524570976393, 9.9994655322425103, -1.6202521968523358, 0.4659973093952100
7914, 4.5299468509230234, -6.4592388326577517, 17.1491554856750916, 0.4354282441713370
7915, 11.7995073413569642, -5.3224755636328860, -8.5396612189525563, 0.4651224221778184
7916, -8.1995449804576896, -1.9024729199923383, -6.9346443208573998, 0.4783463880144991
7917, -6.5203527667251082, -6.7712939375802872, 9.9993807533060597, 0.4617351223077826
7918, 2.0738677085288506, 7.0142624440243395, -10.7370080154301402, 0.4501414430636044
7919, -8.1996048425883767, 7.2745468883415345, 0.5788512274079289, 0.4430584568828638
7920, 0.7131257603494525, -6.9308334110857945, -11.1505715269658925, 0.4730053755777986
7921, -0.2763397971154072, 6.7265962633807614, 10.0001886748305449, 0.4674364541646894
7922, -7.5570780519519793, 0.2200415939365386, 5.9999860976168655, 0.4633756723335858
7923, 8.1288949911193971, -0.2755801151018721, 18.9998676678250540, 0.4847153785572075
7924, -7.5346033644598709, -5.4986401867550478, -9.9995438861221100, 0.4612820197261088
7925, 11.7995141509151278, 2.5643118457198772, 7.7728145175390937, 0.4532147261714702
7926, 6.3059376387448580, 9.9996257543039846, 6.5379716284987790, 0.4339035195032083
7927, -8.1995473112856487, -8.0087590688658050, -1.4744772042262586, 0.4444082249887822
7928, -5.7345883286321504, 9.9995289146972919, -5.7153402764068852, 0.4285228120886144
7929, -0.3480182453447150, 4.0873811559810891, -19.0000000000000000, 0.4247785990022988
7930, -4.8075698176426176, -5.9928162145578678, 0.6332705799352107, 0.4778261695907025
7931, 11.7995236505574344, -5.8709320216918544, -4.4627546212117473, 0.4842427807032794
7932, -8.1693427507945984, -9.9994528475442426, 1.6065194436795092, 0.4486673751631201
7933, 11.7994000000000003, 8.0111837870597622, -6.4957135597316755, 0.4479076940581694
7934, 2.7689586214051207, 2.8678523698867893, -5.9170435498600797, 0.4417787203627921
7935, 7.1653399627044605, 4.4939089583605343, -18.3074262568556776, 0.4448161594568776
7936, 11.7994424249142185, -6.6207369847129964, 4.5904271378612984, 0.4655487462734686
7937, -3.0768760029875359, 5.0315638808475232, 10.0242105761389677, 0.4398688991094283
7938, 3.0227780634800361, 1.7682414806291991, -19.0000000000000000, 0.4388234255306668
7939, 11.7996425264540079, -9.3178324566994206, 3.3087966731034095, 0.4611240515724472
7940, 9.1963975277901024, 0.2784373050276582, 5.9968494979981504, 0.4375051741290644
7941, -3.6719721527476001, 9.9991999682388570, 2.4935145845179032, 0.4195020928281122
7942, 0.8855695699898711, 9.3886255600301993, -5.9485960876526782, 0.4724651922665664
7943, -2.2616362144404301, -5.7164493631220008, 10.7175307453508655, 0.4576023166173802
7944, 4.4034856389710830, -6.5152430725368724, -14.0330905155378112, 0.4480674658162302
7945, -2.6373855159460766, 5.4152327306943420, -17.7195958458862535, 0.4383676499902476
7946, 7.4637413189620290, 4.1340877933898197, 14.0497223423974908, 0.4322434518164125
7947, -2.4485934488787775, 5.5673026286002134, 14.7504799600201331, 0.4435481827722860
7948, -4.0558762058277740, 8.5248417659201632, 1.3025453261225235, 0.4819684311556949
7949, 2.8740974263882157, -9.9997123224806082, 7.4261757688475871, 0.4400314400255128
7950, -7.4911721849687494, 9.9994112958569623, -0.2927999371463926, 0.4533123596160086
7951, 10.5919325783663290, -9.9767399521183062, -9.9987273512256376, 0.4534376396048827
7952, -5.1742924329758164, 0.7449352981102317, -11.1988219638310689, 0.4813194657124206
7953, -4.5067284562291059, 3.0331567545763072, -12.4418194700038818, 0.4382524059656620
7954, 6.7194759765456933, 1.7226716613424868, -18.9999859907112238, 0.4390208158482354
7955, 7.8398678213013397, -6.0150351754961928, -0.3077413007250742, 0.4314179324346610
7956, 7.5110185598498784, -4.0704302294264911, -18.3480471157702532, 0.4765146928903801
7957, -3.9212631613351925, 9.9995126769612739, 4.6186751729262205, 0.4537646072252887
7958, -8.1995587059500501, -8.5410878368243655, 1.1693654213112279, 0.4508068632529757
7959, 9.1440444315371501, 7.0677547829576932, 9.9994799307421118, 0.4552861105205889
7960, 8.6544272003750375, -2.2880329542218201, 5.5484396308402966, 0.4610505053214949
7961, 11.7997650859988727, 5.6763807922488665, 2.0677325487852904, 0.4386933517339582
7962, 9.9416946828470110, 9.9993589787838193, 9.9771878863407153, 0.4353348815032218
7963, 10.6281687260922624, -2.7106753291343026, -9.9994694884481774, 0.4295108231189987
7964, 3.7353774142237812, 9.9991093547646521, 5.6935271830397207, 0.4551719640303598
7965, -4.9168260973677640, 5.9948145226812404, -0.2734582362153935, 0.4377452397587877
7966, 11.1139348560088855, 1.4124568998439366, 5.8273813461977131, 0.4433270640870582
7967, 8.4940440057420314, 2.1242512054928704, 17.0933805923394821, 0.4311501749439566
7968, 1.3317517674303174, -2.0675628985781480, 19.0000985655837162, 0.4812166218950036
7969, 7.3039957393866048, -4.3216596853529854, 18.3043769932348006, 0.4373380602629566
7970, -1.3427952333992403, -1.3485821752307419, 19.0000050593760790, 0.4289342530739610
7971, 0.9556798771183193, 9.9994734529406379, 8.8387250019742076, 0.4395651598929800
7972, -6.3521408717332788, -9.9994226646184217, 8.0961111384827156, 0.4330510460310540
7973, 4.6311656725898436, 9.9995643392044702, 7.4127953211389137, 0.4546827302275523
7974, 6.4516820720043135, -7.5256771676182099, -3.8002888637699925, 0.4667655343542024
7975, 11.7995466895056520, -4.6505873985840118, 8.5706190944753491, 0.4533849811828718
7976, -8.1995187472820383, 8.6391691846665459, 3.0691584941130059, 0.4238711335623627
7977, 5.2020049759449947, 4.6483854885568041, -18.9998677782452674, 0.4455490918908820
7978, -4.9380421324667827, -1.9022949256134598, -18.3198450741223873, 0.4390858518544581
7979, -2.6631453162951706, -5.3884059422946784, -18.3408010048066714, 0.4619632554163233
7980, 8.9909795090122646, 4.1137773840259237, 4.3820170744852440, 0.4722009810719474
7981, 11.7995000000000001, 6.6420585259072897, 0.3406316748777984, 0.4578066586918407
7982, 6.7858094657661843, -0.8646623532742653, 18.9999288974583713, 0.4325370441328500
7983, -5.0545766681824666, -1.4430884101456263, 14.4822806584197448, 0.4361624816064860
7984, -8.1995174075808546, 8.6739921490691234, 3.7456597386763422, 0.4238711335623601
7985, -5.8015101228692441, 4.8815006081482890, -9.9995321912605313, 0.4343765170679314
7986, 9.3462274870175968, -4.8043514549455537, -3.6090437275840332, 0.4408902715602070
7987, 10.5763048615341102, 4.9872193533789808, 3.3396699326786328, 0.4221352921687931
7988, 10.3302606760860911, -9.9994091512661871, 9.3028987270055534, 0.4307010693549670
7989, 0.7074626079066696, -4.4224446634824863, -5.9341406267883814, 0.4455186838052038
7990, 2.2343023553609771, 7.0081448823404040, 17.4700025813374218, 0.4533787240525713
7991, 11.7994384909324896, 6.0731362384774679, -5.3008817006636777, 0.4473433879145742
7992, -1.3356755689885584, -9.9995656538850923, -7.4442645011320590, 0.4312230504743998
7993, -4.7474828569815211, 5.8842997369089796, 1.1796000414570493, 0.4683291645112294
7994, -5.0005992015010969, -1.7111853857779065, 13.7749749083231094, 0.4498358342366015
7995, -8.1996003162214972, 5.6369737426463207, -4.6345368119902748, 0.4408626268202009
7996, -8.1993766649317763, 8.7450033665299998, 8.7528341177889217, 0.4486782625372858
7997, -1.3049268265811589, -6.2621520508639703, -18.9994276988351558, 0.4629467927031012
7998, 11.7994314633551998, 8.1510041418071175, -3.7525420322499516, 0.4469887303449182
